

Microchip MPLAB XC8 Assembler V3.10 build 20250813170317 
                                                                                               Fri May  1 21:11:20 2026

Microchip MPLAB XC8 C Compiler v3.10 (Free license) build 20250813170317 Og1 
     1                           	processor	18F4550
     2                           	fnconf	rparam,??,?,0
     3                           	pagewidth 120
     4                           	opt	flic
     5                           	psect	smallconst,global,reloc=2,class=SMALLCONST,space=0,delta=1,noexec
     6                           	psect	cinit,global,reloc=2,class=CODE,space=0,delta=1
     7                           	psect	bssCOMRAM,global,class=COMRAM,space=1,delta=1,lowdata,noexec
     8                           	psect	bssBANK0,global,class=BANK0,space=1,delta=1,lowdata,noexec
     9                           	psect	cstackBANK0,global,class=BANK0,space=1,delta=1,lowdata,noexec
    10                           	psect	cstackCOMRAM,global,class=COMRAM,space=1,delta=1,lowdata,noexec
    11                           	psect	text0,global,reloc=2,class=CODE,space=0,delta=1
    12                           	psect	text1,global,reloc=2,class=CODE,space=0,delta=1,group=3
    13                           	psect	text2,global,reloc=2,class=CODE,space=0,delta=1,group=1
    14                           	psect	text3,global,reloc=2,class=CODE,space=0,delta=1,group=1
    15                           	psect	text4,global,reloc=2,class=CODE,space=0,delta=1,group=3
    16                           	psect	text5,global,reloc=2,class=CODE,space=0,delta=1,group=3
    17                           	psect	text6,global,reloc=2,class=CODE,space=0,delta=1,group=3
    18                           	psect	text7,global,reloc=2,class=CODE,space=0,delta=1,group=2
    19                           	psect	text8,global,reloc=2,class=CODE,space=0,delta=1,group=2
    20                           	psect	text9,global,reloc=2,class=CODE,space=0,delta=1
    21                           	psect	text10,global,reloc=2,class=CODE,space=0,delta=1
    22                           	psect	text11,global,reloc=2,class=CODE,space=0,delta=1
    23                           	psect	text12,global,reloc=2,class=CODE,space=0,delta=1
    24                           	psect	text13,global,reloc=2,class=CODE,space=0,delta=1
    25                           	psect	text14,global,reloc=2,class=CODE,space=0,delta=1
    26                           	psect	text15,global,reloc=2,class=CODE,space=0,delta=1
    27                           	psect	text16,global,reloc=2,class=CODE,space=0,delta=1
    28                           	psect	text17,global,reloc=2,class=CODE,space=0,delta=1
    29                           	psect	text18,global,reloc=2,class=CODE,space=0,delta=1
    30                           	psect	text19,global,reloc=2,class=CODE,space=0,delta=1,group=2
    31                           	psect	text20,global,reloc=2,class=CODE,space=0,delta=1
    32                           	psect	text21,global,reloc=2,class=CODE,space=0,delta=1
    33                           	psect	text22,global,reloc=2,class=CODE,space=0,delta=1,group=2
    34                           	psect	text23,global,reloc=2,class=CODE,space=0,delta=1
    35                           	psect	text24,global,reloc=2,class=CODE,space=0,delta=1
    36                           	psect	text25,global,reloc=2,class=CODE,space=0,delta=1
    37                           	psect	text26,global,reloc=2,class=CODE,space=0,delta=1
    38                           	psect	text27,global,reloc=2,class=CODE,space=0,delta=1
    39                           	psect	text28,global,reloc=2,class=CODE,space=0,delta=1
    40                           	psect	text29,global,reloc=2,class=CODE,space=0,delta=1
    41                           	psect	text30,global,reloc=2,class=CODE,space=0,delta=1
    42                           	psect	text31,global,reloc=2,class=CODE,space=0,delta=1
    43                           	psect	text32,global,reloc=2,class=CODE,space=0,delta=1
    44                           	psect	text33,global,reloc=2,class=CODE,space=0,delta=1,group=2
    45                           	psect	text34,global,reloc=2,class=CODE,space=0,delta=1,group=2
    46                           	psect	text35,global,reloc=2,class=CODE,space=0,delta=1,group=2
    47                           	psect	text36,global,reloc=2,class=CODE,space=0,delta=1
    48                           	psect	text37,global,reloc=2,class=CODE,space=0,delta=1
    49                           	psect	text38,global,reloc=2,class=CODE,space=0,delta=1
    50                           	psect	text39,global,reloc=2,class=CODE,space=0,delta=1
    51                           	psect	text40,global,reloc=2,class=CODE,space=0,delta=1
    52                           	psect	text41,global,reloc=2,class=CODE,space=0,delta=1
    53                           	psect	text42,global,reloc=2,class=CODE,space=0,delta=1
    54                           	psect	intsave_regs,global,class=BIGRAM,space=1,delta=1,noexec
    55                           	psect	rparam,global,class=COMRAM,space=1,delta=1,noexec
    56                           	psect	config,global,abs,ovrld,class=CONFIG,space=4,delta=1,noexec
    57   000000                     
    58                           ; Generated 17/01/2025 GMT
    59                           ; 
    60                           ; Copyright © 2025, Microchip Technology Inc. and its subsidiaries ("Microchip")
    61                           ; All rights reserved.
    62                           ; 
    63                           ; This software is developed by Microchip Technology Inc. and its subsidiaries ("Microch
      +                          ip").
    64                           ; 
    65                           ; Redistribution and use in source and binary forms, with or without modification, are
    66                           ; permitted provided that the following conditions are met:
    67                           ; 
    68                           ;     1. Redistributions of source code must retain the above copyright notice, this lis
      +                          t of
    69                           ;        conditions and the following disclaimer.
    70                           ; 
    71                           ;     2. Redistributions in binary form must reproduce the above copyright notice, this 
      +                          list
    72                           ;        of conditions and the following disclaimer in the documentation and/or other
    73                           ;        materials provided with the distribution. Publication is not required when
    74                           ;        this file is used in an embedded application.
    75                           ; 
    76                           ;     3. Microchip's name may not be used to endorse or promote products derived from th
      +                          is
    77                           ;        software without specific prior written permission.
    78                           ; 
    79                           ; THIS SOFTWARE IS PROVIDED BY MICROCHIP "AS IS" AND ANY EXPRESS OR IMPLIED WARRANTIES,
    80                           ; INCLUDING, BUT NOT LIMITED TO, THE IMPLIED WARRANTIES OF MERCHANTABILITY AND FITNESS F
      +                          OR
    81                           ; PURPOSE ARE DISCLAIMED.  IN NO EVENT SHALL MICROCHIP BE LIABLE FOR ANY DIRECT, INDIREC
      +                          T,
    82                           ; INCIDENTAL, SPECIAL, EXEMPLARY, OR CONSEQUENTIAL DAMAGES (INCLUDING BUT NOT LIMITED TO
    83                           ; PROCUREMENT OF SUBSTITUTE GOODS OR SERVICES; LOSS OF USE, DATA OR PROFITS; OR BUSINESS
    84                           ; INTERRUPTION) HOWSOEVER CAUSED AND ON ANY THEORY OF LIABILITY, WHETHER IN CONTRACT, ST
      +                          RICT
    85                           ; LIABILITY, OR TORT (INCLUDING NEGLIGENCE OR OTHERWISE) ARISING IN ANY WAY OUT OF THE U
      +                          SE OF
    86                           ; THIS SOFTWARE, EVEN IF ADVISED OF THE POSSIBILITY OF SUCH DAMAGE.
    87                           ; 
    88                           ; 
    89                           ; Code-generator required, PIC18F4550 Definitions
    90                           ; 
    91                           ; SFR Addresses
    92   000FE0                     bsr             equ	4064
    93   000FE9                     fsr0            equ	4073
    94   000FEA                     fsr0h           equ	4074
    95   000FE9                     fsr0l           equ	4073
    96   000FE1                     fsr1            equ	4065
    97   000FE2                     fsr1h           equ	4066
    98   000FE1                     fsr1l           equ	4065
    99   000FD9                     fsr2            equ	4057
   100   000FDA                     fsr2h           equ	4058
   101   000FD9                     fsr2l           equ	4057
   102   000FEF                     indf0           equ	4079
   103   000FE7                     indf1           equ	4071
   104   000FDF                     indf2           equ	4063
   105   000FF2                     intcon          equ	4082
   106   000000                     nvmcon          equ	0
   107   000FF9                     pcl             equ	4089
   108   000FFA                     pclath          equ	4090
   109   000FFB                     pclatu          equ	4091
   110   000FEB                     plusw0          equ	4075
   111   000FE3                     plusw1          equ	4067
   112   000FDB                     plusw2          equ	4059
   113   000FED                     postdec0        equ	4077
   114   000FE5                     postdec1        equ	4069
   115   000FDD                     postdec2        equ	4061
   116   000FEE                     postinc0        equ	4078
   117   000FE6                     postinc1        equ	4070
   118   000FDE                     postinc2        equ	4062
   119   000FEC                     preinc0         equ	4076
   120   000FE4                     preinc1         equ	4068
   121   000FDC                     preinc2         equ	4060
   122   000FF3                     prod            equ	4083
   123   000FF4                     prodh           equ	4084
   124   000FF3                     prodl           equ	4083
   125   000FD8                     status          equ	4056
   126   000FF5                     tablat          equ	4085
   127   000FF6                     tblptr          equ	4086
   128   000FF7                     tblptrh         equ	4087
   129   000FF6                     tblptrl         equ	4086
   130   000FF8                     tblptru         equ	4088
   131   000FFD                     tosl            equ	4093
   132   000FE8                     wreg            equ	4072
   133   000F62                     SPPDATA         equ	3938	;# 
   134   000F63                     SPPCFG          equ	3939	;# 
   135   000F64                     SPPEPS          equ	3940	;# 
   136   000F65                     SPPCON          equ	3941	;# 
   137   000F66                     UFRM            equ	3942	;# 
   138   000F66                     UFRML           equ	3942	;# 
   139   000F67                     UFRMH           equ	3943	;# 
   140   000F68                     UIR             equ	3944	;# 
   141   000F69                     UIE             equ	3945	;# 
   142   000F6A                     UEIR            equ	3946	;# 
   143   000F6B                     UEIE            equ	3947	;# 
   144   000F6C                     USTAT           equ	3948	;# 
   145   000F6D                     UCON            equ	3949	;# 
   146   000F6E                     UADDR           equ	3950	;# 
   147   000F6F                     UCFG            equ	3951	;# 
   148   000F70                     UEP0            equ	3952	;# 
   149   000F71                     UEP1            equ	3953	;# 
   150   000F72                     UEP2            equ	3954	;# 
   151   000F73                     UEP3            equ	3955	;# 
   152   000F74                     UEP4            equ	3956	;# 
   153   000F75                     UEP5            equ	3957	;# 
   154   000F76                     UEP6            equ	3958	;# 
   155   000F77                     UEP7            equ	3959	;# 
   156   000F78                     UEP8            equ	3960	;# 
   157   000F79                     UEP9            equ	3961	;# 
   158   000F7A                     UEP10           equ	3962	;# 
   159   000F7B                     UEP11           equ	3963	;# 
   160   000F7C                     UEP12           equ	3964	;# 
   161   000F7D                     UEP13           equ	3965	;# 
   162   000F7E                     UEP14           equ	3966	;# 
   163   000F7F                     UEP15           equ	3967	;# 
   164   000F80                     PORTA           equ	3968	;# 
   165   000F81                     PORTB           equ	3969	;# 
   166   000F82                     PORTC           equ	3970	;# 
   167   000F83                     PORTD           equ	3971	;# 
   168   000F84                     PORTE           equ	3972	;# 
   169   000F89                     LATA            equ	3977	;# 
   170   000F8A                     LATB            equ	3978	;# 
   171   000F8B                     LATC            equ	3979	;# 
   172   000F8C                     LATD            equ	3980	;# 
   173   000F8D                     LATE            equ	3981	;# 
   174   000F92                     TRISA           equ	3986	;# 
   175   000F92                     DDRA            equ	3986	;# 
   176   000F93                     TRISB           equ	3987	;# 
   177   000F93                     DDRB            equ	3987	;# 
   178   000F94                     TRISC           equ	3988	;# 
   179   000F94                     DDRC            equ	3988	;# 
   180   000F95                     TRISD           equ	3989	;# 
   181   000F95                     DDRD            equ	3989	;# 
   182   000F96                     TRISE           equ	3990	;# 
   183   000F96                     DDRE            equ	3990	;# 
   184   000F9B                     OSCTUNE         equ	3995	;# 
   185   000F9D                     PIE1            equ	3997	;# 
   186   000F9E                     PIR1            equ	3998	;# 
   187   000F9F                     IPR1            equ	3999	;# 
   188   000FA0                     PIE2            equ	4000	;# 
   189   000FA1                     PIR2            equ	4001	;# 
   190   000FA2                     IPR2            equ	4002	;# 
   191   000FA6                     EECON1          equ	4006	;# 
   192   000FA7                     EECON2          equ	4007	;# 
   193   000FA8                     EEDATA          equ	4008	;# 
   194   000FA9                     EEADR           equ	4009	;# 
   195   000FAB                     RCSTA           equ	4011	;# 
   196   000FAB                     RCSTA1          equ	4011	;# 
   197   000FAC                     TXSTA           equ	4012	;# 
   198   000FAC                     TXSTA1          equ	4012	;# 
   199   000FAD                     TXREG           equ	4013	;# 
   200   000FAD                     TXREG1          equ	4013	;# 
   201   000FAE                     RCREG           equ	4014	;# 
   202   000FAE                     RCREG1          equ	4014	;# 
   203   000FAF                     SPBRG           equ	4015	;# 
   204   000FAF                     SPBRG1          equ	4015	;# 
   205   000FB0                     SPBRGH          equ	4016	;# 
   206   000FB1                     T3CON           equ	4017	;# 
   207   000FB2                     TMR3            equ	4018	;# 
   208   000FB2                     TMR3L           equ	4018	;# 
   209   000FB3                     TMR3H           equ	4019	;# 
   210   000FB4                     CMCON           equ	4020	;# 
   211   000FB5                     CVRCON          equ	4021	;# 
   212   000FB6                     ECCP1AS         equ	4022	;# 
   213   000FB6                     CCP1AS          equ	4022	;# 
   214   000FB7                     ECCP1DEL        equ	4023	;# 
   215   000FB7                     CCP1DEL         equ	4023	;# 
   216   000FB8                     BAUDCON         equ	4024	;# 
   217   000FB8                     BAUDCTL         equ	4024	;# 
   218   000FBA                     CCP2CON         equ	4026	;# 
   219   000FBB                     CCPR2           equ	4027	;# 
   220   000FBB                     CCPR2L          equ	4027	;# 
   221   000FBC                     CCPR2H          equ	4028	;# 
   222   000FBD                     CCP1CON         equ	4029	;# 
   223   000FBD                     ECCP1CON        equ	4029	;# 
   224   000FBE                     CCPR1           equ	4030	;# 
   225   000FBE                     CCPR1L          equ	4030	;# 
   226   000FBF                     CCPR1H          equ	4031	;# 
   227   000FC0                     ADCON2          equ	4032	;# 
   228   000FC1                     ADCON1          equ	4033	;# 
   229   000FC2                     ADCON0          equ	4034	;# 
   230   000FC3                     ADRES           equ	4035	;# 
   231   000FC3                     ADRESL          equ	4035	;# 
   232   000FC4                     ADRESH          equ	4036	;# 
   233   000FC5                     SSPCON2         equ	4037	;# 
   234   000FC6                     SSPCON1         equ	4038	;# 
   235   000FC7                     SSPSTAT         equ	4039	;# 
   236   000FC8                     SSPADD          equ	4040	;# 
   237   000FC9                     SSPBUF          equ	4041	;# 
   238   000FCA                     T2CON           equ	4042	;# 
   239   000FCB                     PR2             equ	4043	;# 
   240   000FCB                     MEMCON          equ	4043	;# 
   241   000FCC                     TMR2            equ	4044	;# 
   242   000FCD                     T1CON           equ	4045	;# 
   243   000FCE                     TMR1            equ	4046	;# 
   244   000FCE                     TMR1L           equ	4046	;# 
   245   000FCF                     TMR1H           equ	4047	;# 
   246   000FD0                     RCON            equ	4048	;# 
   247   000FD1                     WDTCON          equ	4049	;# 
   248   000FD2                     HLVDCON         equ	4050	;# 
   249   000FD2                     LVDCON          equ	4050	;# 
   250   000FD3                     OSCCON          equ	4051	;# 
   251   000FD5                     T0CON           equ	4053	;# 
   252   000FD6                     TMR0            equ	4054	;# 
   253   000FD6                     TMR0L           equ	4054	;# 
   254   000FD7                     TMR0H           equ	4055	;# 
   255   000FD8                     STATUS          equ	4056	;# 
   256   000FD9                     FSR2            equ	4057	;# 
   257   000FD9                     FSR2L           equ	4057	;# 
   258   000FDA                     FSR2H           equ	4058	;# 
   259   000FDB                     PLUSW2          equ	4059	;# 
   260   000FDC                     PREINC2         equ	4060	;# 
   261   000FDD                     POSTDEC2        equ	4061	;# 
   262   000FDE                     POSTINC2        equ	4062	;# 
   263   000FDF                     INDF2           equ	4063	;# 
   264   000FE0                     BSR             equ	4064	;# 
   265   000FE1                     FSR1            equ	4065	;# 
   266   000FE1                     FSR1L           equ	4065	;# 
   267   000FE2                     FSR1H           equ	4066	;# 
   268   000FE3                     PLUSW1          equ	4067	;# 
   269   000FE4                     PREINC1         equ	4068	;# 
   270   000FE5                     POSTDEC1        equ	4069	;# 
   271   000FE6                     POSTINC1        equ	4070	;# 
   272   000FE7                     INDF1           equ	4071	;# 
   273   000FE8                     WREG            equ	4072	;# 
   274   000FE9                     FSR0            equ	4073	;# 
   275   000FE9                     FSR0L           equ	4073	;# 
   276   000FEA                     FSR0H           equ	4074	;# 
   277   000FEB                     PLUSW0          equ	4075	;# 
   278   000FEC                     PREINC0         equ	4076	;# 
   279   000FED                     POSTDEC0        equ	4077	;# 
   280   000FEE                     POSTINC0        equ	4078	;# 
   281   000FEF                     INDF0           equ	4079	;# 
   282   000FF0                     INTCON3         equ	4080	;# 
   283   000FF1                     INTCON2         equ	4081	;# 
   284   000FF2                     INTCON          equ	4082	;# 
   285   000FF3                     PROD            equ	4083	;# 
   286   000FF3                     PRODL           equ	4083	;# 
   287   000FF4                     PRODH           equ	4084	;# 
   288   000FF5                     TABLAT          equ	4085	;# 
   289   000FF6                     TBLPTR          equ	4086	;# 
   290   000FF6                     TBLPTRL         equ	4086	;# 
   291   000FF7                     TBLPTRH         equ	4087	;# 
   292   000FF8                     TBLPTRU         equ	4088	;# 
   293   000FF9                     PCLAT           equ	4089	;# 
   294   000FF9                     PC              equ	4089	;# 
   295   000FF9                     PCL             equ	4089	;# 
   296   000FFA                     PCLATH          equ	4090	;# 
   297   000FFB                     PCLATU          equ	4091	;# 
   298   000FFC                     STKPTR          equ	4092	;# 
   299   000FFD                     TOS             equ	4093	;# 
   300   000FFD                     TOSL            equ	4093	;# 
   301   000FFE                     TOSH            equ	4094	;# 
   302   000FFF                     TOSU            equ	4095	;# 
   303   000F62                     SPPDATA         equ	3938	;# 
   304   000F63                     SPPCFG          equ	3939	;# 
   305   000F64                     SPPEPS          equ	3940	;# 
   306   000F65                     SPPCON          equ	3941	;# 
   307   000F66                     UFRM            equ	3942	;# 
   308   000F66                     UFRML           equ	3942	;# 
   309   000F67                     UFRMH           equ	3943	;# 
   310   000F68                     UIR             equ	3944	;# 
   311   000F69                     UIE             equ	3945	;# 
   312   000F6A                     UEIR            equ	3946	;# 
   313   000F6B                     UEIE            equ	3947	;# 
   314   000F6C                     USTAT           equ	3948	;# 
   315   000F6D                     UCON            equ	3949	;# 
   316   000F6E                     UADDR           equ	3950	;# 
   317   000F6F                     UCFG            equ	3951	;# 
   318   000F70                     UEP0            equ	3952	;# 
   319   000F71                     UEP1            equ	3953	;# 
   320   000F72                     UEP2            equ	3954	;# 
   321   000F73                     UEP3            equ	3955	;# 
   322   000F74                     UEP4            equ	3956	;# 
   323   000F75                     UEP5            equ	3957	;# 
   324   000F76                     UEP6            equ	3958	;# 
   325   000F77                     UEP7            equ	3959	;# 
   326   000F78                     UEP8            equ	3960	;# 
   327   000F79                     UEP9            equ	3961	;# 
   328   000F7A                     UEP10           equ	3962	;# 
   329   000F7B                     UEP11           equ	3963	;# 
   330   000F7C                     UEP12           equ	3964	;# 
   331   000F7D                     UEP13           equ	3965	;# 
   332   000F7E                     UEP14           equ	3966	;# 
   333   000F7F                     UEP15           equ	3967	;# 
   334   000F80                     PORTA           equ	3968	;# 
   335   000F81                     PORTB           equ	3969	;# 
   336   000F82                     PORTC           equ	3970	;# 
   337   000F83                     PORTD           equ	3971	;# 
   338   000F84                     PORTE           equ	3972	;# 
   339   000F89                     LATA            equ	3977	;# 
   340   000F8A                     LATB            equ	3978	;# 
   341   000F8B                     LATC            equ	3979	;# 
   342   000F8C                     LATD            equ	3980	;# 
   343   000F8D                     LATE            equ	3981	;# 
   344   000F92                     TRISA           equ	3986	;# 
   345   000F92                     DDRA            equ	3986	;# 
   346   000F93                     TRISB           equ	3987	;# 
   347   000F93                     DDRB            equ	3987	;# 
   348   000F94                     TRISC           equ	3988	;# 
   349   000F94                     DDRC            equ	3988	;# 
   350   000F95                     TRISD           equ	3989	;# 
   351   000F95                     DDRD            equ	3989	;# 
   352   000F96                     TRISE           equ	3990	;# 
   353   000F96                     DDRE            equ	3990	;# 
   354   000F9B                     OSCTUNE         equ	3995	;# 
   355   000F9D                     PIE1            equ	3997	;# 
   356   000F9E                     PIR1            equ	3998	;# 
   357   000F9F                     IPR1            equ	3999	;# 
   358   000FA0                     PIE2            equ	4000	;# 
   359   000FA1                     PIR2            equ	4001	;# 
   360   000FA2                     IPR2            equ	4002	;# 
   361   000FA6                     EECON1          equ	4006	;# 
   362   000FA7                     EECON2          equ	4007	;# 
   363   000FA8                     EEDATA          equ	4008	;# 
   364   000FA9                     EEADR           equ	4009	;# 
   365   000FAB                     RCSTA           equ	4011	;# 
   366   000FAB                     RCSTA1          equ	4011	;# 
   367   000FAC                     TXSTA           equ	4012	;# 
   368   000FAC                     TXSTA1          equ	4012	;# 
   369   000FAD                     TXREG           equ	4013	;# 
   370   000FAD                     TXREG1          equ	4013	;# 
   371   000FAE                     RCREG           equ	4014	;# 
   372   000FAE                     RCREG1          equ	4014	;# 
   373   000FAF                     SPBRG           equ	4015	;# 
   374   000FAF                     SPBRG1          equ	4015	;# 
   375   000FB0                     SPBRGH          equ	4016	;# 
   376   000FB1                     T3CON           equ	4017	;# 
   377   000FB2                     TMR3            equ	4018	;# 
   378   000FB2                     TMR3L           equ	4018	;# 
   379   000FB3                     TMR3H           equ	4019	;# 
   380   000FB4                     CMCON           equ	4020	;# 
   381   000FB5                     CVRCON          equ	4021	;# 
   382   000FB6                     ECCP1AS         equ	4022	;# 
   383   000FB6                     CCP1AS          equ	4022	;# 
   384   000FB7                     ECCP1DEL        equ	4023	;# 
   385   000FB7                     CCP1DEL         equ	4023	;# 
   386   000FB8                     BAUDCON         equ	4024	;# 
   387   000FB8                     BAUDCTL         equ	4024	;# 
   388   000FBA                     CCP2CON         equ	4026	;# 
   389   000FBB                     CCPR2           equ	4027	;# 
   390   000FBB                     CCPR2L          equ	4027	;# 
   391   000FBC                     CCPR2H          equ	4028	;# 
   392   000FBD                     CCP1CON         equ	4029	;# 
   393   000FBD                     ECCP1CON        equ	4029	;# 
   394   000FBE                     CCPR1           equ	4030	;# 
   395   000FBE                     CCPR1L          equ	4030	;# 
   396   000FBF                     CCPR1H          equ	4031	;# 
   397   000FC0                     ADCON2          equ	4032	;# 
   398   000FC1                     ADCON1          equ	4033	;# 
   399   000FC2                     ADCON0          equ	4034	;# 
   400   000FC3                     ADRES           equ	4035	;# 
   401   000FC3                     ADRESL          equ	4035	;# 
   402   000FC4                     ADRESH          equ	4036	;# 
   403   000FC5                     SSPCON2         equ	4037	;# 
   404   000FC6                     SSPCON1         equ	4038	;# 
   405   000FC7                     SSPSTAT         equ	4039	;# 
   406   000FC8                     SSPADD          equ	4040	;# 
   407   000FC9                     SSPBUF          equ	4041	;# 
   408   000FCA                     T2CON           equ	4042	;# 
   409   000FCB                     PR2             equ	4043	;# 
   410   000FCB                     MEMCON          equ	4043	;# 
   411   000FCC                     TMR2            equ	4044	;# 
   412   000FCD                     T1CON           equ	4045	;# 
   413   000FCE                     TMR1            equ	4046	;# 
   414   000FCE                     TMR1L           equ	4046	;# 
   415   000FCF                     TMR1H           equ	4047	;# 
   416   000FD0                     RCON            equ	4048	;# 
   417   000FD1                     WDTCON          equ	4049	;# 
   418   000FD2                     HLVDCON         equ	4050	;# 
   419   000FD2                     LVDCON          equ	4050	;# 
   420   000FD3                     OSCCON          equ	4051	;# 
   421   000FD5                     T0CON           equ	4053	;# 
   422   000FD6                     TMR0            equ	4054	;# 
   423   000FD6                     TMR0L           equ	4054	;# 
   424   000FD7                     TMR0H           equ	4055	;# 
   425   000FD8                     STATUS          equ	4056	;# 
   426   000FD9                     FSR2            equ	4057	;# 
   427   000FD9                     FSR2L           equ	4057	;# 
   428   000FDA                     FSR2H           equ	4058	;# 
   429   000FDB                     PLUSW2          equ	4059	;# 
   430   000FDC                     PREINC2         equ	4060	;# 
   431   000FDD                     POSTDEC2        equ	4061	;# 
   432   000FDE                     POSTINC2        equ	4062	;# 
   433   000FDF                     INDF2           equ	4063	;# 
   434   000FE0                     BSR             equ	4064	;# 
   435   000FE1                     FSR1            equ	4065	;# 
   436   000FE1                     FSR1L           equ	4065	;# 
   437   000FE2                     FSR1H           equ	4066	;# 
   438   000FE3                     PLUSW1          equ	4067	;# 
   439   000FE4                     PREINC1         equ	4068	;# 
   440   000FE5                     POSTDEC1        equ	4069	;# 
   441   000FE6                     POSTINC1        equ	4070	;# 
   442   000FE7                     INDF1           equ	4071	;# 
   443   000FE8                     WREG            equ	4072	;# 
   444   000FE9                     FSR0            equ	4073	;# 
   445   000FE9                     FSR0L           equ	4073	;# 
   446   000FEA                     FSR0H           equ	4074	;# 
   447   000FEB                     PLUSW0          equ	4075	;# 
   448   000FEC                     PREINC0         equ	4076	;# 
   449   000FED                     POSTDEC0        equ	4077	;# 
   450   000FEE                     POSTINC0        equ	4078	;# 
   451   000FEF                     INDF0           equ	4079	;# 
   452   000FF0                     INTCON3         equ	4080	;# 
   453   000FF1                     INTCON2         equ	4081	;# 
   454   000FF2                     INTCON          equ	4082	;# 
   455   000FF3                     PROD            equ	4083	;# 
   456   000FF3                     PRODL           equ	4083	;# 
   457   000FF4                     PRODH           equ	4084	;# 
   458   000FF5                     TABLAT          equ	4085	;# 
   459   000FF6                     TBLPTR          equ	4086	;# 
   460   000FF6                     TBLPTRL         equ	4086	;# 
   461   000FF7                     TBLPTRH         equ	4087	;# 
   462   000FF8                     TBLPTRU         equ	4088	;# 
   463   000FF9                     PCLAT           equ	4089	;# 
   464   000FF9                     PC              equ	4089	;# 
   465   000FF9                     PCL             equ	4089	;# 
   466   000FFA                     PCLATH          equ	4090	;# 
   467   000FFB                     PCLATU          equ	4091	;# 
   468   000FFC                     STKPTR          equ	4092	;# 
   469   000FFD                     TOS             equ	4093	;# 
   470   000FFD                     TOSL            equ	4093	;# 
   471   000FFE                     TOSH            equ	4094	;# 
   472   000FFF                     TOSU            equ	4095	;# 
   473   000F62                     SPPDATA         equ	3938	;# 
   474   000F63                     SPPCFG          equ	3939	;# 
   475   000F64                     SPPEPS          equ	3940	;# 
   476   000F65                     SPPCON          equ	3941	;# 
   477   000F66                     UFRM            equ	3942	;# 
   478   000F66                     UFRML           equ	3942	;# 
   479   000F67                     UFRMH           equ	3943	;# 
   480   000F68                     UIR             equ	3944	;# 
   481   000F69                     UIE             equ	3945	;# 
   482   000F6A                     UEIR            equ	3946	;# 
   483   000F6B                     UEIE            equ	3947	;# 
   484   000F6C                     USTAT           equ	3948	;# 
   485   000F6D                     UCON            equ	3949	;# 
   486   000F6E                     UADDR           equ	3950	;# 
   487   000F6F                     UCFG            equ	3951	;# 
   488   000F70                     UEP0            equ	3952	;# 
   489   000F71                     UEP1            equ	3953	;# 
   490   000F72                     UEP2            equ	3954	;# 
   491   000F73                     UEP3            equ	3955	;# 
   492   000F74                     UEP4            equ	3956	;# 
   493   000F75                     UEP5            equ	3957	;# 
   494   000F76                     UEP6            equ	3958	;# 
   495   000F77                     UEP7            equ	3959	;# 
   496   000F78                     UEP8            equ	3960	;# 
   497   000F79                     UEP9            equ	3961	;# 
   498   000F7A                     UEP10           equ	3962	;# 
   499   000F7B                     UEP11           equ	3963	;# 
   500   000F7C                     UEP12           equ	3964	;# 
   501   000F7D                     UEP13           equ	3965	;# 
   502   000F7E                     UEP14           equ	3966	;# 
   503   000F7F                     UEP15           equ	3967	;# 
   504   000F80                     PORTA           equ	3968	;# 
   505   000F81                     PORTB           equ	3969	;# 
   506   000F82                     PORTC           equ	3970	;# 
   507   000F83                     PORTD           equ	3971	;# 
   508   000F84                     PORTE           equ	3972	;# 
   509   000F89                     LATA            equ	3977	;# 
   510   000F8A                     LATB            equ	3978	;# 
   511   000F8B                     LATC            equ	3979	;# 
   512   000F8C                     LATD            equ	3980	;# 
   513   000F8D                     LATE            equ	3981	;# 
   514   000F92                     TRISA           equ	3986	;# 
   515   000F92                     DDRA            equ	3986	;# 
   516   000F93                     TRISB           equ	3987	;# 
   517   000F93                     DDRB            equ	3987	;# 
   518   000F94                     TRISC           equ	3988	;# 
   519   000F94                     DDRC            equ	3988	;# 
   520   000F95                     TRISD           equ	3989	;# 
   521   000F95                     DDRD            equ	3989	;# 
   522   000F96                     TRISE           equ	3990	;# 
   523   000F96                     DDRE            equ	3990	;# 
   524   000F9B                     OSCTUNE         equ	3995	;# 
   525   000F9D                     PIE1            equ	3997	;# 
   526   000F9E                     PIR1            equ	3998	;# 
   527   000F9F                     IPR1            equ	3999	;# 
   528   000FA0                     PIE2            equ	4000	;# 
   529   000FA1                     PIR2            equ	4001	;# 
   530   000FA2                     IPR2            equ	4002	;# 
   531   000FA6                     EECON1          equ	4006	;# 
   532   000FA7                     EECON2          equ	4007	;# 
   533   000FA8                     EEDATA          equ	4008	;# 
   534   000FA9                     EEADR           equ	4009	;# 
   535   000FAB                     RCSTA           equ	4011	;# 
   536   000FAB                     RCSTA1          equ	4011	;# 
   537   000FAC                     TXSTA           equ	4012	;# 
   538   000FAC                     TXSTA1          equ	4012	;# 
   539   000FAD                     TXREG           equ	4013	;# 
   540   000FAD                     TXREG1          equ	4013	;# 
   541   000FAE                     RCREG           equ	4014	;# 
   542   000FAE                     RCREG1          equ	4014	;# 
   543   000FAF                     SPBRG           equ	4015	;# 
   544   000FAF                     SPBRG1          equ	4015	;# 
   545   000FB0                     SPBRGH          equ	4016	;# 
   546   000FB1                     T3CON           equ	4017	;# 
   547   000FB2                     TMR3            equ	4018	;# 
   548   000FB2                     TMR3L           equ	4018	;# 
   549   000FB3                     TMR3H           equ	4019	;# 
   550   000FB4                     CMCON           equ	4020	;# 
   551   000FB5                     CVRCON          equ	4021	;# 
   552   000FB6                     ECCP1AS         equ	4022	;# 
   553   000FB6                     CCP1AS          equ	4022	;# 
   554   000FB7                     ECCP1DEL        equ	4023	;# 
   555   000FB7                     CCP1DEL         equ	4023	;# 
   556   000FB8                     BAUDCON         equ	4024	;# 
   557   000FB8                     BAUDCTL         equ	4024	;# 
   558   000FBA                     CCP2CON         equ	4026	;# 
   559   000FBB                     CCPR2           equ	4027	;# 
   560   000FBB                     CCPR2L          equ	4027	;# 
   561   000FBC                     CCPR2H          equ	4028	;# 
   562   000FBD                     CCP1CON         equ	4029	;# 
   563   000FBD                     ECCP1CON        equ	4029	;# 
   564   000FBE                     CCPR1           equ	4030	;# 
   565   000FBE                     CCPR1L          equ	4030	;# 
   566   000FBF                     CCPR1H          equ	4031	;# 
   567   000FC0                     ADCON2          equ	4032	;# 
   568   000FC1                     ADCON1          equ	4033	;# 
   569   000FC2                     ADCON0          equ	4034	;# 
   570   000FC3                     ADRES           equ	4035	;# 
   571   000FC3                     ADRESL          equ	4035	;# 
   572   000FC4                     ADRESH          equ	4036	;# 
   573   000FC5                     SSPCON2         equ	4037	;# 
   574   000FC6                     SSPCON1         equ	4038	;# 
   575   000FC7                     SSPSTAT         equ	4039	;# 
   576   000FC8                     SSPADD          equ	4040	;# 
   577   000FC9                     SSPBUF          equ	4041	;# 
   578   000FCA                     T2CON           equ	4042	;# 
   579   000FCB                     PR2             equ	4043	;# 
   580   000FCB                     MEMCON          equ	4043	;# 
   581   000FCC                     TMR2            equ	4044	;# 
   582   000FCD                     T1CON           equ	4045	;# 
   583   000FCE                     TMR1            equ	4046	;# 
   584   000FCE                     TMR1L           equ	4046	;# 
   585   000FCF                     TMR1H           equ	4047	;# 
   586   000FD0                     RCON            equ	4048	;# 
   587   000FD1                     WDTCON          equ	4049	;# 
   588   000FD2                     HLVDCON         equ	4050	;# 
   589   000FD2                     LVDCON          equ	4050	;# 
   590   000FD3                     OSCCON          equ	4051	;# 
   591   000FD5                     T0CON           equ	4053	;# 
   592   000FD6                     TMR0            equ	4054	;# 
   593   000FD6                     TMR0L           equ	4054	;# 
   594   000FD7                     TMR0H           equ	4055	;# 
   595   000FD8                     STATUS          equ	4056	;# 
   596   000FD9                     FSR2            equ	4057	;# 
   597   000FD9                     FSR2L           equ	4057	;# 
   598   000FDA                     FSR2H           equ	4058	;# 
   599   000FDB                     PLUSW2          equ	4059	;# 
   600   000FDC                     PREINC2         equ	4060	;# 
   601   000FDD                     POSTDEC2        equ	4061	;# 
   602   000FDE                     POSTINC2        equ	4062	;# 
   603   000FDF                     INDF2           equ	4063	;# 
   604   000FE0                     BSR             equ	4064	;# 
   605   000FE1                     FSR1            equ	4065	;# 
   606   000FE1                     FSR1L           equ	4065	;# 
   607   000FE2                     FSR1H           equ	4066	;# 
   608   000FE3                     PLUSW1          equ	4067	;# 
   609   000FE4                     PREINC1         equ	4068	;# 
   610   000FE5                     POSTDEC1        equ	4069	;# 
   611   000FE6                     POSTINC1        equ	4070	;# 
   612   000FE7                     INDF1           equ	4071	;# 
   613   000FE8                     WREG            equ	4072	;# 
   614   000FE9                     FSR0            equ	4073	;# 
   615   000FE9                     FSR0L           equ	4073	;# 
   616   000FEA                     FSR0H           equ	4074	;# 
   617   000FEB                     PLUSW0          equ	4075	;# 
   618   000FEC                     PREINC0         equ	4076	;# 
   619   000FED                     POSTDEC0        equ	4077	;# 
   620   000FEE                     POSTINC0        equ	4078	;# 
   621   000FEF                     INDF0           equ	4079	;# 
   622   000FF0                     INTCON3         equ	4080	;# 
   623   000FF1                     INTCON2         equ	4081	;# 
   624   000FF2                     INTCON          equ	4082	;# 
   625   000FF3                     PROD            equ	4083	;# 
   626   000FF3                     PRODL           equ	4083	;# 
   627   000FF4                     PRODH           equ	4084	;# 
   628   000FF5                     TABLAT          equ	4085	;# 
   629   000FF6                     TBLPTR          equ	4086	;# 
   630   000FF6                     TBLPTRL         equ	4086	;# 
   631   000FF7                     TBLPTRH         equ	4087	;# 
   632   000FF8                     TBLPTRU         equ	4088	;# 
   633   000FF9                     PCLAT           equ	4089	;# 
   634   000FF9                     PC              equ	4089	;# 
   635   000FF9                     PCL             equ	4089	;# 
   636   000FFA                     PCLATH          equ	4090	;# 
   637   000FFB                     PCLATU          equ	4091	;# 
   638   000FFC                     STKPTR          equ	4092	;# 
   639   000FFD                     TOS             equ	4093	;# 
   640   000FFD                     TOSL            equ	4093	;# 
   641   000FFE                     TOSH            equ	4094	;# 
   642   000FFF                     TOSU            equ	4095	;# 
   643   000F62                     SPPDATA         equ	3938	;# 
   644   000F63                     SPPCFG          equ	3939	;# 
   645   000F64                     SPPEPS          equ	3940	;# 
   646   000F65                     SPPCON          equ	3941	;# 
   647   000F66                     UFRM            equ	3942	;# 
   648   000F66                     UFRML           equ	3942	;# 
   649   000F67                     UFRMH           equ	3943	;# 
   650   000F68                     UIR             equ	3944	;# 
   651   000F69                     UIE             equ	3945	;# 
   652   000F6A                     UEIR            equ	3946	;# 
   653   000F6B                     UEIE            equ	3947	;# 
   654   000F6C                     USTAT           equ	3948	;# 
   655   000F6D                     UCON            equ	3949	;# 
   656   000F6E                     UADDR           equ	3950	;# 
   657   000F6F                     UCFG            equ	3951	;# 
   658   000F70                     UEP0            equ	3952	;# 
   659   000F71                     UEP1            equ	3953	;# 
   660   000F72                     UEP2            equ	3954	;# 
   661   000F73                     UEP3            equ	3955	;# 
   662   000F74                     UEP4            equ	3956	;# 
   663   000F75                     UEP5            equ	3957	;# 
   664   000F76                     UEP6            equ	3958	;# 
   665   000F77                     UEP7            equ	3959	;# 
   666   000F78                     UEP8            equ	3960	;# 
   667   000F79                     UEP9            equ	3961	;# 
   668   000F7A                     UEP10           equ	3962	;# 
   669   000F7B                     UEP11           equ	3963	;# 
   670   000F7C                     UEP12           equ	3964	;# 
   671   000F7D                     UEP13           equ	3965	;# 
   672   000F7E                     UEP14           equ	3966	;# 
   673   000F7F                     UEP15           equ	3967	;# 
   674   000F80                     PORTA           equ	3968	;# 
   675   000F81                     PORTB           equ	3969	;# 
   676   000F82                     PORTC           equ	3970	;# 
   677   000F83                     PORTD           equ	3971	;# 
   678   000F84                     PORTE           equ	3972	;# 
   679   000F89                     LATA            equ	3977	;# 
   680   000F8A                     LATB            equ	3978	;# 
   681   000F8B                     LATC            equ	3979	;# 
   682   000F8C                     LATD            equ	3980	;# 
   683   000F8D                     LATE            equ	3981	;# 
   684   000F92                     TRISA           equ	3986	;# 
   685   000F92                     DDRA            equ	3986	;# 
   686   000F93                     TRISB           equ	3987	;# 
   687   000F93                     DDRB            equ	3987	;# 
   688   000F94                     TRISC           equ	3988	;# 
   689   000F94                     DDRC            equ	3988	;# 
   690   000F95                     TRISD           equ	3989	;# 
   691   000F95                     DDRD            equ	3989	;# 
   692   000F96                     TRISE           equ	3990	;# 
   693   000F96                     DDRE            equ	3990	;# 
   694   000F9B                     OSCTUNE         equ	3995	;# 
   695   000F9D                     PIE1            equ	3997	;# 
   696   000F9E                     PIR1            equ	3998	;# 
   697   000F9F                     IPR1            equ	3999	;# 
   698   000FA0                     PIE2            equ	4000	;# 
   699   000FA1                     PIR2            equ	4001	;# 
   700   000FA2                     IPR2            equ	4002	;# 
   701   000FA6                     EECON1          equ	4006	;# 
   702   000FA7                     EECON2          equ	4007	;# 
   703   000FA8                     EEDATA          equ	4008	;# 
   704   000FA9                     EEADR           equ	4009	;# 
   705   000FAB                     RCSTA           equ	4011	;# 
   706   000FAB                     RCSTA1          equ	4011	;# 
   707   000FAC                     TXSTA           equ	4012	;# 
   708   000FAC                     TXSTA1          equ	4012	;# 
   709   000FAD                     TXREG           equ	4013	;# 
   710   000FAD                     TXREG1          equ	4013	;# 
   711   000FAE                     RCREG           equ	4014	;# 
   712   000FAE                     RCREG1          equ	4014	;# 
   713   000FAF                     SPBRG           equ	4015	;# 
   714   000FAF                     SPBRG1          equ	4015	;# 
   715   000FB0                     SPBRGH          equ	4016	;# 
   716   000FB1                     T3CON           equ	4017	;# 
   717   000FB2                     TMR3            equ	4018	;# 
   718   000FB2                     TMR3L           equ	4018	;# 
   719   000FB3                     TMR3H           equ	4019	;# 
   720   000FB4                     CMCON           equ	4020	;# 
   721   000FB5                     CVRCON          equ	4021	;# 
   722   000FB6                     ECCP1AS         equ	4022	;# 
   723   000FB6                     CCP1AS          equ	4022	;# 
   724   000FB7                     ECCP1DEL        equ	4023	;# 
   725   000FB7                     CCP1DEL         equ	4023	;# 
   726   000FB8                     BAUDCON         equ	4024	;# 
   727   000FB8                     BAUDCTL         equ	4024	;# 
   728   000FBA                     CCP2CON         equ	4026	;# 
   729   000FBB                     CCPR2           equ	4027	;# 
   730   000FBB                     CCPR2L          equ	4027	;# 
   731   000FBC                     CCPR2H          equ	4028	;# 
   732   000FBD                     CCP1CON         equ	4029	;# 
   733   000FBD                     ECCP1CON        equ	4029	;# 
   734   000FBE                     CCPR1           equ	4030	;# 
   735   000FBE                     CCPR1L          equ	4030	;# 
   736   000FBF                     CCPR1H          equ	4031	;# 
   737   000FC0                     ADCON2          equ	4032	;# 
   738   000FC1                     ADCON1          equ	4033	;# 
   739   000FC2                     ADCON0          equ	4034	;# 
   740   000FC3                     ADRES           equ	4035	;# 
   741   000FC3                     ADRESL          equ	4035	;# 
   742   000FC4                     ADRESH          equ	4036	;# 
   743   000FC5                     SSPCON2         equ	4037	;# 
   744   000FC6                     SSPCON1         equ	4038	;# 
   745   000FC7                     SSPSTAT         equ	4039	;# 
   746   000FC8                     SSPADD          equ	4040	;# 
   747   000FC9                     SSPBUF          equ	4041	;# 
   748   000FCA                     T2CON           equ	4042	;# 
   749   000FCB                     PR2             equ	4043	;# 
   750   000FCB                     MEMCON          equ	4043	;# 
   751   000FCC                     TMR2            equ	4044	;# 
   752   000FCD                     T1CON           equ	4045	;# 
   753   000FCE                     TMR1            equ	4046	;# 
   754   000FCE                     TMR1L           equ	4046	;# 
   755   000FCF                     TMR1H           equ	4047	;# 
   756   000FD0                     RCON            equ	4048	;# 
   757   000FD1                     WDTCON          equ	4049	;# 
   758   000FD2                     HLVDCON         equ	4050	;# 
   759   000FD2                     LVDCON          equ	4050	;# 
   760   000FD3                     OSCCON          equ	4051	;# 
   761   000FD5                     T0CON           equ	4053	;# 
   762   000FD6                     TMR0            equ	4054	;# 
   763   000FD6                     TMR0L           equ	4054	;# 
   764   000FD7                     TMR0H           equ	4055	;# 
   765   000FD8                     STATUS          equ	4056	;# 
   766   000FD9                     FSR2            equ	4057	;# 
   767   000FD9                     FSR2L           equ	4057	;# 
   768   000FDA                     FSR2H           equ	4058	;# 
   769   000FDB                     PLUSW2          equ	4059	;# 
   770   000FDC                     PREINC2         equ	4060	;# 
   771   000FDD                     POSTDEC2        equ	4061	;# 
   772   000FDE                     POSTINC2        equ	4062	;# 
   773   000FDF                     INDF2           equ	4063	;# 
   774   000FE0                     BSR             equ	4064	;# 
   775   000FE1                     FSR1            equ	4065	;# 
   776   000FE1                     FSR1L           equ	4065	;# 
   777   000FE2                     FSR1H           equ	4066	;# 
   778   000FE3                     PLUSW1          equ	4067	;# 
   779   000FE4                     PREINC1         equ	4068	;# 
   780   000FE5                     POSTDEC1        equ	4069	;# 
   781   000FE6                     POSTINC1        equ	4070	;# 
   782   000FE7                     INDF1           equ	4071	;# 
   783   000FE8                     WREG            equ	4072	;# 
   784   000FE9                     FSR0            equ	4073	;# 
   785   000FE9                     FSR0L           equ	4073	;# 
   786   000FEA                     FSR0H           equ	4074	;# 
   787   000FEB                     PLUSW0          equ	4075	;# 
   788   000FEC                     PREINC0         equ	4076	;# 
   789   000FED                     POSTDEC0        equ	4077	;# 
   790   000FEE                     POSTINC0        equ	4078	;# 
   791   000FEF                     INDF0           equ	4079	;# 
   792   000FF0                     INTCON3         equ	4080	;# 
   793   000FF1                     INTCON2         equ	4081	;# 
   794   000FF2                     INTCON          equ	4082	;# 
   795   000FF3                     PROD            equ	4083	;# 
   796   000FF3                     PRODL           equ	4083	;# 
   797   000FF4                     PRODH           equ	4084	;# 
   798   000FF5                     TABLAT          equ	4085	;# 
   799   000FF6                     TBLPTR          equ	4086	;# 
   800   000FF6                     TBLPTRL         equ	4086	;# 
   801   000FF7                     TBLPTRH         equ	4087	;# 
   802   000FF8                     TBLPTRU         equ	4088	;# 
   803   000FF9                     PCLAT           equ	4089	;# 
   804   000FF9                     PC              equ	4089	;# 
   805   000FF9                     PCL             equ	4089	;# 
   806   000FFA                     PCLATH          equ	4090	;# 
   807   000FFB                     PCLATU          equ	4091	;# 
   808   000FFC                     STKPTR          equ	4092	;# 
   809   000FFD                     TOS             equ	4093	;# 
   810   000FFD                     TOSL            equ	4093	;# 
   811   000FFE                     TOSH            equ	4094	;# 
   812   000FFF                     TOSU            equ	4095	;# 
   813   000F62                     SPPDATA         equ	3938	;# 
   814   000F63                     SPPCFG          equ	3939	;# 
   815   000F64                     SPPEPS          equ	3940	;# 
   816   000F65                     SPPCON          equ	3941	;# 
   817   000F66                     UFRM            equ	3942	;# 
   818   000F66                     UFRML           equ	3942	;# 
   819   000F67                     UFRMH           equ	3943	;# 
   820   000F68                     UIR             equ	3944	;# 
   821   000F69                     UIE             equ	3945	;# 
   822   000F6A                     UEIR            equ	3946	;# 
   823   000F6B                     UEIE            equ	3947	;# 
   824   000F6C                     USTAT           equ	3948	;# 
   825   000F6D                     UCON            equ	3949	;# 
   826   000F6E                     UADDR           equ	3950	;# 
   827   000F6F                     UCFG            equ	3951	;# 
   828   000F70                     UEP0            equ	3952	;# 
   829   000F71                     UEP1            equ	3953	;# 
   830   000F72                     UEP2            equ	3954	;# 
   831   000F73                     UEP3            equ	3955	;# 
   832   000F74                     UEP4            equ	3956	;# 
   833   000F75                     UEP5            equ	3957	;# 
   834   000F76                     UEP6            equ	3958	;# 
   835   000F77                     UEP7            equ	3959	;# 
   836   000F78                     UEP8            equ	3960	;# 
   837   000F79                     UEP9            equ	3961	;# 
   838   000F7A                     UEP10           equ	3962	;# 
   839   000F7B                     UEP11           equ	3963	;# 
   840   000F7C                     UEP12           equ	3964	;# 
   841   000F7D                     UEP13           equ	3965	;# 
   842   000F7E                     UEP14           equ	3966	;# 
   843   000F7F                     UEP15           equ	3967	;# 
   844   000F80                     PORTA           equ	3968	;# 
   845   000F81                     PORTB           equ	3969	;# 
   846   000F82                     PORTC           equ	3970	;# 
   847   000F83                     PORTD           equ	3971	;# 
   848   000F84                     PORTE           equ	3972	;# 
   849   000F89                     LATA            equ	3977	;# 
   850   000F8A                     LATB            equ	3978	;# 
   851   000F8B                     LATC            equ	3979	;# 
   852   000F8C                     LATD            equ	3980	;# 
   853   000F8D                     LATE            equ	3981	;# 
   854   000F92                     TRISA           equ	3986	;# 
   855   000F92                     DDRA            equ	3986	;# 
   856   000F93                     TRISB           equ	3987	;# 
   857   000F93                     DDRB            equ	3987	;# 
   858   000F94                     TRISC           equ	3988	;# 
   859   000F94                     DDRC            equ	3988	;# 
   860   000F95                     TRISD           equ	3989	;# 
   861   000F95                     DDRD            equ	3989	;# 
   862   000F96                     TRISE           equ	3990	;# 
   863   000F96                     DDRE            equ	3990	;# 
   864   000F9B                     OSCTUNE         equ	3995	;# 
   865   000F9D                     PIE1            equ	3997	;# 
   866   000F9E                     PIR1            equ	3998	;# 
   867   000F9F                     IPR1            equ	3999	;# 
   868   000FA0                     PIE2            equ	4000	;# 
   869   000FA1                     PIR2            equ	4001	;# 
   870   000FA2                     IPR2            equ	4002	;# 
   871   000FA6                     EECON1          equ	4006	;# 
   872   000FA7                     EECON2          equ	4007	;# 
   873   000FA8                     EEDATA          equ	4008	;# 
   874   000FA9                     EEADR           equ	4009	;# 
   875   000FAB                     RCSTA           equ	4011	;# 
   876   000FAB                     RCSTA1          equ	4011	;# 
   877   000FAC                     TXSTA           equ	4012	;# 
   878   000FAC                     TXSTA1          equ	4012	;# 
   879   000FAD                     TXREG           equ	4013	;# 
   880   000FAD                     TXREG1          equ	4013	;# 
   881   000FAE                     RCREG           equ	4014	;# 
   882   000FAE                     RCREG1          equ	4014	;# 
   883   000FAF                     SPBRG           equ	4015	;# 
   884   000FAF                     SPBRG1          equ	4015	;# 
   885   000FB0                     SPBRGH          equ	4016	;# 
   886   000FB1                     T3CON           equ	4017	;# 
   887   000FB2                     TMR3            equ	4018	;# 
   888   000FB2                     TMR3L           equ	4018	;# 
   889   000FB3                     TMR3H           equ	4019	;# 
   890   000FB4                     CMCON           equ	4020	;# 
   891   000FB5                     CVRCON          equ	4021	;# 
   892   000FB6                     ECCP1AS         equ	4022	;# 
   893   000FB6                     CCP1AS          equ	4022	;# 
   894   000FB7                     ECCP1DEL        equ	4023	;# 
   895   000FB7                     CCP1DEL         equ	4023	;# 
   896   000FB8                     BAUDCON         equ	4024	;# 
   897   000FB8                     BAUDCTL         equ	4024	;# 
   898   000FBA                     CCP2CON         equ	4026	;# 
   899   000FBB                     CCPR2           equ	4027	;# 
   900   000FBB                     CCPR2L          equ	4027	;# 
   901   000FBC                     CCPR2H          equ	4028	;# 
   902   000FBD                     CCP1CON         equ	4029	;# 
   903   000FBD                     ECCP1CON        equ	4029	;# 
   904   000FBE                     CCPR1           equ	4030	;# 
   905   000FBE                     CCPR1L          equ	4030	;# 
   906   000FBF                     CCPR1H          equ	4031	;# 
   907   000FC0                     ADCON2          equ	4032	;# 
   908   000FC1                     ADCON1          equ	4033	;# 
   909   000FC2                     ADCON0          equ	4034	;# 
   910   000FC3                     ADRES           equ	4035	;# 
   911   000FC3                     ADRESL          equ	4035	;# 
   912   000FC4                     ADRESH          equ	4036	;# 
   913   000FC5                     SSPCON2         equ	4037	;# 
   914   000FC6                     SSPCON1         equ	4038	;# 
   915   000FC7                     SSPSTAT         equ	4039	;# 
   916   000FC8                     SSPADD          equ	4040	;# 
   917   000FC9                     SSPBUF          equ	4041	;# 
   918   000FCA                     T2CON           equ	4042	;# 
   919   000FCB                     PR2             equ	4043	;# 
   920   000FCB                     MEMCON          equ	4043	;# 
   921   000FCC                     TMR2            equ	4044	;# 
   922   000FCD                     T1CON           equ	4045	;# 
   923   000FCE                     TMR1            equ	4046	;# 
   924   000FCE                     TMR1L           equ	4046	;# 
   925   000FCF                     TMR1H           equ	4047	;# 
   926   000FD0                     RCON            equ	4048	;# 
   927   000FD1                     WDTCON          equ	4049	;# 
   928   000FD2                     HLVDCON         equ	4050	;# 
   929   000FD2                     LVDCON          equ	4050	;# 
   930   000FD3                     OSCCON          equ	4051	;# 
   931   000FD5                     T0CON           equ	4053	;# 
   932   000FD6                     TMR0            equ	4054	;# 
   933   000FD6                     TMR0L           equ	4054	;# 
   934   000FD7                     TMR0H           equ	4055	;# 
   935   000FD8                     STATUS          equ	4056	;# 
   936   000FD9                     FSR2            equ	4057	;# 
   937   000FD9                     FSR2L           equ	4057	;# 
   938   000FDA                     FSR2H           equ	4058	;# 
   939   000FDB                     PLUSW2          equ	4059	;# 
   940   000FDC                     PREINC2         equ	4060	;# 
   941   000FDD                     POSTDEC2        equ	4061	;# 
   942   000FDE                     POSTINC2        equ	4062	;# 
   943   000FDF                     INDF2           equ	4063	;# 
   944   000FE0                     BSR             equ	4064	;# 
   945   000FE1                     FSR1            equ	4065	;# 
   946   000FE1                     FSR1L           equ	4065	;# 
   947   000FE2                     FSR1H           equ	4066	;# 
   948   000FE3                     PLUSW1          equ	4067	;# 
   949   000FE4                     PREINC1         equ	4068	;# 
   950   000FE5                     POSTDEC1        equ	4069	;# 
   951   000FE6                     POSTINC1        equ	4070	;# 
   952   000FE7                     INDF1           equ	4071	;# 
   953   000FE8                     WREG            equ	4072	;# 
   954   000FE9                     FSR0            equ	4073	;# 
   955   000FE9                     FSR0L           equ	4073	;# 
   956   000FEA                     FSR0H           equ	4074	;# 
   957   000FEB                     PLUSW0          equ	4075	;# 
   958   000FEC                     PREINC0         equ	4076	;# 
   959   000FED                     POSTDEC0        equ	4077	;# 
   960   000FEE                     POSTINC0        equ	4078	;# 
   961   000FEF                     INDF0           equ	4079	;# 
   962   000FF0                     INTCON3         equ	4080	;# 
   963   000FF1                     INTCON2         equ	4081	;# 
   964   000FF2                     INTCON          equ	4082	;# 
   965   000FF3                     PROD            equ	4083	;# 
   966   000FF3                     PRODL           equ	4083	;# 
   967   000FF4                     PRODH           equ	4084	;# 
   968   000FF5                     TABLAT          equ	4085	;# 
   969   000FF6                     TBLPTR          equ	4086	;# 
   970   000FF6                     TBLPTRL         equ	4086	;# 
   971   000FF7                     TBLPTRH         equ	4087	;# 
   972   000FF8                     TBLPTRU         equ	4088	;# 
   973   000FF9                     PCLAT           equ	4089	;# 
   974   000FF9                     PC              equ	4089	;# 
   975   000FF9                     PCL             equ	4089	;# 
   976   000FFA                     PCLATH          equ	4090	;# 
   977   000FFB                     PCLATU          equ	4091	;# 
   978   000FFC                     STKPTR          equ	4092	;# 
   979   000FFD                     TOS             equ	4093	;# 
   980   000FFD                     TOSL            equ	4093	;# 
   981   000FFE                     TOSH            equ	4094	;# 
   982   000FFF                     TOSU            equ	4095	;# 
   983   000F62                     SPPDATA         equ	3938	;# 
   984   000F63                     SPPCFG          equ	3939	;# 
   985   000F64                     SPPEPS          equ	3940	;# 
   986   000F65                     SPPCON          equ	3941	;# 
   987   000F66                     UFRM            equ	3942	;# 
   988   000F66                     UFRML           equ	3942	;# 
   989   000F67                     UFRMH           equ	3943	;# 
   990   000F68                     UIR             equ	3944	;# 
   991   000F69                     UIE             equ	3945	;# 
   992   000F6A                     UEIR            equ	3946	;# 
   993   000F6B                     UEIE            equ	3947	;# 
   994   000F6C                     USTAT           equ	3948	;# 
   995   000F6D                     UCON            equ	3949	;# 
   996   000F6E                     UADDR           equ	3950	;# 
   997   000F6F                     UCFG            equ	3951	;# 
   998   000F70                     UEP0            equ	3952	;# 
   999   000F71                     UEP1            equ	3953	;# 
  1000   000F72                     UEP2            equ	3954	;# 
  1001   000F73                     UEP3            equ	3955	;# 
  1002   000F74                     UEP4            equ	3956	;# 
  1003   000F75                     UEP5            equ	3957	;# 
  1004   000F76                     UEP6            equ	3958	;# 
  1005   000F77                     UEP7            equ	3959	;# 
  1006   000F78                     UEP8            equ	3960	;# 
  1007   000F79                     UEP9            equ	3961	;# 
  1008   000F7A                     UEP10           equ	3962	;# 
  1009   000F7B                     UEP11           equ	3963	;# 
  1010   000F7C                     UEP12           equ	3964	;# 
  1011   000F7D                     UEP13           equ	3965	;# 
  1012   000F7E                     UEP14           equ	3966	;# 
  1013   000F7F                     UEP15           equ	3967	;# 
  1014   000F80                     PORTA           equ	3968	;# 
  1015   000F81                     PORTB           equ	3969	;# 
  1016   000F82                     PORTC           equ	3970	;# 
  1017   000F83                     PORTD           equ	3971	;# 
  1018   000F84                     PORTE           equ	3972	;# 
  1019   000F89                     LATA            equ	3977	;# 
  1020   000F8A                     LATB            equ	3978	;# 
  1021   000F8B                     LATC            equ	3979	;# 
  1022   000F8C                     LATD            equ	3980	;# 
  1023   000F8D                     LATE            equ	3981	;# 
  1024   000F92                     TRISA           equ	3986	;# 
  1025   000F92                     DDRA            equ	3986	;# 
  1026   000F93                     TRISB           equ	3987	;# 
  1027   000F93                     DDRB            equ	3987	;# 
  1028   000F94                     TRISC           equ	3988	;# 
  1029   000F94                     DDRC            equ	3988	;# 
  1030   000F95                     TRISD           equ	3989	;# 
  1031   000F95                     DDRD            equ	3989	;# 
  1032   000F96                     TRISE           equ	3990	;# 
  1033   000F96                     DDRE            equ	3990	;# 
  1034   000F9B                     OSCTUNE         equ	3995	;# 
  1035   000F9D                     PIE1            equ	3997	;# 
  1036   000F9E                     PIR1            equ	3998	;# 
  1037   000F9F                     IPR1            equ	3999	;# 
  1038   000FA0                     PIE2            equ	4000	;# 
  1039   000FA1                     PIR2            equ	4001	;# 
  1040   000FA2                     IPR2            equ	4002	;# 
  1041   000FA6                     EECON1          equ	4006	;# 
  1042   000FA7                     EECON2          equ	4007	;# 
  1043   000FA8                     EEDATA          equ	4008	;# 
  1044   000FA9                     EEADR           equ	4009	;# 
  1045   000FAB                     RCSTA           equ	4011	;# 
  1046   000FAB                     RCSTA1          equ	4011	;# 
  1047   000FAC                     TXSTA           equ	4012	;# 
  1048   000FAC                     TXSTA1          equ	4012	;# 
  1049   000FAD                     TXREG           equ	4013	;# 
  1050   000FAD                     TXREG1          equ	4013	;# 
  1051   000FAE                     RCREG           equ	4014	;# 
  1052   000FAE                     RCREG1          equ	4014	;# 
  1053   000FAF                     SPBRG           equ	4015	;# 
  1054   000FAF                     SPBRG1          equ	4015	;# 
  1055   000FB0                     SPBRGH          equ	4016	;# 
  1056   000FB1                     T3CON           equ	4017	;# 
  1057   000FB2                     TMR3            equ	4018	;# 
  1058   000FB2                     TMR3L           equ	4018	;# 
  1059   000FB3                     TMR3H           equ	4019	;# 
  1060   000FB4                     CMCON           equ	4020	;# 
  1061   000FB5                     CVRCON          equ	4021	;# 
  1062   000FB6                     ECCP1AS         equ	4022	;# 
  1063   000FB6                     CCP1AS          equ	4022	;# 
  1064   000FB7                     ECCP1DEL        equ	4023	;# 
  1065   000FB7                     CCP1DEL         equ	4023	;# 
  1066   000FB8                     BAUDCON         equ	4024	;# 
  1067   000FB8                     BAUDCTL         equ	4024	;# 
  1068   000FBA                     CCP2CON         equ	4026	;# 
  1069   000FBB                     CCPR2           equ	4027	;# 
  1070   000FBB                     CCPR2L          equ	4027	;# 
  1071   000FBC                     CCPR2H          equ	4028	;# 
  1072   000FBD                     CCP1CON         equ	4029	;# 
  1073   000FBD                     ECCP1CON        equ	4029	;# 
  1074   000FBE                     CCPR1           equ	4030	;# 
  1075   000FBE                     CCPR1L          equ	4030	;# 
  1076   000FBF                     CCPR1H          equ	4031	;# 
  1077   000FC0                     ADCON2          equ	4032	;# 
  1078   000FC1                     ADCON1          equ	4033	;# 
  1079   000FC2                     ADCON0          equ	4034	;# 
  1080   000FC3                     ADRES           equ	4035	;# 
  1081   000FC3                     ADRESL          equ	4035	;# 
  1082   000FC4                     ADRESH          equ	4036	;# 
  1083   000FC5                     SSPCON2         equ	4037	;# 
  1084   000FC6                     SSPCON1         equ	4038	;# 
  1085   000FC7                     SSPSTAT         equ	4039	;# 
  1086   000FC8                     SSPADD          equ	4040	;# 
  1087   000FC9                     SSPBUF          equ	4041	;# 
  1088   000FCA                     T2CON           equ	4042	;# 
  1089   000FCB                     PR2             equ	4043	;# 
  1090   000FCB                     MEMCON          equ	4043	;# 
  1091   000FCC                     TMR2            equ	4044	;# 
  1092   000FCD                     T1CON           equ	4045	;# 
  1093   000FCE                     TMR1            equ	4046	;# 
  1094   000FCE                     TMR1L           equ	4046	;# 
  1095   000FCF                     TMR1H           equ	4047	;# 
  1096   000FD0                     RCON            equ	4048	;# 
  1097   000FD1                     WDTCON          equ	4049	;# 
  1098   000FD2                     HLVDCON         equ	4050	;# 
  1099   000FD2                     LVDCON          equ	4050	;# 
  1100   000FD3                     OSCCON          equ	4051	;# 
  1101   000FD5                     T0CON           equ	4053	;# 
  1102   000FD6                     TMR0            equ	4054	;# 
  1103   000FD6                     TMR0L           equ	4054	;# 
  1104   000FD7                     TMR0H           equ	4055	;# 
  1105   000FD8                     STATUS          equ	4056	;# 
  1106   000FD9                     FSR2            equ	4057	;# 
  1107   000FD9                     FSR2L           equ	4057	;# 
  1108   000FDA                     FSR2H           equ	4058	;# 
  1109   000FDB                     PLUSW2          equ	4059	;# 
  1110   000FDC                     PREINC2         equ	4060	;# 
  1111   000FDD                     POSTDEC2        equ	4061	;# 
  1112   000FDE                     POSTINC2        equ	4062	;# 
  1113   000FDF                     INDF2           equ	4063	;# 
  1114   000FE0                     BSR             equ	4064	;# 
  1115   000FE1                     FSR1            equ	4065	;# 
  1116   000FE1                     FSR1L           equ	4065	;# 
  1117   000FE2                     FSR1H           equ	4066	;# 
  1118   000FE3                     PLUSW1          equ	4067	;# 
  1119   000FE4                     PREINC1         equ	4068	;# 
  1120   000FE5                     POSTDEC1        equ	4069	;# 
  1121   000FE6                     POSTINC1        equ	4070	;# 
  1122   000FE7                     INDF1           equ	4071	;# 
  1123   000FE8                     WREG            equ	4072	;# 
  1124   000FE9                     FSR0            equ	4073	;# 
  1125   000FE9                     FSR0L           equ	4073	;# 
  1126   000FEA                     FSR0H           equ	4074	;# 
  1127   000FEB                     PLUSW0          equ	4075	;# 
  1128   000FEC                     PREINC0         equ	4076	;# 
  1129   000FED                     POSTDEC0        equ	4077	;# 
  1130   000FEE                     POSTINC0        equ	4078	;# 
  1131   000FEF                     INDF0           equ	4079	;# 
  1132   000FF0                     INTCON3         equ	4080	;# 
  1133   000FF1                     INTCON2         equ	4081	;# 
  1134   000FF2                     INTCON          equ	4082	;# 
  1135   000FF3                     PROD            equ	4083	;# 
  1136   000FF3                     PRODL           equ	4083	;# 
  1137   000FF4                     PRODH           equ	4084	;# 
  1138   000FF5                     TABLAT          equ	4085	;# 
  1139   000FF6                     TBLPTR          equ	4086	;# 
  1140   000FF6                     TBLPTRL         equ	4086	;# 
  1141   000FF7                     TBLPTRH         equ	4087	;# 
  1142   000FF8                     TBLPTRU         equ	4088	;# 
  1143   000FF9                     PCLAT           equ	4089	;# 
  1144   000FF9                     PC              equ	4089	;# 
  1145   000FF9                     PCL             equ	4089	;# 
  1146   000FFA                     PCLATH          equ	4090	;# 
  1147   000FFB                     PCLATU          equ	4091	;# 
  1148   000FFC                     STKPTR          equ	4092	;# 
  1149   000FFD                     TOS             equ	4093	;# 
  1150   000FFD                     TOSL            equ	4093	;# 
  1151   000FFE                     TOSH            equ	4094	;# 
  1152   000FFF                     TOSU            equ	4095	;# 
  1153   000F62                     SPPDATA         equ	3938	;# 
  1154   000F63                     SPPCFG          equ	3939	;# 
  1155   000F64                     SPPEPS          equ	3940	;# 
  1156   000F65                     SPPCON          equ	3941	;# 
  1157   000F66                     UFRM            equ	3942	;# 
  1158   000F66                     UFRML           equ	3942	;# 
  1159   000F67                     UFRMH           equ	3943	;# 
  1160   000F68                     UIR             equ	3944	;# 
  1161   000F69                     UIE             equ	3945	;# 
  1162   000F6A                     UEIR            equ	3946	;# 
  1163   000F6B                     UEIE            equ	3947	;# 
  1164   000F6C                     USTAT           equ	3948	;# 
  1165   000F6D                     UCON            equ	3949	;# 
  1166   000F6E                     UADDR           equ	3950	;# 
  1167   000F6F                     UCFG            equ	3951	;# 
  1168   000F70                     UEP0            equ	3952	;# 
  1169   000F71                     UEP1            equ	3953	;# 
  1170   000F72                     UEP2            equ	3954	;# 
  1171   000F73                     UEP3            equ	3955	;# 
  1172   000F74                     UEP4            equ	3956	;# 
  1173   000F75                     UEP5            equ	3957	;# 
  1174   000F76                     UEP6            equ	3958	;# 
  1175   000F77                     UEP7            equ	3959	;# 
  1176   000F78                     UEP8            equ	3960	;# 
  1177   000F79                     UEP9            equ	3961	;# 
  1178   000F7A                     UEP10           equ	3962	;# 
  1179   000F7B                     UEP11           equ	3963	;# 
  1180   000F7C                     UEP12           equ	3964	;# 
  1181   000F7D                     UEP13           equ	3965	;# 
  1182   000F7E                     UEP14           equ	3966	;# 
  1183   000F7F                     UEP15           equ	3967	;# 
  1184   000F80                     PORTA           equ	3968	;# 
  1185   000F81                     PORTB           equ	3969	;# 
  1186   000F82                     PORTC           equ	3970	;# 
  1187   000F83                     PORTD           equ	3971	;# 
  1188   000F84                     PORTE           equ	3972	;# 
  1189   000F89                     LATA            equ	3977	;# 
  1190   000F8A                     LATB            equ	3978	;# 
  1191   000F8B                     LATC            equ	3979	;# 
  1192   000F8C                     LATD            equ	3980	;# 
  1193   000F8D                     LATE            equ	3981	;# 
  1194   000F92                     TRISA           equ	3986	;# 
  1195   000F92                     DDRA            equ	3986	;# 
  1196   000F93                     TRISB           equ	3987	;# 
  1197   000F93                     DDRB            equ	3987	;# 
  1198   000F94                     TRISC           equ	3988	;# 
  1199   000F94                     DDRC            equ	3988	;# 
  1200   000F95                     TRISD           equ	3989	;# 
  1201   000F95                     DDRD            equ	3989	;# 
  1202   000F96                     TRISE           equ	3990	;# 
  1203   000F96                     DDRE            equ	3990	;# 
  1204   000F9B                     OSCTUNE         equ	3995	;# 
  1205   000F9D                     PIE1            equ	3997	;# 
  1206   000F9E                     PIR1            equ	3998	;# 
  1207   000F9F                     IPR1            equ	3999	;# 
  1208   000FA0                     PIE2            equ	4000	;# 
  1209   000FA1                     PIR2            equ	4001	;# 
  1210   000FA2                     IPR2            equ	4002	;# 
  1211   000FA6                     EECON1          equ	4006	;# 
  1212   000FA7                     EECON2          equ	4007	;# 
  1213   000FA8                     EEDATA          equ	4008	;# 
  1214   000FA9                     EEADR           equ	4009	;# 
  1215   000FAB                     RCSTA           equ	4011	;# 
  1216   000FAB                     RCSTA1          equ	4011	;# 
  1217   000FAC                     TXSTA           equ	4012	;# 
  1218   000FAC                     TXSTA1          equ	4012	;# 
  1219   000FAD                     TXREG           equ	4013	;# 
  1220   000FAD                     TXREG1          equ	4013	;# 
  1221   000FAE                     RCREG           equ	4014	;# 
  1222   000FAE                     RCREG1          equ	4014	;# 
  1223   000FAF                     SPBRG           equ	4015	;# 
  1224   000FAF                     SPBRG1          equ	4015	;# 
  1225   000FB0                     SPBRGH          equ	4016	;# 
  1226   000FB1                     T3CON           equ	4017	;# 
  1227   000FB2                     TMR3            equ	4018	;# 
  1228   000FB2                     TMR3L           equ	4018	;# 
  1229   000FB3                     TMR3H           equ	4019	;# 
  1230   000FB4                     CMCON           equ	4020	;# 
  1231   000FB5                     CVRCON          equ	4021	;# 
  1232   000FB6                     ECCP1AS         equ	4022	;# 
  1233   000FB6                     CCP1AS          equ	4022	;# 
  1234   000FB7                     ECCP1DEL        equ	4023	;# 
  1235   000FB7                     CCP1DEL         equ	4023	;# 
  1236   000FB8                     BAUDCON         equ	4024	;# 
  1237   000FB8                     BAUDCTL         equ	4024	;# 
  1238   000FBA                     CCP2CON         equ	4026	;# 
  1239   000FBB                     CCPR2           equ	4027	;# 
  1240   000FBB                     CCPR2L          equ	4027	;# 
  1241   000FBC                     CCPR2H          equ	4028	;# 
  1242   000FBD                     CCP1CON         equ	4029	;# 
  1243   000FBD                     ECCP1CON        equ	4029	;# 
  1244   000FBE                     CCPR1           equ	4030	;# 
  1245   000FBE                     CCPR1L          equ	4030	;# 
  1246   000FBF                     CCPR1H          equ	4031	;# 
  1247   000FC0                     ADCON2          equ	4032	;# 
  1248   000FC1                     ADCON1          equ	4033	;# 
  1249   000FC2                     ADCON0          equ	4034	;# 
  1250   000FC3                     ADRES           equ	4035	;# 
  1251   000FC3                     ADRESL          equ	4035	;# 
  1252   000FC4                     ADRESH          equ	4036	;# 
  1253   000FC5                     SSPCON2         equ	4037	;# 
  1254   000FC6                     SSPCON1         equ	4038	;# 
  1255   000FC7                     SSPSTAT         equ	4039	;# 
  1256   000FC8                     SSPADD          equ	4040	;# 
  1257   000FC9                     SSPBUF          equ	4041	;# 
  1258   000FCA                     T2CON           equ	4042	;# 
  1259   000FCB                     PR2             equ	4043	;# 
  1260   000FCB                     MEMCON          equ	4043	;# 
  1261   000FCC                     TMR2            equ	4044	;# 
  1262   000FCD                     T1CON           equ	4045	;# 
  1263   000FCE                     TMR1            equ	4046	;# 
  1264   000FCE                     TMR1L           equ	4046	;# 
  1265   000FCF                     TMR1H           equ	4047	;# 
  1266   000FD0                     RCON            equ	4048	;# 
  1267   000FD1                     WDTCON          equ	4049	;# 
  1268   000FD2                     HLVDCON         equ	4050	;# 
  1269   000FD2                     LVDCON          equ	4050	;# 
  1270   000FD3                     OSCCON          equ	4051	;# 
  1271   000FD5                     T0CON           equ	4053	;# 
  1272   000FD6                     TMR0            equ	4054	;# 
  1273   000FD6                     TMR0L           equ	4054	;# 
  1274   000FD7                     TMR0H           equ	4055	;# 
  1275   000FD8                     STATUS          equ	4056	;# 
  1276   000FD9                     FSR2            equ	4057	;# 
  1277   000FD9                     FSR2L           equ	4057	;# 
  1278   000FDA                     FSR2H           equ	4058	;# 
  1279   000FDB                     PLUSW2          equ	4059	;# 
  1280   000FDC                     PREINC2         equ	4060	;# 
  1281   000FDD                     POSTDEC2        equ	4061	;# 
  1282   000FDE                     POSTINC2        equ	4062	;# 
  1283   000FDF                     INDF2           equ	4063	;# 
  1284   000FE0                     BSR             equ	4064	;# 
  1285   000FE1                     FSR1            equ	4065	;# 
  1286   000FE1                     FSR1L           equ	4065	;# 
  1287   000FE2                     FSR1H           equ	4066	;# 
  1288   000FE3                     PLUSW1          equ	4067	;# 
  1289   000FE4                     PREINC1         equ	4068	;# 
  1290   000FE5                     POSTDEC1        equ	4069	;# 
  1291   000FE6                     POSTINC1        equ	4070	;# 
  1292   000FE7                     INDF1           equ	4071	;# 
  1293   000FE8                     WREG            equ	4072	;# 
  1294   000FE9                     FSR0            equ	4073	;# 
  1295   000FE9                     FSR0L           equ	4073	;# 
  1296   000FEA                     FSR0H           equ	4074	;# 
  1297   000FEB                     PLUSW0          equ	4075	;# 
  1298   000FEC                     PREINC0         equ	4076	;# 
  1299   000FED                     POSTDEC0        equ	4077	;# 
  1300   000FEE                     POSTINC0        equ	4078	;# 
  1301   000FEF                     INDF0           equ	4079	;# 
  1302   000FF0                     INTCON3         equ	4080	;# 
  1303   000FF1                     INTCON2         equ	4081	;# 
  1304   000FF2                     INTCON          equ	4082	;# 
  1305   000FF3                     PROD            equ	4083	;# 
  1306   000FF3                     PRODL           equ	4083	;# 
  1307   000FF4                     PRODH           equ	4084	;# 
  1308   000FF5                     TABLAT          equ	4085	;# 
  1309   000FF6                     TBLPTR          equ	4086	;# 
  1310   000FF6                     TBLPTRL         equ	4086	;# 
  1311   000FF7                     TBLPTRH         equ	4087	;# 
  1312   000FF8                     TBLPTRU         equ	4088	;# 
  1313   000FF9                     PCLAT           equ	4089	;# 
  1314   000FF9                     PC              equ	4089	;# 
  1315   000FF9                     PCL             equ	4089	;# 
  1316   000FFA                     PCLATH          equ	4090	;# 
  1317   000FFB                     PCLATU          equ	4091	;# 
  1318   000FFC                     STKPTR          equ	4092	;# 
  1319   000FFD                     TOS             equ	4093	;# 
  1320   000FFD                     TOSL            equ	4093	;# 
  1321   000FFE                     TOSH            equ	4094	;# 
  1322   000FFF                     TOSU            equ	4095	;# 
  1323   000F62                     SPPDATA         equ	3938	;# 
  1324   000F63                     SPPCFG          equ	3939	;# 
  1325   000F64                     SPPEPS          equ	3940	;# 
  1326   000F65                     SPPCON          equ	3941	;# 
  1327   000F66                     UFRM            equ	3942	;# 
  1328   000F66                     UFRML           equ	3942	;# 
  1329   000F67                     UFRMH           equ	3943	;# 
  1330   000F68                     UIR             equ	3944	;# 
  1331   000F69                     UIE             equ	3945	;# 
  1332   000F6A                     UEIR            equ	3946	;# 
  1333   000F6B                     UEIE            equ	3947	;# 
  1334   000F6C                     USTAT           equ	3948	;# 
  1335   000F6D                     UCON            equ	3949	;# 
  1336   000F6E                     UADDR           equ	3950	;# 
  1337   000F6F                     UCFG            equ	3951	;# 
  1338   000F70                     UEP0            equ	3952	;# 
  1339   000F71                     UEP1            equ	3953	;# 
  1340   000F72                     UEP2            equ	3954	;# 
  1341   000F73                     UEP3            equ	3955	;# 
  1342   000F74                     UEP4            equ	3956	;# 
  1343   000F75                     UEP5            equ	3957	;# 
  1344   000F76                     UEP6            equ	3958	;# 
  1345   000F77                     UEP7            equ	3959	;# 
  1346   000F78                     UEP8            equ	3960	;# 
  1347   000F79                     UEP9            equ	3961	;# 
  1348   000F7A                     UEP10           equ	3962	;# 
  1349   000F7B                     UEP11           equ	3963	;# 
  1350   000F7C                     UEP12           equ	3964	;# 
  1351   000F7D                     UEP13           equ	3965	;# 
  1352   000F7E                     UEP14           equ	3966	;# 
  1353   000F7F                     UEP15           equ	3967	;# 
  1354   000F80                     PORTA           equ	3968	;# 
  1355   000F81                     PORTB           equ	3969	;# 
  1356   000F82                     PORTC           equ	3970	;# 
  1357   000F83                     PORTD           equ	3971	;# 
  1358   000F84                     PORTE           equ	3972	;# 
  1359   000F89                     LATA            equ	3977	;# 
  1360   000F8A                     LATB            equ	3978	;# 
  1361   000F8B                     LATC            equ	3979	;# 
  1362   000F8C                     LATD            equ	3980	;# 
  1363   000F8D                     LATE            equ	3981	;# 
  1364   000F92                     TRISA           equ	3986	;# 
  1365   000F92                     DDRA            equ	3986	;# 
  1366   000F93                     TRISB           equ	3987	;# 
  1367   000F93                     DDRB            equ	3987	;# 
  1368   000F94                     TRISC           equ	3988	;# 
  1369   000F94                     DDRC            equ	3988	;# 
  1370   000F95                     TRISD           equ	3989	;# 
  1371   000F95                     DDRD            equ	3989	;# 
  1372   000F96                     TRISE           equ	3990	;# 
  1373   000F96                     DDRE            equ	3990	;# 
  1374   000F9B                     OSCTUNE         equ	3995	;# 
  1375   000F9D                     PIE1            equ	3997	;# 
  1376   000F9E                     PIR1            equ	3998	;# 
  1377   000F9F                     IPR1            equ	3999	;# 
  1378   000FA0                     PIE2            equ	4000	;# 
  1379   000FA1                     PIR2            equ	4001	;# 
  1380   000FA2                     IPR2            equ	4002	;# 
  1381   000FA6                     EECON1          equ	4006	;# 
  1382   000FA7                     EECON2          equ	4007	;# 
  1383   000FA8                     EEDATA          equ	4008	;# 
  1384   000FA9                     EEADR           equ	4009	;# 
  1385   000FAB                     RCSTA           equ	4011	;# 
  1386   000FAB                     RCSTA1          equ	4011	;# 
  1387   000FAC                     TXSTA           equ	4012	;# 
  1388   000FAC                     TXSTA1          equ	4012	;# 
  1389   000FAD                     TXREG           equ	4013	;# 
  1390   000FAD                     TXREG1          equ	4013	;# 
  1391   000FAE                     RCREG           equ	4014	;# 
  1392   000FAE                     RCREG1          equ	4014	;# 
  1393   000FAF                     SPBRG           equ	4015	;# 
  1394   000FAF                     SPBRG1          equ	4015	;# 
  1395   000FB0                     SPBRGH          equ	4016	;# 
  1396   000FB1                     T3CON           equ	4017	;# 
  1397   000FB2                     TMR3            equ	4018	;# 
  1398   000FB2                     TMR3L           equ	4018	;# 
  1399   000FB3                     TMR3H           equ	4019	;# 
  1400   000FB4                     CMCON           equ	4020	;# 
  1401   000FB5                     CVRCON          equ	4021	;# 
  1402   000FB6                     ECCP1AS         equ	4022	;# 
  1403   000FB6                     CCP1AS          equ	4022	;# 
  1404   000FB7                     ECCP1DEL        equ	4023	;# 
  1405   000FB7                     CCP1DEL         equ	4023	;# 
  1406   000FB8                     BAUDCON         equ	4024	;# 
  1407   000FB8                     BAUDCTL         equ	4024	;# 
  1408   000FBA                     CCP2CON         equ	4026	;# 
  1409   000FBB                     CCPR2           equ	4027	;# 
  1410   000FBB                     CCPR2L          equ	4027	;# 
  1411   000FBC                     CCPR2H          equ	4028	;# 
  1412   000FBD                     CCP1CON         equ	4029	;# 
  1413   000FBD                     ECCP1CON        equ	4029	;# 
  1414   000FBE                     CCPR1           equ	4030	;# 
  1415   000FBE                     CCPR1L          equ	4030	;# 
  1416   000FBF                     CCPR1H          equ	4031	;# 
  1417   000FC0                     ADCON2          equ	4032	;# 
  1418   000FC1                     ADCON1          equ	4033	;# 
  1419   000FC2                     ADCON0          equ	4034	;# 
  1420   000FC3                     ADRES           equ	4035	;# 
  1421   000FC3                     ADRESL          equ	4035	;# 
  1422   000FC4                     ADRESH          equ	4036	;# 
  1423   000FC5                     SSPCON2         equ	4037	;# 
  1424   000FC6                     SSPCON1         equ	4038	;# 
  1425   000FC7                     SSPSTAT         equ	4039	;# 
  1426   000FC8                     SSPADD          equ	4040	;# 
  1427   000FC9                     SSPBUF          equ	4041	;# 
  1428   000FCA                     T2CON           equ	4042	;# 
  1429   000FCB                     PR2             equ	4043	;# 
  1430   000FCB                     MEMCON          equ	4043	;# 
  1431   000FCC                     TMR2            equ	4044	;# 
  1432   000FCD                     T1CON           equ	4045	;# 
  1433   000FCE                     TMR1            equ	4046	;# 
  1434   000FCE                     TMR1L           equ	4046	;# 
  1435   000FCF                     TMR1H           equ	4047	;# 
  1436   000FD0                     RCON            equ	4048	;# 
  1437   000FD1                     WDTCON          equ	4049	;# 
  1438   000FD2                     HLVDCON         equ	4050	;# 
  1439   000FD2                     LVDCON          equ	4050	;# 
  1440   000FD3                     OSCCON          equ	4051	;# 
  1441   000FD5                     T0CON           equ	4053	;# 
  1442   000FD6                     TMR0            equ	4054	;# 
  1443   000FD6                     TMR0L           equ	4054	;# 
  1444   000FD7                     TMR0H           equ	4055	;# 
  1445   000FD8                     STATUS          equ	4056	;# 
  1446   000FD9                     FSR2            equ	4057	;# 
  1447   000FD9                     FSR2L           equ	4057	;# 
  1448   000FDA                     FSR2H           equ	4058	;# 
  1449   000FDB                     PLUSW2          equ	4059	;# 
  1450   000FDC                     PREINC2         equ	4060	;# 
  1451   000FDD                     POSTDEC2        equ	4061	;# 
  1452   000FDE                     POSTINC2        equ	4062	;# 
  1453   000FDF                     INDF2           equ	4063	;# 
  1454   000FE0                     BSR             equ	4064	;# 
  1455   000FE1                     FSR1            equ	4065	;# 
  1456   000FE1                     FSR1L           equ	4065	;# 
  1457   000FE2                     FSR1H           equ	4066	;# 
  1458   000FE3                     PLUSW1          equ	4067	;# 
  1459   000FE4                     PREINC1         equ	4068	;# 
  1460   000FE5                     POSTDEC1        equ	4069	;# 
  1461   000FE6                     POSTINC1        equ	4070	;# 
  1462   000FE7                     INDF1           equ	4071	;# 
  1463   000FE8                     WREG            equ	4072	;# 
  1464   000FE9                     FSR0            equ	4073	;# 
  1465   000FE9                     FSR0L           equ	4073	;# 
  1466   000FEA                     FSR0H           equ	4074	;# 
  1467   000FEB                     PLUSW0          equ	4075	;# 
  1468   000FEC                     PREINC0         equ	4076	;# 
  1469   000FED                     POSTDEC0        equ	4077	;# 
  1470   000FEE                     POSTINC0        equ	4078	;# 
  1471   000FEF                     INDF0           equ	4079	;# 
  1472   000FF0                     INTCON3         equ	4080	;# 
  1473   000FF1                     INTCON2         equ	4081	;# 
  1474   000FF2                     INTCON          equ	4082	;# 
  1475   000FF3                     PROD            equ	4083	;# 
  1476   000FF3                     PRODL           equ	4083	;# 
  1477   000FF4                     PRODH           equ	4084	;# 
  1478   000FF5                     TABLAT          equ	4085	;# 
  1479   000FF6                     TBLPTR          equ	4086	;# 
  1480   000FF6                     TBLPTRL         equ	4086	;# 
  1481   000FF7                     TBLPTRH         equ	4087	;# 
  1482   000FF8                     TBLPTRU         equ	4088	;# 
  1483   000FF9                     PCLAT           equ	4089	;# 
  1484   000FF9                     PC              equ	4089	;# 
  1485   000FF9                     PCL             equ	4089	;# 
  1486   000FFA                     PCLATH          equ	4090	;# 
  1487   000FFB                     PCLATU          equ	4091	;# 
  1488   000FFC                     STKPTR          equ	4092	;# 
  1489   000FFD                     TOS             equ	4093	;# 
  1490   000FFD                     TOSL            equ	4093	;# 
  1491   000FFE                     TOSH            equ	4094	;# 
  1492   000FFF                     TOSU            equ	4095	;# 
  1493                           
  1494                           	psect	smallconst
  1495   000800                     __psmallconst:
  1496                           	callstack 0
  1497   000800  00                 	db	0
  1498   000801                     _font5x7:
  1499                           	callstack 0
  1500   000801  00                 	db	0
  1501   000802  00                 	db	0
  1502   000803  00                 	db	0
  1503   000804  00                 	db	0
  1504   000805  00                 	db	0
  1505   000806  3E                 	db	62
  1506   000807  51                 	db	81
  1507   000808  49                 	db	73
  1508   000809  45                 	db	69
  1509   00080A  3E                 	db	62
  1510   00080B  00                 	db	0
  1511   00080C  42                 	db	66
  1512   00080D  7F                 	db	127
  1513   00080E  40                 	db	64
  1514   00080F  00                 	db	0
  1515   000810  42                 	db	66
  1516   000811  61                 	db	97
  1517   000812  51                 	db	81
  1518   000813  49                 	db	73
  1519   000814  46                 	db	70
  1520   000815  21                 	db	33
  1521   000816  41                 	db	65
  1522   000817  45                 	db	69
  1523   000818  4B                 	db	75
  1524   000819  31                 	db	49
  1525   00081A  18                 	db	24
  1526   00081B  14                 	db	20
  1527   00081C  12                 	db	18
  1528   00081D  7F                 	db	127
  1529   00081E  10                 	db	16
  1530   00081F  27                 	db	39
  1531   000820  45                 	db	69
  1532   000821  45                 	db	69
  1533   000822  45                 	db	69
  1534   000823  39                 	db	57
  1535   000824  3C                 	db	60
  1536   000825  4A                 	db	74
  1537   000826  49                 	db	73
  1538   000827  49                 	db	73
  1539   000828  30                 	db	48
  1540   000829  01                 	db	1
  1541   00082A  71                 	db	113
  1542   00082B  09                 	db	9
  1543   00082C  05                 	db	5
  1544   00082D  03                 	db	3
  1545   00082E  36                 	db	54
  1546   00082F  49                 	db	73
  1547   000830  49                 	db	73
  1548   000831  49                 	db	73
  1549   000832  36                 	db	54
  1550   000833  06                 	db	6
  1551   000834  49                 	db	73
  1552   000835  49                 	db	73
  1553   000836  29                 	db	41
  1554   000837  1E                 	db	30
  1555   000838  7E                 	db	126
  1556   000839  11                 	db	17
  1557   00083A  11                 	db	17
  1558   00083B  11                 	db	17
  1559   00083C  7E                 	db	126
  1560   00083D  7F                 	db	127
  1561   00083E  49                 	db	73
  1562   00083F  49                 	db	73
  1563   000840  49                 	db	73
  1564   000841  36                 	db	54
  1565   000842  3E                 	db	62
  1566   000843  41                 	db	65
  1567   000844  41                 	db	65
  1568   000845  41                 	db	65
  1569   000846  22                 	db	34
  1570   000847  7F                 	db	127
  1571   000848  41                 	db	65
  1572   000849  41                 	db	65
  1573   00084A  22                 	db	34
  1574   00084B  1C                 	db	28
  1575   00084C  7F                 	db	127
  1576   00084D  49                 	db	73
  1577   00084E  49                 	db	73
  1578   00084F  49                 	db	73
  1579   000850  41                 	db	65
  1580   000851  7F                 	db	127
  1581   000852  09                 	db	9
  1582   000853  09                 	db	9
  1583   000854  09                 	db	9
  1584   000855  01                 	db	1
  1585   000856  3E                 	db	62
  1586   000857  41                 	db	65
  1587   000858  49                 	db	73
  1588   000859  49                 	db	73
  1589   00085A  7A                 	db	122
  1590   00085B  7F                 	db	127
  1591   00085C  08                 	db	8
  1592   00085D  08                 	db	8
  1593   00085E  08                 	db	8
  1594   00085F  7F                 	db	127
  1595   000860  00                 	db	0
  1596   000861  41                 	db	65
  1597   000862  7F                 	db	127
  1598   000863  41                 	db	65
  1599   000864  00                 	db	0
  1600   000865  20                 	db	32
  1601   000866  40                 	db	64
  1602   000867  41                 	db	65
  1603   000868  3F                 	db	63
  1604   000869  01                 	db	1
  1605   00086A  7F                 	db	127
  1606   00086B  08                 	db	8
  1607   00086C  14                 	db	20
  1608   00086D  22                 	db	34
  1609   00086E  41                 	db	65
  1610   00086F  7F                 	db	127
  1611   000870  40                 	db	64
  1612   000871  40                 	db	64
  1613   000872  40                 	db	64
  1614   000873  40                 	db	64
  1615   000874  7F                 	db	127
  1616   000875  02                 	db	2
  1617   000876  0C                 	db	12
  1618   000877  02                 	db	2
  1619   000878  7F                 	db	127
  1620   000879  7F                 	db	127
  1621   00087A  04                 	db	4
  1622   00087B  08                 	db	8
  1623   00087C  10                 	db	16
  1624   00087D  7F                 	db	127
  1625   00087E  3E                 	db	62
  1626   00087F  41                 	db	65
  1627   000880  41                 	db	65
  1628   000881  41                 	db	65
  1629   000882  3E                 	db	62
  1630   000883  7F                 	db	127
  1631   000884  09                 	db	9
  1632   000885  09                 	db	9
  1633   000886  09                 	db	9
  1634   000887  06                 	db	6
  1635   000888  3E                 	db	62
  1636   000889  41                 	db	65
  1637   00088A  51                 	db	81
  1638   00088B  21                 	db	33
  1639   00088C  5E                 	db	94
  1640   00088D  7F                 	db	127
  1641   00088E  09                 	db	9
  1642   00088F  19                 	db	25
  1643   000890  29                 	db	41
  1644   000891  46                 	db	70
  1645   000892  46                 	db	70
  1646   000893  49                 	db	73
  1647   000894  49                 	db	73
  1648   000895  49                 	db	73
  1649   000896  31                 	db	49
  1650   000897  01                 	db	1
  1651   000898  01                 	db	1
  1652   000899  7F                 	db	127
  1653   00089A  01                 	db	1
  1654   00089B  01                 	db	1
  1655   00089C  3F                 	db	63
  1656   00089D  40                 	db	64
  1657   00089E  40                 	db	64
  1658   00089F  40                 	db	64
  1659   0008A0  3F                 	db	63
  1660   0008A1  1F                 	db	31
  1661   0008A2  20                 	db	32
  1662   0008A3  40                 	db	64
  1663   0008A4  20                 	db	32
  1664   0008A5  1F                 	db	31
  1665   0008A6  3F                 	db	63
  1666   0008A7  40                 	db	64
  1667   0008A8  38                 	db	56
  1668   0008A9  40                 	db	64
  1669   0008AA  3F                 	db	63
  1670   0008AB  63                 	db	99
  1671   0008AC  14                 	db	20
  1672   0008AD  08                 	db	8
  1673   0008AE  14                 	db	20
  1674   0008AF  63                 	db	99
  1675   0008B0  07                 	db	7
  1676   0008B1  08                 	db	8
  1677   0008B2  70                 	db	112
  1678   0008B3  08                 	db	8
  1679   0008B4  07                 	db	7
  1680   0008B5  61                 	db	97
  1681   0008B6  51                 	db	81
  1682   0008B7  49                 	db	73
  1683   0008B8  45                 	db	69
  1684   0008B9  43                 	db	67
  1685   0008BA  00                 	db	0
  1686   0008BB  00                 	db	0
  1687   0008BC  5F                 	db	95
  1688   0008BD  00                 	db	0
  1689   0008BE  00                 	db	0
  1690   0008BF  00                 	db	0
  1691   0008C0  06                 	db	6
  1692   0008C1  09                 	db	9
  1693   0008C2  09                 	db	9
  1694   0008C3  06                 	db	6
  1695   0008C4  00                 	db	0
  1696   0008C5  00                 	db	0
  1697   0008C6  08                 	db	8
  1698   0008C7  00                 	db	0
  1699   0008C8  00                 	db	0
  1700   0008C9                     __end_of_font5x7:
  1701                           	callstack 0
  1702   007E11                     _GO_nDONE       set	32273
  1703   000F81                     _PORTBbits      set	3969
  1704   000FF1                     _INTCON2bits    set	4081
  1705   000F8A                     _LATBbits       set	3978
  1706   000F93                     _TRISBbits      set	3987
  1707   000FBD                     _CCP1CONbits    set	4029
  1708   000FBE                     _CCPR1L         set	4030
  1709   000FCA                     _T2CON          set	4042
  1710   000FBD                     _CCP1CON        set	4029
  1711   000FCB                     _PR2            set	4043
  1712   000F94                     _TRISCbits      set	3988
  1713   000F8C                     _LATDbits       set	3980
  1714   000FC3                     _ADRESL         set	4035
  1715   000FC4                     _ADRESH         set	4036
  1716   000FC2                     _ADCON0bits     set	4034
  1717   000FC0                     _ADCON2         set	4032
  1718   000FC2                     _ADCON0         set	4034
  1719   000FC1                     _ADCON1         set	4033
  1720   000F8C                     _LATD           set	3980
  1721   000F95                     _TRISD          set	3989
  1722   000F93                     _TRISB          set	3987
  1723   000F92                     _TRISA          set	3986
  1724   000FD3                     _OSCCON         set	4051
  1725   0008C9                     STR_2:
  1726   0008C9  48                 	db	72	;'H'
  1727   0008CA  20                 	db	32
  1728   0008CB  25                 	db	37
  1729   0008CC  64                 	db	100	;'d'
  1730   0008CD  25                 	db	37
  1731   0008CE  25                 	db	37
  1732   0008CF  00                 	db	0
  1733   0008D0                     STR_1:
  1734   0008D0  54                 	db	84	;'T'
  1735   0008D1  20                 	db	32
  1736   0008D2  25                 	db	37
  1737   0008D3  64                 	db	100	;'d'
  1738   0008D4  20                 	db	32
  1739   0008D5  43                 	db	67	;'C'
  1740   0008D6  00                 	db	0
  1741   0008D7                     STR_3:
  1742   0008D7  41                 	db	65	;'A'
  1743   0008D8  20                 	db	32
  1744   0008D9  25                 	db	37
  1745   0008DA  64                 	db	100	;'d'
  1746   0008DB  00                 	db	0
  1747   0008DC                     STR_4:
  1748   0008DC  4C                 	db	76	;'L'
  1749   0008DD  20                 	db	32
  1750   0008DE  25                 	db	37
  1751   0008DF  64                 	db	100	;'d'
  1752   0008E0  00                 	db	0
  1753   0008E1  00                 	db	0	; dummy byte at the end
  1754   000800                     __smallconst    set	__psmallconst
  1755   000800                     __mediumconst   set	__psmallconst
  1756   000001                     __activetblptr  equ	1
  1757                           
  1758                           ; #config settings
  1759                           
  1760                           	psect	cinit
  1761   0021DC                     __pcinit:
  1762                           	callstack 0
  1763   0021DC                     start_initialization:
  1764                           	callstack 0
  1765   0021DC                     __initialization:
  1766                           	callstack 0
  1767                           
  1768                           ; Clear objects allocated to BANK0 (32 bytes)
  1769   0021DC  EE00  F060         	lfsr	0,__pbssBANK0
  1770   0021E0  0E20               	movlw	32
  1771   0021E2                     clear_0:
  1772   0021E2  6AEE               	clrf	postinc0,c
  1773   0021E4  06E8               	decf	wreg,f,c
  1774   0021E6  E1FD               	bnz	clear_0
  1775                           
  1776                           ; Clear objects allocated to COMRAM (11 bytes)
  1777   0021E8  EE00  F04D         	lfsr	0,__pbssCOMRAM
  1778   0021EC  0E0B               	movlw	11
  1779   0021EE                     clear_1:
  1780   0021EE  6AEE               	clrf	postinc0,c
  1781   0021F0  06E8               	decf	wreg,f,c
  1782   0021F2  E1FD               	bnz	clear_1
  1783   0021F4                     end_of_initialization:
  1784                           	callstack 0
  1785   0021F4                     __end_of__initialization:
  1786                           	callstack 0
  1787   0021F4  0E00               	movlw	low (__Lsmallconst shr (0+16))
  1788   0021F6  6EF8               	movwf	tblptru,c
  1789   0021F8  0E08               	movlw	high __Lsmallconst
  1790   0021FA  6EF7               	movwf	tblptrh,c
  1791   0021FC  0100               	movlb	0
  1792   0021FE  EF12  F00A         	goto	_main	;jump to C main() function
  1793                           
  1794                           	psect	bssCOMRAM
  1795   00004D                     __pbssCOMRAM:
  1796                           	callstack 0
  1797   00004D                     _width:
  1798                           	callstack 0
  1799   00004D                     	ds	2
  1800   00004F                     _prec:
  1801                           	callstack 0
  1802   00004F                     	ds	2
  1803   000051                     control_luz@led_on:
  1804                           	callstack 0
  1805   000051                     	ds	2
  1806   000053                     control_temperatura@calentador_on:
  1807                           	callstack 0
  1808   000053                     	ds	2
  1809   000055                     _contador_aire:
  1810                           	callstack 0
  1811   000055                     	ds	2
  1812   000057                     _flags:
  1813                           	callstack 0
  1814   000057                     	ds	1
  1815                           
  1816                           	psect	bssBANK0
  1817   000060                     __pbssBANK0:
  1818                           	callstack 0
  1819   000060                     _dbuf:
  1820                           	callstack 0
  1821   000060                     	ds	32
  1822                           
  1823                           	psect	cstackBANK0
  1824   000080                     __pcstackBANK0:
  1825                           	callstack 0
  1826   000080                     main@buffer:
  1827                           	callstack 0
  1828                           
  1829                           ; 12 bytes @ 0x0
  1830   000080                     	ds	12
  1831   00008C                     main@temp:
  1832                           	callstack 0
  1833                           
  1834                           ; 4 bytes @ 0xC
  1835   00008C                     	ds	4
  1836   000090                     main@humedad:
  1837                           	callstack 0
  1838                           
  1839                           ; 4 bytes @ 0x10
  1840   000090                     	ds	4
  1841   000094                     main@luz:
  1842                           	callstack 0
  1843                           
  1844                           ; 2 bytes @ 0x14
  1845   000094                     	ds	2
  1846   000096                     main@aire:
  1847                           	callstack 0
  1848                           
  1849                           ; 2 bytes @ 0x16
  1850   000096                     	ds	2
  1851                           
  1852                           	psect	cstackCOMRAM
  1853   000001                     __pcstackCOMRAM:
  1854                           	callstack 0
  1855   000001                     ?___awdiv:
  1856                           	callstack 0
  1857   000001                     ?___awmod:
  1858                           	callstack 0
  1859   000001                     ?_leer_adc:
  1860                           	callstack 0
  1861   000001                     ?___fltol:
  1862                           	callstack 0
  1863   000001                     ?___xxtofl:
  1864                           	callstack 0
  1865   000001                     leer_adc@canal:
  1866                           	callstack 0
  1867   000001                     control_luz@luz:
  1868                           	callstack 0
  1869   000001                     set_PWM_duty@duty:
  1870                           	callstack 0
  1871   000001                     ___awdiv@dividend:
  1872                           	callstack 0
  1873   000001                     ___awmod@dividend:
  1874                           	callstack 0
  1875   000001                     fputc@c:
  1876                           	callstack 0
  1877   000001                     ___flge@ff1:
  1878                           	callstack 0
  1879   000001                     ___fltol@f1:
  1880                           	callstack 0
  1881   000001                     ___xxtofl@val:
  1882                           	callstack 0
  1883   000001                     ??_I2C_Write:
  1884   000001                     ??_I2C_Read:
  1885                           
  1886                           ; 1 bytes @ 0x0
  1887   000001                     	ds	1
  1888   000002                     I2C_Write@data:
  1889                           	callstack 0
  1890   000002                     I2C_Read@ack:
  1891                           	callstack 0
  1892                           
  1893                           ; 1 bytes @ 0x1
  1894   000002                     	ds	1
  1895   000003                     I2C_Write@i:
  1896                           	callstack 0
  1897   000003                     I2C_Read@data:
  1898                           	callstack 0
  1899   000003                     fputc@fp:
  1900                           	callstack 0
  1901   000003                     ___awdiv@divisor:
  1902                           	callstack 0
  1903   000003                     ___awmod@divisor:
  1904                           	callstack 0
  1905   000003                     ??_set_PWM_duty:
  1906   000003                     ??_leer_adc:
  1907                           
  1908                           ; 1 bytes @ 0x2
  1909   000003                     	ds	1
  1910   000004                     I2C_Read@i:
  1911                           	callstack 0
  1912   000004                     OLED_Command@cmd:
  1913                           	callstack 0
  1914   000004                     OLED_Data@data:
  1915                           	callstack 0
  1916   000004                     BME280_Write@data:
  1917                           	callstack 0
  1918   000004                     ??_fputc:
  1919   000004                     
  1920                           ; 1 bytes @ 0x3
  1921   000004                     	ds	1
  1922   000005                     ?_leer_luz:
  1923                           	callstack 0
  1924   000005                     ?_leer_aire:
  1925                           	callstack 0
  1926   000005                     OLED_SetCursor@page:
  1927                           	callstack 0
  1928   000005                     BME280_Write@reg:
  1929                           	callstack 0
  1930   000005                     BME280_Read@reg:
  1931                           	callstack 0
  1932   000005                     ___awdiv@counter:
  1933                           	callstack 0
  1934   000005                     ___awmod@counter:
  1935                           	callstack 0
  1936   000005                     control_aire@aire:
  1937                           	callstack 0
  1938   000005                     OLED_Clear@i:
  1939                           	callstack 0
  1940   000005                     ___flge@ff2:
  1941                           	callstack 0
  1942   000005                     ??_OLED_Init:
  1943   000005                     ??_OLED_WriteChar:
  1944   000005                     ??___fltol:
  1945   000005                     ??___xxtofl:
  1946                           
  1947                           ; 1 bytes @ 0x4
  1948   000005                     	ds	1
  1949   000006                     OLED_SetCursor@col:
  1950                           	callstack 0
  1951   000006                     BME280_Read@data:
  1952                           	callstack 0
  1953   000006                     ___awdiv@sign:
  1954                           	callstack 0
  1955   000006                     ___awmod@sign:
  1956                           	callstack 0
  1957   000006                     OLED_WriteChar@index:
  1958                           	callstack 0
  1959   000006                     
  1960                           ; 1 bytes @ 0x5
  1961   000006                     	ds	1
  1962   000007                     ?_abs:
  1963                           	callstack 0
  1964   000007                     OLED_ClearLine@linea:
  1965                           	callstack 0
  1966   000007                     ___awdiv@quotient:
  1967                           	callstack 0
  1968   000007                     abs@a:
  1969                           	callstack 0
  1970   000007                     
  1971                           ; 1 bytes @ 0x6
  1972   000007                     	ds	1
  1973   000008                     OLED_ClearLine@i:
  1974                           	callstack 0
  1975   000008                     OLED_WriteChar@i:
  1976                           	callstack 0
  1977                           
  1978                           ; 1 bytes @ 0x7
  1979   000008                     	ds	1
  1980   000009                     OLED_WriteChar@c:
  1981                           	callstack 0
  1982   000009                     ___fltol@sign1:
  1983                           	callstack 0
  1984   000009                     ___xxtofl@sign:
  1985                           	callstack 0
  1986   000009                     ??_abs:
  1987   000009                     ??___flge:
  1988                           
  1989                           ; 1 bytes @ 0x8
  1990   000009                     	ds	1
  1991   00000A                     OLED_WriteString@str:
  1992                           	callstack 0
  1993   00000A                     ___fltol@exp1:
  1994                           	callstack 0
  1995   00000A                     ___xxtofl@exp:
  1996                           	callstack 0
  1997                           
  1998                           ; 1 bytes @ 0x9
  1999   00000A                     	ds	1
  2000   00000B                     vfpfcnvrt@fp:
  2001                           	callstack 0
  2002   00000B                     ___xxtofl@arg:
  2003                           	callstack 0
  2004   00000B                     
  2005                           ; 1 bytes @ 0xA
  2006   00000B                     	ds	1
  2007   00000C                     vfpfcnvrt@fmt:
  2008                           	callstack 0
  2009                           
  2010                           ; 1 bytes @ 0xB
  2011   00000C                     	ds	1
  2012   00000D                     vfpfcnvrt@ap:
  2013                           	callstack 0
  2014   00000D                     control_temperatura@T:
  2015                           	callstack 0
  2016   00000D                     control_humedad@H:
  2017                           	callstack 0
  2018                           
  2019                           ; 4 bytes @ 0xC
  2020   00000D                     	ds	1
  2021   00000E                     ??_vfpfcnvrt:
  2022                           
  2023                           ; 1 bytes @ 0xD
  2024   00000E                     	ds	1
  2025   00000F                     ?___flmul:
  2026                           	callstack 0
  2027   00000F                     vfpfcnvrt@done:
  2028                           	callstack 0
  2029   00000F                     ___flmul@b:
  2030                           	callstack 0
  2031                           
  2032                           ; 4 bytes @ 0xE
  2033   00000F                     	ds	1
  2034   000010                     vfpfcnvrt@cp:
  2035                           	callstack 0
  2036                           
  2037                           ; 1 bytes @ 0xF
  2038   000010                     	ds	1
  2039   000011                     vfpfcnvrt@convarg:
  2040                           	callstack 0
  2041   000011                     
  2042                           ; 1 bytes @ 0x10
  2043   000011                     	ds	2
  2044   000013                     ___flmul@a:
  2045                           	callstack 0
  2046                           
  2047                           ; 4 bytes @ 0x12
  2048   000013                     	ds	2
  2049   000015                     vfpfcnvrt@c:
  2050                           	callstack 0
  2051                           
  2052                           ; 1 bytes @ 0x14
  2053   000015                     	ds	1
  2054   000016                     ?_vfprintf:
  2055                           	callstack 0
  2056   000016                     vfprintf@fp:
  2057                           	callstack 0
  2058                           
  2059                           ; 1 bytes @ 0x15
  2060   000016                     	ds	1
  2061   000017                     vfprintf@fmt:
  2062                           	callstack 0
  2063   000017                     ??___flmul:
  2064                           
  2065                           ; 1 bytes @ 0x16
  2066   000017                     	ds	1
  2067   000018                     vfprintf@ap:
  2068                           	callstack 0
  2069                           
  2070                           ; 1 bytes @ 0x17
  2071   000018                     	ds	1
  2072   000019                     vfprintf@cfmt:
  2073                           	callstack 0
  2074   000019                     
  2075                           ; 1 bytes @ 0x18
  2076   000019                     	ds	1
  2077   00001A                     ?_sprintf:
  2078                           	callstack 0
  2079   00001A                     sprintf@s:
  2080                           	callstack 0
  2081                           
  2082                           ; 1 bytes @ 0x19
  2083   00001A                     	ds	1
  2084   00001B                     ___flmul@sign:
  2085                           	callstack 0
  2086   00001B                     sprintf@fmt:
  2087                           	callstack 0
  2088                           
  2089                           ; 1 bytes @ 0x1A
  2090   00001B                     	ds	1
  2091   00001C                     ___flmul@grs:
  2092                           	callstack 0
  2093                           
  2094                           ; 4 bytes @ 0x1B
  2095   00001C                     	ds	2
  2096   00001E                     sprintf@ap:
  2097                           	callstack 0
  2098   00001E                     
  2099                           ; 1 bytes @ 0x1D
  2100   00001E                     	ds	1
  2101   00001F                     sprintf@f:
  2102                           	callstack 0
  2103                           
  2104                           ; 11 bytes @ 0x1E
  2105   00001F                     	ds	1
  2106   000020                     ___flmul@aexp:
  2107                           	callstack 0
  2108                           
  2109                           ; 1 bytes @ 0x1F
  2110   000020                     	ds	1
  2111   000021                     ___flmul@bexp:
  2112                           	callstack 0
  2113                           
  2114                           ; 1 bytes @ 0x20
  2115   000021                     	ds	1
  2116   000022                     ___flmul@prod:
  2117                           	callstack 0
  2118                           
  2119                           ; 4 bytes @ 0x21
  2120   000022                     	ds	4
  2121   000026                     ___flmul@temp:
  2122                           	callstack 0
  2123                           
  2124                           ; 2 bytes @ 0x25
  2125   000026                     	ds	2
  2126   000028                     ?___fldiv:
  2127                           	callstack 0
  2128   000028                     ___fldiv@b:
  2129                           	callstack 0
  2130                           
  2131                           ; 4 bytes @ 0x27
  2132   000028                     	ds	4
  2133   00002C                     ___fldiv@a:
  2134                           	callstack 0
  2135                           
  2136                           ; 4 bytes @ 0x2B
  2137   00002C                     	ds	4
  2138   000030                     ??___fldiv:
  2139                           
  2140                           ; 1 bytes @ 0x2F
  2141   000030                     	ds	4
  2142   000034                     ___fldiv@rem:
  2143                           	callstack 0
  2144                           
  2145                           ; 4 bytes @ 0x33
  2146   000034                     	ds	4
  2147   000038                     ___fldiv@sign:
  2148                           	callstack 0
  2149                           
  2150                           ; 1 bytes @ 0x37
  2151   000038                     	ds	1
  2152   000039                     ___fldiv@new_exp:
  2153                           	callstack 0
  2154                           
  2155                           ; 2 bytes @ 0x38
  2156   000039                     	ds	2
  2157   00003B                     ___fldiv@grs:
  2158                           	callstack 0
  2159                           
  2160                           ; 4 bytes @ 0x3A
  2161   00003B                     	ds	4
  2162   00003F                     ___fldiv@bexp:
  2163                           	callstack 0
  2164                           
  2165                           ; 1 bytes @ 0x3E
  2166   00003F                     	ds	1
  2167   000040                     ___fldiv@aexp:
  2168                           	callstack 0
  2169                           
  2170                           ; 1 bytes @ 0x3F
  2171   000040                     	ds	1
  2172   000041                     ?_leer_temperatura:
  2173                           	callstack 0
  2174   000041                     ?_BME280_ReadHumidity:
  2175                           	callstack 0
  2176                           
  2177                           ; 4 bytes @ 0x40
  2178   000041                     	ds	4
  2179   000045                     leer_temperatura@adc:
  2180                           	callstack 0
  2181   000045                     ??_BME280_ReadHumidity:
  2182                           
  2183                           ; 1 bytes @ 0x44
  2184   000045                     	ds	2
  2185   000047                     BME280_ReadHumidity@raw:
  2186                           	callstack 0
  2187                           
  2188                           ; 2 bytes @ 0x46
  2189   000047                     	ds	2
  2190   000049                     BME280_ReadHumidity@msb:
  2191                           	callstack 0
  2192                           
  2193                           ; 1 bytes @ 0x48
  2194   000049                     	ds	1
  2195   00004A                     BME280_ReadHumidity@lsb:
  2196                           	callstack 0
  2197                           
  2198                           ; 1 bytes @ 0x49
  2199   00004A                     	ds	1
  2200   00004B                     ??_main:
  2201                           
  2202                           ; 1 bytes @ 0x4A
  2203   00004B                     	ds	2
  2204                           
  2205 ;;
  2206 ;;Main: autosize = 0, tempsize = 2, incstack = 0, save=0
  2207 ;;
  2208 ;; *************** function _main *****************
  2209 ;; Defined at:
  2210 ;;		line 21 in file "main.c"
  2211 ;; Parameters:    Size  Location     Type
  2212 ;;		None
  2213 ;; Auto vars:     Size  Location     Type
  2214 ;;  buffer         12    0[BANK0 ] unsigned char [12]
  2215 ;;  humedad         4   16[BANK0 ] float 
  2216 ;;  temp            4   12[BANK0 ] float 
  2217 ;;  aire            2   22[BANK0 ] int 
  2218 ;;  luz             2   20[BANK0 ] int 
  2219 ;; Return value:  Size  Location     Type
  2220 ;;                  1    wreg      void 
  2221 ;; Registers used:
  2222 ;;		wreg, fsr1l, fsr1h, fsr2l, fsr2h, status,2, status,0, tblptrl, tblptrh, tblptru, prodl, prodh, cstack
  2223 ;; Tracked objects:
  2224 ;;		On entry : 0/0
  2225 ;;		On exit  : 0/0
  2226 ;;		Unchanged: 0/0
  2227 ;; Data sizes:     COMRAM   BANK0   BANK1   BANK2   BANK3   BANK4   BANK5   BANK6   BANK7
  2228 ;;      Params:         0       0       0       0       0       0       0       0       0
  2229 ;;      Locals:         0      24       0       0       0       0       0       0       0
  2230 ;;      Temps:          2       0       0       0       0       0       0       0       0
  2231 ;;      Totals:         2      24       0       0       0       0       0       0       0
  2232 ;;Total ram usage:       26 bytes
  2233 ;; Hardware stack levels required when called: 5
  2234 ;; This function calls:
  2235 ;;		_BME280_Init
  2236 ;;		_BME280_ReadHumidity
  2237 ;;		_I2C_Init
  2238 ;;		_OLED_Clear
  2239 ;;		_OLED_ClearLine
  2240 ;;		_OLED_Init
  2241 ;;		_OLED_SetCursor
  2242 ;;		_OLED_WriteString
  2243 ;;		___fltol
  2244 ;;		_control_aire
  2245 ;;		_control_humedad
  2246 ;;		_control_luz
  2247 ;;		_control_temperatura
  2248 ;;		_init_ADC
  2249 ;;		_init_PWM
  2250 ;;		_leer_aire
  2251 ;;		_leer_luz
  2252 ;;		_leer_temperatura
  2253 ;;		_setup
  2254 ;;		_sprintf
  2255 ;; This function is called by:
  2256 ;;		Startup code after reset
  2257 ;; This function uses a non-reentrant model
  2258 ;;
  2259                           
  2260                           	psect	text0
  2261   001424                     __ptext0:
  2262                           	callstack 0
  2263   001424                     _main:
  2264                           	callstack 26
  2265   001424                     
  2266                           ;main.c: 22:     setup();
  2267   001424  EC6D  F011         	call	_setup	;wreg free
  2268   001428                     
  2269                           ;main.c: 23:     _delay((unsigned long)((500)*(8000000/4000.0)));
  2270   001428  0E06               	movlw	6
  2271   00142A  6E4C               	movwf	(??_main+1)^0,c
  2272   00142C  0E13               	movlw	19
  2273   00142E  6E4B               	movwf	??_main^0,c
  2274   001430  0EAE               	movlw	174
  2275   001432                     u2537:
  2276   001432  2EE8               	decfsz	wreg,f,c
  2277   001434  D7FE               	bra	u2537
  2278   001436  2E4B               	decfsz	??_main^0,f,c
  2279   001438  D7FC               	bra	u2537
  2280   00143A  2E4C               	decfsz	(??_main+1)^0,f,c
  2281   00143C  D7FA               	bra	u2537
  2282   00143E                     
  2283                           ;main.c: 25:     I2C_Init();
  2284   00143E  EC7D  F011         	call	_I2C_Init	;wreg free
  2285   001442                     
  2286                           ;main.c: 26:     OLED_Init();
  2287   001442  EC6F  F00C         	call	_OLED_Init	;wreg free
  2288   001446                     
  2289                           ;main.c: 27:     OLED_Clear();
  2290   001446  EC08  F010         	call	_OLED_Clear	;wreg free
  2291   00144A                     
  2292                           ;main.c: 28:     BME280_Init();
  2293   00144A  EC4E  F011         	call	_BME280_Init	;wreg free
  2294   00144E                     
  2295                           ;main.c: 29:     init_ADC();
  2296   00144E  EC83  F011         	call	_init_ADC	;wreg free
  2297   001452                     
  2298                           ;main.c: 30:     init_PWM();
  2299   001452  EC76  F011         	call	_init_PWM	;wreg free
  2300   001456                     l3084:
  2301                           
  2302                           ;main.c: 34:         float temp = leer_temperatura();
  2303   001456  ECBA  F00E         	call	_leer_temperatura	;wreg free
  2304   00145A  C041  F08C         	movff	?_leer_temperatura,main@temp
  2305   00145E  C042  F08D         	movff	?_leer_temperatura+1,main@temp+1
  2306   001462  C043  F08E         	movff	?_leer_temperatura+2,main@temp+2
  2307   001466  C044  F08F         	movff	?_leer_temperatura+3,main@temp+3
  2308   00146A                     
  2309                           ;main.c: 35:         int luz = leer_luz();
  2310   00146A  EC59  F011         	call	_leer_luz	;wreg free
  2311   00146E  C005  F094         	movff	?_leer_luz,main@luz
  2312   001472  C006  F095         	movff	?_leer_luz+1,main@luz+1
  2313   001476                     
  2314                           ;main.c: 36:         int aire = leer_aire();
  2315   001476  EC63  F011         	call	_leer_aire	;wreg free
  2316   00147A  C005  F096         	movff	?_leer_aire,main@aire
  2317   00147E  C006  F097         	movff	?_leer_aire+1,main@aire+1
  2318   001482                     
  2319                           ;main.c: 37:         float humedad = BME280_ReadHumidity();
  2320   001482  EC76  F00E         	call	_BME280_ReadHumidity	;wreg free
  2321   001486  C041  F090         	movff	?_BME280_ReadHumidity,main@humedad
  2322   00148A  C042  F091         	movff	?_BME280_ReadHumidity+1,main@humedad+1
  2323   00148E  C043  F092         	movff	?_BME280_ReadHumidity+2,main@humedad+2
  2324   001492  C044  F093         	movff	?_BME280_ReadHumidity+3,main@humedad+3
  2325   001496                     
  2326                           ;main.c: 40:         control_temperatura(temp);
  2327   001496  C08C  F00D         	movff	main@temp,control_temperatura@T
  2328   00149A  C08D  F00E         	movff	main@temp+1,control_temperatura@T+1
  2329   00149E  C08E  F00F         	movff	main@temp+2,control_temperatura@T+2
  2330   0014A2  C08F  F010         	movff	main@temp+3,control_temperatura@T+3
  2331   0014A6  ECDF  F00D         	call	_control_temperatura	;wreg free
  2332   0014AA                     
  2333                           ;main.c: 41:         control_luz(luz);
  2334   0014AA  C094  F001         	movff	main@luz,control_luz@luz
  2335   0014AE  C095  F002         	movff	main@luz+1,control_luz@luz+1
  2336   0014B2  EC78  F00F         	call	_control_luz	;wreg free
  2337   0014B6                     
  2338                           ;main.c: 42:         control_aire(aire);
  2339   0014B6  C096  F005         	movff	main@aire,control_aire@aire
  2340   0014BA  C097  F006         	movff	main@aire+1,control_aire@aire+1
  2341   0014BE  ECB1  F00F         	call	_control_aire	;wreg free
  2342   0014C2                     
  2343                           ;main.c: 43:         control_humedad(humedad);
  2344   0014C2  C090  F00D         	movff	main@humedad,control_humedad@H
  2345   0014C6  C091  F00E         	movff	main@humedad+1,control_humedad@H+1
  2346   0014CA  C092  F00F         	movff	main@humedad+2,control_humedad@H+2
  2347   0014CE  C093  F010         	movff	main@humedad+3,control_humedad@H+3
  2348   0014D2  ECFC  F00E         	call	_control_humedad	;wreg free
  2349   0014D6                     
  2350                           ;main.c: 46:         char buffer[12];;main.c: 48:         OLED_ClearLine(0);
  2351   0014D6  0E00               	movlw	0
  2352   0014D8  ECDA  F010         	call	_OLED_ClearLine
  2353   0014DC                     
  2354                           ;main.c: 49:         OLED_SetCursor(0, 0);
  2355   0014DC  0E00               	movlw	0
  2356   0014DE  6E05               	movwf	OLED_SetCursor@page^0,c
  2357   0014E0  0E00               	movlw	0
  2358   0014E2  EC12  F011         	call	_OLED_SetCursor
  2359   0014E6                     
  2360                           ;main.c: 50:         sprintf(buffer, "T %d C", (int)temp);
  2361   0014E6  0E80               	movlw	low main@buffer
  2362   0014E8  6E1A               	movwf	sprintf@s^0,c
  2363   0014EA  0ED0               	movlw	low STR_1
  2364   0014EC  6E1B               	movwf	sprintf@fmt^0,c
  2365   0014EE  C08C  F001         	movff	main@temp,___fltol@f1
  2366   0014F2  C08D  F002         	movff	main@temp+1,___fltol@f1+1
  2367   0014F6  C08E  F003         	movff	main@temp+2,___fltol@f1+2
  2368   0014FA  C08F  F004         	movff	main@temp+3,___fltol@f1+3
  2369   0014FE  EC6A  F00B         	call	___fltol	;wreg free
  2370   001502  C001  F01C         	movff	?___fltol,?_sprintf+2
  2371   001506  C002  F01D         	movff	?___fltol+1,?_sprintf+3
  2372   00150A  EC81  F010         	call	_sprintf	;wreg free
  2373   00150E                     
  2374                           ;main.c: 51:         OLED_WriteString(buffer);
  2375   00150E  0E80               	movlw	low main@buffer
  2376   001510  6E0A               	movwf	OLED_WriteString@str^0,c
  2377   001512  ECC5  F010         	call	_OLED_WriteString	;wreg free
  2378   001516                     
  2379                           ;main.c: 53:         OLED_ClearLine(2);
  2380   001516  0E02               	movlw	2
  2381   001518  ECDA  F010         	call	_OLED_ClearLine
  2382   00151C                     
  2383                           ;main.c: 54:         OLED_SetCursor(0, 2);
  2384   00151C  0E02               	movlw	2
  2385   00151E  6E05               	movwf	OLED_SetCursor@page^0,c
  2386   001520  0E00               	movlw	0
  2387   001522  EC12  F011         	call	_OLED_SetCursor
  2388   001526                     
  2389                           ;main.c: 55:         sprintf(buffer, "H %d%%", (int)humedad);
  2390   001526  0E80               	movlw	low main@buffer
  2391   001528  6E1A               	movwf	sprintf@s^0,c
  2392   00152A  0EC9               	movlw	low STR_2
  2393   00152C  6E1B               	movwf	sprintf@fmt^0,c
  2394   00152E  C090  F001         	movff	main@humedad,___fltol@f1
  2395   001532  C091  F002         	movff	main@humedad+1,___fltol@f1+1
  2396   001536  C092  F003         	movff	main@humedad+2,___fltol@f1+2
  2397   00153A  C093  F004         	movff	main@humedad+3,___fltol@f1+3
  2398   00153E  EC6A  F00B         	call	___fltol	;wreg free
  2399   001542  C001  F01C         	movff	?___fltol,?_sprintf+2
  2400   001546  C002  F01D         	movff	?___fltol+1,?_sprintf+3
  2401   00154A  EC81  F010         	call	_sprintf	;wreg free
  2402   00154E                     
  2403                           ;main.c: 56:         OLED_WriteString(buffer);
  2404   00154E  0E80               	movlw	low main@buffer
  2405   001550  6E0A               	movwf	OLED_WriteString@str^0,c
  2406   001552  ECC5  F010         	call	_OLED_WriteString	;wreg free
  2407   001556                     
  2408                           ;main.c: 58:         OLED_ClearLine(4);
  2409   001556  0E04               	movlw	4
  2410   001558  ECDA  F010         	call	_OLED_ClearLine
  2411   00155C                     
  2412                           ;main.c: 59:         OLED_SetCursor(0, 4);
  2413   00155C  0E04               	movlw	4
  2414   00155E  6E05               	movwf	OLED_SetCursor@page^0,c
  2415   001560  0E00               	movlw	0
  2416   001562  EC12  F011         	call	_OLED_SetCursor
  2417   001566                     
  2418                           ;main.c: 60:         sprintf(buffer, "A %d", aire);
  2419   001566  0E80               	movlw	low main@buffer
  2420   001568  6E1A               	movwf	sprintf@s^0,c
  2421   00156A  0ED7               	movlw	low STR_3
  2422   00156C  6E1B               	movwf	sprintf@fmt^0,c
  2423   00156E  C096  F01C         	movff	main@aire,?_sprintf+2
  2424   001572  C097  F01D         	movff	main@aire+1,?_sprintf+3
  2425   001576  EC81  F010         	call	_sprintf	;wreg free
  2426   00157A                     
  2427                           ;main.c: 61:         OLED_WriteString(buffer);
  2428   00157A  0E80               	movlw	low main@buffer
  2429   00157C  6E0A               	movwf	OLED_WriteString@str^0,c
  2430   00157E  ECC5  F010         	call	_OLED_WriteString	;wreg free
  2431   001582                     
  2432                           ;main.c: 63:         OLED_ClearLine(6);
  2433   001582  0E06               	movlw	6
  2434   001584  ECDA  F010         	call	_OLED_ClearLine
  2435   001588                     
  2436                           ;main.c: 64:         OLED_SetCursor(0, 6);
  2437   001588  0E06               	movlw	6
  2438   00158A  6E05               	movwf	OLED_SetCursor@page^0,c
  2439   00158C  0E00               	movlw	0
  2440   00158E  EC12  F011         	call	_OLED_SetCursor
  2441   001592                     
  2442                           ;main.c: 65:         sprintf(buffer, "L %d", luz);
  2443   001592  0E80               	movlw	low main@buffer
  2444   001594  6E1A               	movwf	sprintf@s^0,c
  2445   001596  0EDC               	movlw	low STR_4
  2446   001598  6E1B               	movwf	sprintf@fmt^0,c
  2447   00159A  C094  F01C         	movff	main@luz,?_sprintf+2
  2448   00159E  C095  F01D         	movff	main@luz+1,?_sprintf+3
  2449   0015A2  EC81  F010         	call	_sprintf	;wreg free
  2450   0015A6                     
  2451                           ;main.c: 66:         OLED_WriteString(buffer);
  2452   0015A6  0E80               	movlw	low main@buffer
  2453   0015A8  6E0A               	movwf	OLED_WriteString@str^0,c
  2454   0015AA  ECC5  F010         	call	_OLED_WriteString	;wreg free
  2455   0015AE                     
  2456                           ;main.c: 68:         _delay((unsigned long)((1000)*(8000000/4000.0)));
  2457   0015AE  0E0B               	movlw	11
  2458   0015B0  6E4C               	movwf	(??_main+1)^0,c
  2459   0015B2  0E26               	movlw	38
  2460   0015B4  6E4B               	movwf	??_main^0,c
  2461   0015B6  0E5E               	movlw	94
  2462   0015B8                     u2547:
  2463   0015B8  2EE8               	decfsz	wreg,f,c
  2464   0015BA  D7FE               	bra	u2547
  2465   0015BC  2E4B               	decfsz	??_main^0,f,c
  2466   0015BE  D7FC               	bra	u2547
  2467   0015C0  2E4C               	decfsz	(??_main+1)^0,f,c
  2468   0015C2  D7FA               	bra	u2547
  2469   0015C4  EF2B  F00A         	goto	l3084
  2470   0015C8  EFFE  F03F         	goto	start
  2471   0015CC                     __end_of_main:
  2472                           	callstack 0
  2473                           
  2474 ;; *************** function _sprintf *****************
  2475 ;; Defined at:
  2476 ;;		line 9 in file "C:\Program Files\Microchip\xc8\v3.10\pic\sources\c99\common\nf_sprintf.c"
  2477 ;; Parameters:    Size  Location     Type
  2478 ;;  s               1   25[COMRAM] PTR unsigned char 
  2479 ;;		 -> main@buffer(12), 
  2480 ;;  fmt             1   26[COMRAM] PTR const unsigned char 
  2481 ;;		 -> STR_4(5), STR_3(5), STR_2(7), STR_1(7), 
  2482 ;; Auto vars:     Size  Location     Type
  2483 ;;  f              11   30[COMRAM] struct _IO_FILE
  2484 ;;  ret             2    0        int 
  2485 ;;  ap              1   29[COMRAM] PTR void [1]
  2486 ;;		 -> ?_sprintf(2), 
  2487 ;; Return value:  Size  Location     Type
  2488 ;;                  2   25[COMRAM] int 
  2489 ;; Registers used:
  2490 ;;		wreg, fsr1l, fsr1h, fsr2l, fsr2h, status,2, status,0, tblptrl, tblptrh, tblptru, cstack
  2491 ;; Tracked objects:
  2492 ;;		On entry : 0/0
  2493 ;;		On exit  : 0/0
  2494 ;;		Unchanged: 0/0
  2495 ;; Data sizes:     COMRAM   BANK0   BANK1   BANK2   BANK3   BANK4   BANK5   BANK6   BANK7
  2496 ;;      Params:         4       0       0       0       0       0       0       0       0
  2497 ;;      Locals:        12       0       0       0       0       0       0       0       0
  2498 ;;      Temps:          0       0       0       0       0       0       0       0       0
  2499 ;;      Totals:        16       0       0       0       0       0       0       0       0
  2500 ;;Total ram usage:       16 bytes
  2501 ;; Hardware stack levels used: 1
  2502 ;; Hardware stack levels required when called: 4
  2503 ;; This function calls:
  2504 ;;		_vfprintf
  2505 ;; This function is called by:
  2506 ;;		_main
  2507 ;; This function uses a non-reentrant model
  2508 ;;
  2509                           
  2510                           	psect	text1
  2511   002102                     __ptext1:
  2512                           	callstack 0
  2513   002102                     _sprintf:
  2514                           	callstack 26
  2515   002102  0E1C               	movlw	low (?_sprintf+2)
  2516   002104  6E1E               	movwf	sprintf@ap^0,c
  2517   002106  C01A  F01F         	movff	sprintf@s,sprintf@f
  2518   00210A  6A22               	clrf	(sprintf@f+3)^0,c
  2519   00210C  0E00               	movlw	0
  2520   00210E  6E21               	movwf	(sprintf@f+2)^0,c
  2521   002110  6A29               	clrf	(sprintf@f+10)^0,c
  2522   002112  0E00               	movlw	0
  2523   002114  6E28               	movwf	(sprintf@f+9)^0,c
  2524   002116  0E1F               	movlw	low sprintf@f
  2525   002118  6E16               	movwf	vfprintf@fp^0,c
  2526   00211A  C01B  F017         	movff	sprintf@fmt,vfprintf@fmt
  2527   00211E  0E1E               	movlw	low sprintf@ap
  2528   002120  6E18               	movwf	vfprintf@ap^0,c
  2529   002122  EC4B  F010         	call	_vfprintf	;wreg free
  2530   002126  501A               	movf	sprintf@s^0,w,c
  2531   002128  2421               	addwf	(sprintf@f+2)^0,w,c
  2532   00212A  6ED9               	movwf	fsr2l,c
  2533   00212C  6ADA               	clrf	fsr2h,c
  2534   00212E  6ADF               	clrf	indf2,c
  2535   002130  0012               	return		;funcret
  2536   002132                     __end_of_sprintf:
  2537                           	callstack 0
  2538                           
  2539 ;; *************** function _vfprintf *****************
  2540 ;; Defined at:
  2541 ;;		line 1817 in file "C:\Program Files\Microchip\xc8\v3.10\pic\sources\c99\common\doprnt.c"
  2542 ;; Parameters:    Size  Location     Type
  2543 ;;  fp              1   21[COMRAM] PTR struct _IO_FILE
  2544 ;;		 -> sprintf@f(11), 
  2545 ;;  fmt             1   22[COMRAM] PTR const unsigned char 
  2546 ;;		 -> STR_4(5), STR_3(5), STR_2(7), STR_1(7), 
  2547 ;;  ap              1   23[COMRAM] PTR PTR void 
  2548 ;;		 -> sprintf@ap(1), 
  2549 ;; Auto vars:     Size  Location     Type
  2550 ;;  cfmt            1   24[COMRAM] PTR unsigned char 
  2551 ;;		 -> STR_4(5), STR_3(5), STR_2(7), STR_1(7), 
  2552 ;; Return value:  Size  Location     Type
  2553 ;;                  2   21[COMRAM] int 
  2554 ;; Registers used:
  2555 ;;		wreg, fsr1l, fsr1h, fsr2l, fsr2h, status,2, status,0, tblptrl, tblptrh, tblptru, cstack
  2556 ;; Tracked objects:
  2557 ;;		On entry : 0/0
  2558 ;;		On exit  : 0/0
  2559 ;;		Unchanged: 0/0
  2560 ;; Data sizes:     COMRAM   BANK0   BANK1   BANK2   BANK3   BANK4   BANK5   BANK6   BANK7
  2561 ;;      Params:         3       0       0       0       0       0       0       0       0
  2562 ;;      Locals:         1       0       0       0       0       0       0       0       0
  2563 ;;      Temps:          0       0       0       0       0       0       0       0       0
  2564 ;;      Totals:         4       0       0       0       0       0       0       0       0
  2565 ;;Total ram usage:        4 bytes
  2566 ;; Hardware stack levels used: 1
  2567 ;; Hardware stack levels required when called: 3
  2568 ;; This function calls:
  2569 ;;		_vfpfcnvrt
  2570 ;; This function is called by:
  2571 ;;		_sprintf
  2572 ;; This function uses a non-reentrant model
  2573 ;;
  2574                           
  2575                           	psect	text2
  2576   002096                     __ptext2:
  2577                           	callstack 0
  2578   002096                     _vfprintf:
  2579                           	callstack 26
  2580   002096                     
  2581                           ;C:\Program Files\Microchip\xc8\v3.10\pic\sources\c99\common\doprnt.c: 1817: int vfprint
      +                          f(FILE *fp, const char *fmt, va_list ap);C:\Program Files\Microchip\xc8\v3.10\pic\source
      +                          s\c99\common\doprnt.c: 1818: {;C:\Program Files\Microchip\xc8\v3.10\pic\sources\c99\comm
      +                          on\doprnt.c: 1820:     char *cfmt;;C:\Program Files\Microchip\xc8\v3.10\pic\sources\c99\
      +                          common\doprnt.c: 1822:     cfmt = (char *)fmt;
  2582   002096  C017  F019         	movff	vfprintf@fmt,vfprintf@cfmt
  2583                           
  2584                           ;C:\Program Files\Microchip\xc8\v3.10\pic\sources\c99\common\doprnt.c: 1826:     while (
      +                          *cfmt) {
  2585   00209A  EF57  F010         	goto	l2818
  2586   00209E                     l2816:
  2587                           
  2588                           ;C:\Program Files\Microchip\xc8\v3.10\pic\sources\c99\common\doprnt.c: 1830:    vfpfcnvr
      +                          t(fp, &cfmt, ap);
  2589   00209E  C016  F00B         	movff	vfprintf@fp,vfpfcnvrt@fp
  2590   0020A2  0E19               	movlw	low vfprintf@cfmt
  2591   0020A4  6E0C               	movwf	vfpfcnvrt@fmt^0,c
  2592   0020A6  C018  F00D         	movff	vfprintf@ap,vfpfcnvrt@ap
  2593   0020AA  EC4B  F008         	call	_vfpfcnvrt	;wreg free
  2594   0020AE                     l2818:
  2595                           
  2596                           ;C:\Program Files\Microchip\xc8\v3.10\pic\sources\c99\common\doprnt.c: 1826:     while (
      +                          *cfmt) {
  2597   0020AE  C019  FFF6         	movff	vfprintf@cfmt,tblptrl
  2598   0020B2                     	if	0	;There is only one active tblptr byte
  2599   0020B2                     	endif
  2600   0020B2                     	if	0	;tblptru may be non-zero
  2601   0020B2                     	endif
  2602   0020B2                     	if	0	;tblptru may be non-zero
  2603   0020B2                     	endif
  2604   0020B2  0008               	tblrd		*
  2605   0020B4  50F5               	movf	tablat,w,c
  2606   0020B6  0900               	iorlw	0
  2607   0020B8  A4D8               	btfss	status,2,c
  2608   0020BA  EF61  F010         	goto	u2301
  2609   0020BE  EF63  F010         	goto	u2300
  2610   0020C2                     u2301:
  2611   0020C2  EF4F  F010         	goto	l2816
  2612   0020C6                     u2300:
  2613   0020C6                     
  2614                           ;C:\Program Files\Microchip\xc8\v3.10\pic\sources\c99\common\doprnt.c: 1835:  return 0;
  2615   0020C6  6A17               	clrf	(?_vfprintf+1)^0,c
  2616   0020C8  0E00               	movlw	0
  2617   0020CA  6E16               	movwf	?_vfprintf^0,c
  2618   0020CC  0012               	return		;funcret
  2619   0020CE                     __end_of_vfprintf:
  2620                           	callstack 0
  2621                           
  2622 ;; *************** function _vfpfcnvrt *****************
  2623 ;; Defined at:
  2624 ;;		line 1177 in file "C:\Program Files\Microchip\xc8\v3.10\pic\sources\c99\common\doprnt.c"
  2625 ;; Parameters:    Size  Location     Type
  2626 ;;  fp              1   10[COMRAM] PTR struct _IO_FILE
  2627 ;;		 -> sprintf@f(11), 
  2628 ;;  fmt             1   11[COMRAM] PTR PTR unsigned char 
  2629 ;;		 -> vfprintf@cfmt(1), 
  2630 ;;  ap              1   12[COMRAM] PTR PTR void 
  2631 ;;		 -> sprintf@ap(1), 
  2632 ;; Auto vars:     Size  Location     Type
  2633 ;;  convarg         4   16[COMRAM] struct .
  2634 ;;  c               1   20[COMRAM] unsigned char 
  2635 ;;  cp              1   15[COMRAM] PTR unsigned char 
  2636 ;;		 -> STR_4(5), STR_3(5), STR_2(7), STR_1(7), 
  2637 ;;  done            1   14[COMRAM] _Bool 
  2638 ;; Return value:  Size  Location     Type
  2639 ;;                  1    wreg      void 
  2640 ;; Registers used:
  2641 ;;		wreg, fsr1l, fsr1h, fsr2l, fsr2h, status,2, status,0, tblptrl, tblptrh, tblptru, cstack
  2642 ;; Tracked objects:
  2643 ;;		On entry : 0/0
  2644 ;;		On exit  : 0/0
  2645 ;;		Unchanged: 0/0
  2646 ;; Data sizes:     COMRAM   BANK0   BANK1   BANK2   BANK3   BANK4   BANK5   BANK6   BANK7
  2647 ;;      Params:         3       0       0       0       0       0       0       0       0
  2648 ;;      Locals:         7       0       0       0       0       0       0       0       0
  2649 ;;      Temps:          1       0       0       0       0       0       0       0       0
  2650 ;;      Totals:        11       0       0       0       0       0       0       0       0
  2651 ;;Total ram usage:       11 bytes
  2652 ;; Hardware stack levels used: 1
  2653 ;; Hardware stack levels required when called: 2
  2654 ;; This function calls:
  2655 ;;		___awdiv
  2656 ;;		___awmod
  2657 ;;		_abs
  2658 ;;		_fputc
  2659 ;; This function is called by:
  2660 ;;		_vfprintf
  2661 ;; This function uses a non-reentrant model
  2662 ;;
  2663                           
  2664                           	psect	text3
  2665   001096                     __ptext3:
  2666                           	callstack 0
  2667   001096                     _vfpfcnvrt:
  2668                           	callstack 26
  2669   001096                     
  2670                           ;C:\Program Files\Microchip\xc8\v3.10\pic\sources\c99\common\doprnt.c: 1177: vfpfcnvrt(F
      +                          ILE *fp, char *fmt[], va_list ap);C:\Program Files\Microchip\xc8\v3.10\pic\sources\c99\c
      +                          ommon\doprnt.c: 1178: {;C:\Program Files\Microchip\xc8\v3.10\pic\sources\c99\common\dopr
      +                          nt.c: 1179:     char c, *cp;;C:\Program Files\Microchip\xc8\v3.10\pic\sources\c99\common
      +                          \doprnt.c: 1180:     _Bool done;;C:\Program Files\Microchip\xc8\v3.10\pic\sources\c99\co
      +                          mmon\doprnt.c: 1188:  } convarg;;C:\Program Files\Microchip\xc8\v3.10\pic\sources\c99\co
      +                          mmon\doprnt.c: 1201:     if ((*fmt)[0] == '%') {
  2671   001096  500C               	movf	vfpfcnvrt@fmt^0,w,c
  2672   001098  6ED9               	movwf	fsr2l,c
  2673   00109A  6ADA               	clrf	fsr2h,c
  2674   00109C  CFDF FFF6          	movff	indf2,tblptrl
  2675   0010A0                     	if	0	;There is only one active tblptr byte
  2676   0010A0                     	endif
  2677   0010A0                     	if	0	;tblptru may be non-zero
  2678   0010A0                     	endif
  2679   0010A0                     	if	0	;tblptru may be non-zero
  2680   0010A0                     	endif
  2681   0010A0  0008               	tblrd		*
  2682   0010A2  50F5               	movf	tablat,w,c
  2683   0010A4  0A25               	xorlw	37
  2684   0010A6  A4D8               	btfss	status,2,c
  2685   0010A8  EF58  F008         	goto	u1511
  2686   0010AC  EF5A  F008         	goto	u1510
  2687   0010B0                     u1511:
  2688   0010B0  EF28  F009         	goto	l2388
  2689   0010B4                     u1510:
  2690   0010B4                     
  2691                           ;C:\Program Files\Microchip\xc8\v3.10\pic\sources\c99\common\doprnt.c: 1202:         ++*
      +                          fmt;
  2692   0010B4  500C               	movf	vfpfcnvrt@fmt^0,w,c
  2693   0010B6  6ED9               	movwf	fsr2l,c
  2694   0010B8  6ADA               	clrf	fsr2h,c
  2695   0010BA  2ADF               	incf	indf2,f,c
  2696   0010BC                     
  2697                           ;C:\Program Files\Microchip\xc8\v3.10\pic\sources\c99\common\doprnt.c: 1204:         fla
      +                          gs = width = 0;
  2698   0010BC  6A4E               	clrf	(_width+1)^0,c
  2699   0010BE  0E00               	movlw	0
  2700   0010C0  6E4D               	movwf	_width^0,c
  2701   0010C2  C04D  F057         	movff	_width,_flags
  2702   0010C6                     
  2703                           ;C:\Program Files\Microchip\xc8\v3.10\pic\sources\c99\common\doprnt.c: 1205:         pre
      +                          c = -1;
  2704   0010C6  684F               	setf	_prec^0,c
  2705   0010C8  6850               	setf	(_prec+1)^0,c
  2706   0010CA                     
  2707                           ;C:\Program Files\Microchip\xc8\v3.10\pic\sources\c99\common\doprnt.c: 1291:   cp = *fmt
      +                          ;
  2708   0010CA  500C               	movf	vfpfcnvrt@fmt^0,w,c
  2709   0010CC  6ED9               	movwf	fsr2l,c
  2710   0010CE  6ADA               	clrf	fsr2h,c
  2711   0010D0  50DF               	movf	indf2,w,c
  2712   0010D2  6E10               	movwf	vfpfcnvrt@cp^0,c
  2713   0010D4                     
  2714                           ;C:\Program Files\Microchip\xc8\v3.10\pic\sources\c99\common\doprnt.c: 1361:   if (*cp =
      +                          = 'd' || *cp == 'i') {
  2715   0010D4  C010  FFF6         	movff	vfpfcnvrt@cp,tblptrl
  2716   0010D8                     	if	0	;There is only one active tblptr byte
  2717   0010D8                     	endif
  2718   0010D8                     	if	0	;tblptru may be non-zero
  2719   0010D8                     	endif
  2720   0010D8                     	if	0	;tblptru may be non-zero
  2721   0010D8                     	endif
  2722   0010D8  0008               	tblrd		*
  2723   0010DA  50F5               	movf	tablat,w,c
  2724   0010DC  0A64               	xorlw	100
  2725   0010DE  B4D8               	btfsc	status,2,c
  2726   0010E0  EF74  F008         	goto	u1521
  2727   0010E4  EF76  F008         	goto	u1520
  2728   0010E8                     u1521:
  2729   0010E8  EF82  F008         	goto	l2350
  2730   0010EC                     u1520:
  2731   0010EC  C010  FFF6         	movff	vfpfcnvrt@cp,tblptrl
  2732   0010F0                     	if	0	;There is only one active tblptr byte
  2733   0010F0                     	endif
  2734   0010F0                     	if	0	;tblptru may be non-zero
  2735   0010F0                     	endif
  2736   0010F0                     	if	0	;tblptru may be non-zero
  2737   0010F0                     	endif
  2738   0010F0  0008               	tblrd		*
  2739   0010F2  50F5               	movf	tablat,w,c
  2740   0010F4  0A69               	xorlw	105
  2741   0010F6  A4D8               	btfss	status,2,c
  2742   0010F8  EF80  F008         	goto	u1531
  2743   0010FC  EF82  F008         	goto	u1530
  2744   001100                     u1531:
  2745   001100  EF06  F009         	goto	l2376
  2746   001104                     u1530:
  2747   001104                     l2350:
  2748                           
  2749                           ;C:\Program Files\Microchip\xc8\v3.10\pic\sources\c99\common\doprnt.c: 1404:    convarg.
      +                          sint = (vfpf_sint_t)(int)(*(int *)__va_arg(*(int **)ap, (int)0));
  2750   001104  500D               	movf	vfpfcnvrt@ap^0,w,c
  2751   001106  6ED9               	movwf	fsr2l,c
  2752   001108  6ADA               	clrf	fsr2h,c
  2753   00110A  0E02               	movlw	2
  2754   00110C  26DF               	addwf	indf2,f,c
  2755   00110E  5CDF               	subwf	indf2,w,c
  2756   001110  6ED9               	movwf	fsr2l,c
  2757   001112  6ADA               	clrf	fsr2h,c
  2758   001114  CFDE F011          	movff	postinc2,vfpfcnvrt@convarg
  2759   001118  CFDE F012          	movff	postinc2,vfpfcnvrt@convarg+1
  2760   00111C                     
  2761                           ;C:\Program Files\Microchip\xc8\v3.10\pic\sources\c99\common\doprnt.c: 1406:    *fmt = c
      +                          p+1;
  2762   00111C  500C               	movf	vfpfcnvrt@fmt^0,w,c
  2763   00111E  6ED9               	movwf	fsr2l,c
  2764   001120  6ADA               	clrf	fsr2h,c
  2765   001122  2810               	incf	vfpfcnvrt@cp^0,w,c
  2766   001124  6EDF               	movwf	indf2,c
  2767   001126                     
  2768                           ;C:\Program Files\Microchip\xc8\v3.10\pic\sources\c99\common\doprnt.c: 1408:    c = size
      +                          of(dbuf);
  2769   001126  0E20               	movlw	32
  2770   001128  6E15               	movwf	vfpfcnvrt@c^0,c
  2771                           
  2772                           ;C:\Program Files\Microchip\xc8\v3.10\pic\sources\c99\common\doprnt.c: 1409:    done = c
      +                          onvarg.sint < 0;
  2773   00112A  BE12               	btfsc	(vfpfcnvrt@convarg+1)^0,7,c
  2774   00112C  EF9A  F008         	goto	u1541
  2775   001130  EF9D  F008         	goto	u1540
  2776   001134                     u1541:
  2777   001134  0E01               	movlw	1
  2778   001136  EF9E  F008         	goto	u1550
  2779   00113A                     u1540:
  2780   00113A  0E00               	movlw	0
  2781   00113C                     u1550:
  2782   00113C  6E0F               	movwf	vfpfcnvrt@done^0,c
  2783   00113E                     l2356:
  2784                           
  2785                           ;C:\Program Files\Microchip\xc8\v3.10\pic\sources\c99\common\doprnt.c: 1411:     dbuf[--
      +                          c] = abs(convarg.sint % 10) + '0';
  2786   00113E  0615               	decf	vfpfcnvrt@c^0,f,c
  2787   001140  5015               	movf	vfpfcnvrt@c^0,w,c
  2788   001142  0F60               	addlw	low _dbuf
  2789   001144  6ED9               	movwf	fsr2l,c
  2790   001146  6ADA               	clrf	fsr2h,c
  2791   001148  C011  F001         	movff	vfpfcnvrt@convarg,___awmod@dividend
  2792   00114C  C012  F002         	movff	vfpfcnvrt@convarg+1,___awmod@dividend+1
  2793   001150  6A04               	clrf	(___awmod@divisor+1)^0,c
  2794   001152  0E0A               	movlw	10
  2795   001154  6E03               	movwf	___awmod@divisor^0,c
  2796   001156  EC33  F00D         	call	___awmod	;wreg free
  2797   00115A  C001  F007         	movff	?___awmod,abs@a
  2798   00115E  C002  F008         	movff	?___awmod+1,abs@a+1
  2799   001162  EC67  F010         	call	_abs	;wreg free
  2800   001166  5007               	movf	?_abs^0,w,c
  2801   001168  0F30               	addlw	48
  2802   00116A  6EDF               	movwf	indf2,c
  2803   00116C                     
  2804                           ;C:\Program Files\Microchip\xc8\v3.10\pic\sources\c99\common\doprnt.c: 1412:     convarg
      +                          .sint /= 10;
  2805   00116C  C011  F001         	movff	vfpfcnvrt@convarg,___awdiv@dividend
  2806   001170  C012  F002         	movff	vfpfcnvrt@convarg+1,___awdiv@dividend+1
  2807   001174  6A04               	clrf	(___awdiv@divisor+1)^0,c
  2808   001176  0E0A               	movlw	10
  2809   001178  6E03               	movwf	___awdiv@divisor^0,c
  2810   00117A  ECD3  F00C         	call	___awdiv	;wreg free
  2811   00117E  C001  F011         	movff	?___awdiv,vfpfcnvrt@convarg
  2812   001182  C002  F012         	movff	?___awdiv+1,vfpfcnvrt@convarg+1
  2813   001186                     
  2814                           ;C:\Program Files\Microchip\xc8\v3.10\pic\sources\c99\common\doprnt.c: 1416:    } while 
      +                          (convarg.sint != 0 && c != 0);
  2815   001186  5011               	movf	vfpfcnvrt@convarg^0,w,c
  2816   001188  1012               	iorwf	(vfpfcnvrt@convarg+1)^0,w,c
  2817   00118A  B4D8               	btfsc	status,2,c
  2818   00118C  EFCA  F008         	goto	u1561
  2819   001190  EFCC  F008         	goto	u1560
  2820   001194                     u1561:
  2821   001194  EFD4  F008         	goto	l2364
  2822   001198                     u1560:
  2823   001198  5015               	movf	vfpfcnvrt@c^0,w,c
  2824   00119A  A4D8               	btfss	status,2,c
  2825   00119C  EFD2  F008         	goto	u1571
  2826   0011A0  EFD4  F008         	goto	u1570
  2827   0011A4                     u1571:
  2828   0011A4  EF9F  F008         	goto	l2356
  2829   0011A8                     u1570:
  2830   0011A8                     l2364:
  2831                           
  2832                           ;C:\Program Files\Microchip\xc8\v3.10\pic\sources\c99\common\doprnt.c: 1417:    if (c !=
      +                           0 && done) {
  2833   0011A8  5015               	movf	vfpfcnvrt@c^0,w,c
  2834   0011AA  B4D8               	btfsc	status,2,c
  2835   0011AC  EFDA  F008         	goto	u1581
  2836   0011B0  EFDC  F008         	goto	u1580
  2837   0011B4                     u1581:
  2838   0011B4  EFFB  F008         	goto	l2374
  2839   0011B8                     u1580:
  2840   0011B8  500F               	movf	vfpfcnvrt@done^0,w,c
  2841   0011BA  B4D8               	btfsc	status,2,c
  2842   0011BC  EFE2  F008         	goto	u1591
  2843   0011C0  EFE4  F008         	goto	u1590
  2844   0011C4                     u1591:
  2845   0011C4  EFFB  F008         	goto	l2374
  2846   0011C8                     u1590:
  2847   0011C8                     
  2848                           ;C:\Program Files\Microchip\xc8\v3.10\pic\sources\c99\common\doprnt.c: 1418:     dbuf[--
      +                          c] = '-';
  2849   0011C8  0615               	decf	vfpfcnvrt@c^0,f,c
  2850   0011CA  5015               	movf	vfpfcnvrt@c^0,w,c
  2851   0011CC  0F60               	addlw	low _dbuf
  2852   0011CE  6ED9               	movwf	fsr2l,c
  2853   0011D0  6ADA               	clrf	fsr2h,c
  2854   0011D2  0E2D               	movlw	45
  2855   0011D4  6EDF               	movwf	indf2,c
  2856   0011D6  EFFB  F008         	goto	l2374
  2857   0011DA                     l2370:
  2858                           
  2859                           ;C:\Program Files\Microchip\xc8\v3.10\pic\sources\c99\common\doprnt.c: 1424:     fputc(d
      +                          buf[c++], fp);
  2860   0011DA  5015               	movf	vfpfcnvrt@c^0,w,c
  2861   0011DC  0F60               	addlw	low _dbuf
  2862   0011DE  6ED9               	movwf	fsr2l,c
  2863   0011E0  6ADA               	clrf	fsr2h,c
  2864   0011E2  50DF               	movf	indf2,w,c
  2865   0011E4  6E0E               	movwf	??_vfpfcnvrt^0,c
  2866   0011E6  500E               	movf	??_vfpfcnvrt^0,w,c
  2867   0011E8  6E01               	movwf	fputc@c^0,c
  2868   0011EA  6A02               	clrf	(fputc@c+1)^0,c
  2869   0011EC  C00B  F003         	movff	vfpfcnvrt@fp,fputc@fp
  2870   0011F0  EC8A  F00D         	call	_fputc	;wreg free
  2871   0011F4  2A15               	incf	vfpfcnvrt@c^0,f,c
  2872   0011F6                     l2374:
  2873                           
  2874                           ;C:\Program Files\Microchip\xc8\v3.10\pic\sources\c99\common\doprnt.c: 1423:    while (c
      +                           != sizeof(dbuf)) {
  2875   0011F6  0E20               	movlw	32
  2876   0011F8  1815               	xorwf	vfpfcnvrt@c^0,w,c
  2877   0011FA  A4D8               	btfss	status,2,c
  2878   0011FC  EF02  F009         	goto	u1601
  2879   001200  EF04  F009         	goto	u1600
  2880   001204                     u1601:
  2881   001204  EFED  F008         	goto	l2370
  2882   001208                     u1600:
  2883   001208  EF37  F009         	goto	l1083
  2884   00120C                     l2376:
  2885                           
  2886                           ;C:\Program Files\Microchip\xc8\v3.10\pic\sources\c99\common\doprnt.c: 1798:         if 
      +                          ((*fmt)[0] == '%') {
  2887   00120C  500C               	movf	vfpfcnvrt@fmt^0,w,c
  2888   00120E  6ED9               	movwf	fsr2l,c
  2889   001210  6ADA               	clrf	fsr2h,c
  2890   001212  CFDF FFF6          	movff	indf2,tblptrl
  2891   001216                     	if	0	;There is only one active tblptr byte
  2892   001216                     	endif
  2893   001216                     	if	0	;tblptru may be non-zero
  2894   001216                     	endif
  2895   001216                     	if	0	;tblptru may be non-zero
  2896   001216                     	endif
  2897   001216  0008               	tblrd		*
  2898   001218  50F5               	movf	tablat,w,c
  2899   00121A  0A25               	xorlw	37
  2900   00121C  A4D8               	btfss	status,2,c
  2901   00121E  EF13  F009         	goto	u1611
  2902   001222  EF15  F009         	goto	u1610
  2903   001226                     u1611:
  2904   001226  EF22  F009         	goto	l2384
  2905   00122A                     u1610:
  2906   00122A                     
  2907                           ;C:\Program Files\Microchip\xc8\v3.10\pic\sources\c99\common\doprnt.c: 1799:            
      +                           ++*fmt;
  2908   00122A  500C               	movf	vfpfcnvrt@fmt^0,w,c
  2909   00122C  6ED9               	movwf	fsr2l,c
  2910   00122E  6ADA               	clrf	fsr2h,c
  2911   001230  2ADF               	incf	indf2,f,c
  2912   001232                     
  2913                           ;C:\Program Files\Microchip\xc8\v3.10\pic\sources\c99\common\doprnt.c: 1800:            
      +                           fputc((int)'%', fp);
  2914   001232  6A02               	clrf	(fputc@c+1)^0,c
  2915   001234  0E25               	movlw	37
  2916   001236  6E01               	movwf	fputc@c^0,c
  2917   001238  C00B  F003         	movff	vfpfcnvrt@fp,fputc@fp
  2918   00123C  EC8A  F00D         	call	_fputc	;wreg free
  2919   001240  EF37  F009         	goto	l1083
  2920   001244                     l2384:
  2921                           
  2922                           ;C:\Program Files\Microchip\xc8\v3.10\pic\sources\c99\common\doprnt.c: 1806:         ++*
      +                          fmt;
  2923   001244  500C               	movf	vfpfcnvrt@fmt^0,w,c
  2924   001246  6ED9               	movwf	fsr2l,c
  2925   001248  6ADA               	clrf	fsr2h,c
  2926   00124A  2ADF               	incf	indf2,f,c
  2927   00124C  EF37  F009         	goto	l1083
  2928   001250                     l2388:
  2929                           
  2930                           ;C:\Program Files\Microchip\xc8\v3.10\pic\sources\c99\common\doprnt.c: 1811:     fputc((
      +                          int)(*fmt)[0], fp);
  2931   001250  500C               	movf	vfpfcnvrt@fmt^0,w,c
  2932   001252  6ED9               	movwf	fsr2l,c
  2933   001254  6ADA               	clrf	fsr2h,c
  2934   001256  CFDF FFF6          	movff	indf2,tblptrl
  2935   00125A                     	if	0	;There is only one active tblptr byte
  2936   00125A                     	endif
  2937   00125A                     	if	0	;tblptru may be non-zero
  2938   00125A                     	endif
  2939   00125A                     	if	0	;tblptru may be non-zero
  2940   00125A                     	endif
  2941   00125A  0008               	tblrd		*
  2942   00125C  50F5               	movf	tablat,w,c
  2943   00125E  6E01               	movwf	fputc@c^0,c
  2944   001260  6A02               	clrf	(fputc@c+1)^0,c
  2945   001262  C00B  F003         	movff	vfpfcnvrt@fp,fputc@fp
  2946   001266  EC8A  F00D         	call	_fputc	;wreg free
  2947   00126A  EF22  F009         	goto	l2384
  2948   00126E                     l1083:
  2949   00126E  0012               	return		;funcret
  2950   001270                     __end_of_vfpfcnvrt:
  2951                           	callstack 0
  2952                           
  2953 ;; *************** function _fputc *****************
  2954 ;; Defined at:
  2955 ;;		line 8 in file "C:\Program Files\Microchip\xc8\v3.10\pic\sources\c99\common\nf_fputc.c"
  2956 ;; Parameters:    Size  Location     Type
  2957 ;;  c               2    0[COMRAM] int 
  2958 ;;  fp              1    2[COMRAM] PTR struct _IO_FILE
  2959 ;;		 -> sprintf@f(11), 
  2960 ;; Auto vars:     Size  Location     Type
  2961 ;;		None
  2962 ;; Return value:  Size  Location     Type
  2963 ;;                  2    0[COMRAM] int 
  2964 ;; Registers used:
  2965 ;;		wreg, fsr1l, fsr1h, fsr2l, fsr2h, status,2, status,0, cstack
  2966 ;; Tracked objects:
  2967 ;;		On entry : 0/0
  2968 ;;		On exit  : 0/0
  2969 ;;		Unchanged: 0/0
  2970 ;; Data sizes:     COMRAM   BANK0   BANK1   BANK2   BANK3   BANK4   BANK5   BANK6   BANK7
  2971 ;;      Params:         3       0       0       0       0       0       0       0       0
  2972 ;;      Locals:         0       0       0       0       0       0       0       0       0
  2973 ;;      Temps:          5       0       0       0       0       0       0       0       0
  2974 ;;      Totals:         8       0       0       0       0       0       0       0       0
  2975 ;;Total ram usage:        8 bytes
  2976 ;; Hardware stack levels used: 1
  2977 ;; Hardware stack levels required when called: 1
  2978 ;; This function calls:
  2979 ;;		_putch
  2980 ;; This function is called by:
  2981 ;;		_vfpfcnvrt
  2982 ;; This function uses a non-reentrant model
  2983 ;;
  2984                           
  2985                           	psect	text4
  2986   001B14                     __ptext4:
  2987                           	callstack 0
  2988   001B14                     _fputc:
  2989                           	callstack 26
  2990   001B14  5003               	movf	fputc@fp^0,w,c
  2991   001B16  B4D8               	btfsc	status,2,c
  2992   001B18  EF90  F00D         	goto	u1421
  2993   001B1C  EF92  F00D         	goto	u1420
  2994   001B20                     u1421:
  2995   001B20  EF9A  F00D         	goto	l2258
  2996   001B24                     u1420:
  2997   001B24  5003               	movf	fputc@fp^0,w,c
  2998   001B26  A4D8               	btfss	status,2,c
  2999   001B28  EF98  F00D         	goto	u1431
  3000   001B2C  EF9A  F00D         	goto	u1430
  3001   001B30                     u1431:
  3002   001B30  EF9F  F00D         	goto	l2260
  3003   001B34                     u1430:
  3004   001B34                     l2258:
  3005   001B34  5001               	movf	fputc@c^0,w,c
  3006   001B36  EC88  F011         	call	_putch
  3007   001B3A  EFDE  F00D         	goto	l1109
  3008   001B3E                     l2260:
  3009   001B3E  5003               	movf	fputc@fp^0,w,c
  3010   001B40  6ED9               	movwf	fsr2l,c
  3011   001B42  6ADA               	clrf	fsr2h,c
  3012   001B44  0E09               	movlw	9
  3013   001B46  26D9               	addwf	fsr2l,f,c
  3014   001B48  50DE               	movf	postinc2,w,c
  3015   001B4A  10DE               	iorwf	postinc2,w,c
  3016   001B4C  B4D8               	btfsc	status,2,c
  3017   001B4E  EFAB  F00D         	goto	u1441
  3018   001B52  EFAD  F00D         	goto	u1440
  3019   001B56                     u1441:
  3020   001B56  EFC6  F00D         	goto	l2264
  3021   001B5A                     u1440:
  3022   001B5A  5003               	movf	fputc@fp^0,w,c
  3023   001B5C  6ED9               	movwf	fsr2l,c
  3024   001B5E  6ADA               	clrf	fsr2h,c
  3025   001B60  0E09               	movlw	9
  3026   001B62  26D9               	addwf	fsr2l,f,c
  3027   001B64  5003               	movf	fputc@fp^0,w,c
  3028   001B66  6EE1               	movwf	fsr1l,c
  3029   001B68  6AE2               	clrf	fsr1h,c
  3030   001B6A  0E02               	movlw	2
  3031   001B6C  26E1               	addwf	fsr1l,f,c
  3032   001B6E  50DE               	movf	postinc2,w,c
  3033   001B70  5CE6               	subwf	postinc1,w,c
  3034   001B72  50E6               	movf	postinc1,w,c
  3035   001B74  0A80               	xorlw	128
  3036   001B76  6E08               	movwf	(??_fputc+4)^0,c
  3037   001B78  50DE               	movf	postinc2,w,c
  3038   001B7A  0A80               	xorlw	128
  3039   001B7C  5808               	subwfb	(??_fputc+4)^0,w,c
  3040   001B7E  B0D8               	btfsc	status,0,c
  3041   001B80  EFC4  F00D         	goto	u1451
  3042   001B84  EFC6  F00D         	goto	u1450
  3043   001B88                     u1451:
  3044   001B88  EFDE  F00D         	goto	l1109
  3045   001B8C                     u1450:
  3046   001B8C                     l2264:
  3047   001B8C  5003               	movf	fputc@fp^0,w,c
  3048   001B8E  6ED9               	movwf	fsr2l,c
  3049   001B90  6ADA               	clrf	fsr2h,c
  3050   001B92  0E02               	movlw	2
  3051   001B94  26D9               	addwf	fsr2l,f,c
  3052   001B96  50DF               	movf	indf2,w,c
  3053   001B98  6E04               	movwf	??_fputc^0,c
  3054   001B9A  5003               	movf	fputc@fp^0,w,c
  3055   001B9C  6ED9               	movwf	fsr2l,c
  3056   001B9E  6ADA               	clrf	fsr2h,c
  3057   001BA0  50DF               	movf	indf2,w,c
  3058   001BA2  2404               	addwf	??_fputc^0,w,c
  3059   001BA4  6ED9               	movwf	fsr2l,c
  3060   001BA6  6ADA               	clrf	fsr2h,c
  3061   001BA8  C001  FFDF         	movff	fputc@c,indf2
  3062   001BAC  5003               	movf	fputc@fp^0,w,c
  3063   001BAE  6ED9               	movwf	fsr2l,c
  3064   001BB0  6ADA               	clrf	fsr2h,c
  3065   001BB2  0E02               	movlw	2
  3066   001BB4  26D9               	addwf	fsr2l,f,c
  3067   001BB6  2ADE               	incf	postinc2,f,c
  3068   001BB8  0E00               	movlw	0
  3069   001BBA  22DD               	addwfc	postdec2,f,c
  3070   001BBC                     l1109:
  3071   001BBC  0012               	return		;funcret
  3072   001BBE                     __end_of_fputc:
  3073                           	callstack 0
  3074                           
  3075 ;; *************** function _putch *****************
  3076 ;; Defined at:
  3077 ;;		line 7 in file "C:\Program Files\Microchip\xc8\v3.10\pic\sources\c99\common\putch.c"
  3078 ;; Parameters:    Size  Location     Type
  3079 ;;  c               1    wreg     unsigned char 
  3080 ;; Auto vars:     Size  Location     Type
  3081 ;;  c               1    0[COMRAM] unsigned char 
  3082 ;; Return value:  Size  Location     Type
  3083 ;;                  1    wreg      void 
  3084 ;; Registers used:
  3085 ;;		wreg
  3086 ;; Tracked objects:
  3087 ;;		On entry : 0/0
  3088 ;;		On exit  : 0/0
  3089 ;;		Unchanged: 0/0
  3090 ;; Data sizes:     COMRAM   BANK0   BANK1   BANK2   BANK3   BANK4   BANK5   BANK6   BANK7
  3091 ;;      Params:         0       0       0       0       0       0       0       0       0
  3092 ;;      Locals:         0       0       0       0       0       0       0       0       0
  3093 ;;      Temps:          0       0       0       0       0       0       0       0       0
  3094 ;;      Totals:         0       0       0       0       0       0       0       0       0
  3095 ;;Total ram usage:        0 bytes
  3096 ;; Hardware stack levels used: 1
  3097 ;; This function calls:
  3098 ;;		Nothing
  3099 ;; This function is called by:
  3100 ;;		_fputc
  3101 ;; This function uses a non-reentrant model
  3102 ;;
  3103                           
  3104                           	psect	text5
  3105   002310                     __ptext5:
  3106                           	callstack 0
  3107   002310                     _putch:
  3108                           	callstack 26
  3109   002310  0012               	return		;funcret
  3110   002312                     __end_of_putch:
  3111                           	callstack 0
  3112                           
  3113 ;; *************** function _abs *****************
  3114 ;; Defined at:
  3115 ;;		line 1 in file "C:\Program Files\Microchip\xc8\v3.10\pic\sources\c99\common\abs.c"
  3116 ;; Parameters:    Size  Location     Type
  3117 ;;  a               2    6[COMRAM] int 
  3118 ;; Auto vars:     Size  Location     Type
  3119 ;;		None
  3120 ;; Return value:  Size  Location     Type
  3121 ;;                  2    6[COMRAM] int 
  3122 ;; Registers used:
  3123 ;;		wreg, status,2, status,0
  3124 ;; Tracked objects:
  3125 ;;		On entry : 0/0
  3126 ;;		On exit  : 0/0
  3127 ;;		Unchanged: 0/0
  3128 ;; Data sizes:     COMRAM   BANK0   BANK1   BANK2   BANK3   BANK4   BANK5   BANK6   BANK7
  3129 ;;      Params:         2       0       0       0       0       0       0       0       0
  3130 ;;      Locals:         0       0       0       0       0       0       0       0       0
  3131 ;;      Temps:          2       0       0       0       0       0       0       0       0
  3132 ;;      Totals:         4       0       0       0       0       0       0       0       0
  3133 ;;Total ram usage:        4 bytes
  3134 ;; Hardware stack levels used: 1
  3135 ;; This function calls:
  3136 ;;		Nothing
  3137 ;; This function is called by:
  3138 ;;		_vfpfcnvrt
  3139 ;; This function uses a non-reentrant model
  3140 ;;
  3141                           
  3142                           	psect	text6
  3143   0020CE                     __ptext6:
  3144                           	callstack 0
  3145   0020CE                     _abs:
  3146                           	callstack 27
  3147   0020CE  BE08               	btfsc	(abs@a+1)^0,7,c
  3148   0020D0  EF6C  F010         	goto	u1461
  3149   0020D4  EF6E  F010         	goto	u1460
  3150   0020D8                     u1461:
  3151   0020D8  EF74  F010         	goto	l1094
  3152   0020DC                     u1460:
  3153   0020DC  C007  F007         	movff	abs@a,?_abs
  3154   0020E0  C008  F008         	movff	abs@a+1,?_abs+1
  3155   0020E4  EF80  F010         	goto	l1097
  3156   0020E8                     l1094:
  3157   0020E8  C007  F009         	movff	abs@a,??_abs
  3158   0020EC  C008  F00A         	movff	abs@a+1,??_abs+1
  3159   0020F0  1E09               	comf	??_abs^0,f,c
  3160   0020F2  1E0A               	comf	(??_abs+1)^0,f,c
  3161   0020F4  4A09               	infsnz	??_abs^0,f,c
  3162   0020F6  2A0A               	incf	(??_abs+1)^0,f,c
  3163   0020F8  C009  F007         	movff	??_abs,?_abs
  3164   0020FC  C00A  F008         	movff	??_abs+1,?_abs+1
  3165   002100                     l1097:
  3166   002100  0012               	return		;funcret
  3167   002102                     __end_of_abs:
  3168                           	callstack 0
  3169                           
  3170 ;; *************** function ___awmod *****************
  3171 ;; Defined at:
  3172 ;;		line 7 in file "C:\Program Files\Microchip\xc8\v3.10\pic\sources\c99\common\awmod.c"
  3173 ;; Parameters:    Size  Location     Type
  3174 ;;  dividend        2    0[COMRAM] int 
  3175 ;;  divisor         2    2[COMRAM] int 
  3176 ;; Auto vars:     Size  Location     Type
  3177 ;;  sign            1    5[COMRAM] unsigned char 
  3178 ;;  counter         1    4[COMRAM] unsigned char 
  3179 ;; Return value:  Size  Location     Type
  3180 ;;                  2    0[COMRAM] int 
  3181 ;; Registers used:
  3182 ;;		wreg, status,2, status,0
  3183 ;; Tracked objects:
  3184 ;;		On entry : 0/0
  3185 ;;		On exit  : 0/0
  3186 ;;		Unchanged: 0/0
  3187 ;; Data sizes:     COMRAM   BANK0   BANK1   BANK2   BANK3   BANK4   BANK5   BANK6   BANK7
  3188 ;;      Params:         4       0       0       0       0       0       0       0       0
  3189 ;;      Locals:         2       0       0       0       0       0       0       0       0
  3190 ;;      Temps:          0       0       0       0       0       0       0       0       0
  3191 ;;      Totals:         6       0       0       0       0       0       0       0       0
  3192 ;;Total ram usage:        6 bytes
  3193 ;; Hardware stack levels used: 1
  3194 ;; This function calls:
  3195 ;;		Nothing
  3196 ;; This function is called by:
  3197 ;;		_vfpfcnvrt
  3198 ;; This function uses a non-reentrant model
  3199 ;;
  3200                           
  3201                           	psect	text7
  3202   001A66                     __ptext7:
  3203                           	callstack 0
  3204   001A66                     ___awmod:
  3205                           	callstack 27
  3206   001A66  6A06               	clrf	___awmod@sign^0,c
  3207   001A68  BE02               	btfsc	(___awmod@dividend+1)^0,7,c
  3208   001A6A  EF3B  F00D         	goto	u1360
  3209   001A6E  EF39  F00D         	goto	u1361
  3210   001A72                     u1361:
  3211   001A72  EF41  F00D         	goto	l2226
  3212   001A76                     u1360:
  3213   001A76  6C01               	negf	___awmod@dividend^0,c
  3214   001A78  1E02               	comf	(___awmod@dividend+1)^0,f,c
  3215   001A7A  B0D8               	btfsc	status,0,c
  3216   001A7C  2A02               	incf	(___awmod@dividend+1)^0,f,c
  3217   001A7E  0E01               	movlw	1
  3218   001A80  6E06               	movwf	___awmod@sign^0,c
  3219   001A82                     l2226:
  3220   001A82  BE04               	btfsc	(___awmod@divisor+1)^0,7,c
  3221   001A84  EF48  F00D         	goto	u1370
  3222   001A88  EF46  F00D         	goto	u1371
  3223   001A8C                     u1371:
  3224   001A8C  EF4C  F00D         	goto	l2230
  3225   001A90                     u1370:
  3226   001A90  6C03               	negf	___awmod@divisor^0,c
  3227   001A92  1E04               	comf	(___awmod@divisor+1)^0,f,c
  3228   001A94  B0D8               	btfsc	status,0,c
  3229   001A96  2A04               	incf	(___awmod@divisor+1)^0,f,c
  3230   001A98                     l2230:
  3231   001A98  5003               	movf	___awmod@divisor^0,w,c
  3232   001A9A  1004               	iorwf	(___awmod@divisor+1)^0,w,c
  3233   001A9C  B4D8               	btfsc	status,2,c
  3234   001A9E  EF53  F00D         	goto	u1381
  3235   001AA2  EF55  F00D         	goto	u1380
  3236   001AA6                     u1381:
  3237   001AA6  EF79  F00D         	goto	l2246
  3238   001AAA                     u1380:
  3239   001AAA  0E01               	movlw	1
  3240   001AAC  6E05               	movwf	___awmod@counter^0,c
  3241   001AAE  EF5D  F00D         	goto	l2236
  3242   001AB2                     l2234:
  3243   001AB2  90D8               	bcf	status,0,c
  3244   001AB4  3603               	rlcf	___awmod@divisor^0,f,c
  3245   001AB6  3604               	rlcf	(___awmod@divisor+1)^0,f,c
  3246   001AB8  2A05               	incf	___awmod@counter^0,f,c
  3247   001ABA                     l2236:
  3248   001ABA  AE04               	btfss	(___awmod@divisor+1)^0,7,c
  3249   001ABC  EF62  F00D         	goto	u1391
  3250   001AC0  EF64  F00D         	goto	u1390
  3251   001AC4                     u1391:
  3252   001AC4  EF59  F00D         	goto	l2234
  3253   001AC8                     u1390:
  3254   001AC8                     l2238:
  3255   001AC8  5003               	movf	___awmod@divisor^0,w,c
  3256   001ACA  5C01               	subwf	___awmod@dividend^0,w,c
  3257   001ACC  5004               	movf	(___awmod@divisor+1)^0,w,c
  3258   001ACE  5802               	subwfb	(___awmod@dividend+1)^0,w,c
  3259   001AD0  A0D8               	btfss	status,0,c
  3260   001AD2  EF6D  F00D         	goto	u1401
  3261   001AD6  EF6F  F00D         	goto	u1400
  3262   001ADA                     u1401:
  3263   001ADA  EF73  F00D         	goto	l2242
  3264   001ADE                     u1400:
  3265   001ADE  5003               	movf	___awmod@divisor^0,w,c
  3266   001AE0  5E01               	subwf	___awmod@dividend^0,f,c
  3267   001AE2  5004               	movf	(___awmod@divisor+1)^0,w,c
  3268   001AE4  5A02               	subwfb	(___awmod@dividend+1)^0,f,c
  3269   001AE6                     l2242:
  3270   001AE6  90D8               	bcf	status,0,c
  3271   001AE8  3204               	rrcf	(___awmod@divisor+1)^0,f,c
  3272   001AEA  3203               	rrcf	___awmod@divisor^0,f,c
  3273   001AEC  2E05               	decfsz	___awmod@counter^0,f,c
  3274   001AEE  EF64  F00D         	goto	l2238
  3275   001AF2                     l2246:
  3276   001AF2  5006               	movf	___awmod@sign^0,w,c
  3277   001AF4  B4D8               	btfsc	status,2,c
  3278   001AF6  EF7F  F00D         	goto	u1411
  3279   001AFA  EF81  F00D         	goto	u1410
  3280   001AFE                     u1411:
  3281   001AFE  EF85  F00D         	goto	l2250
  3282   001B02                     u1410:
  3283   001B02  6C01               	negf	___awmod@dividend^0,c
  3284   001B04  1E02               	comf	(___awmod@dividend+1)^0,f,c
  3285   001B06  B0D8               	btfsc	status,0,c
  3286   001B08  2A02               	incf	(___awmod@dividend+1)^0,f,c
  3287   001B0A                     l2250:
  3288   001B0A  C001  F001         	movff	___awmod@dividend,?___awmod
  3289   001B0E  C002  F002         	movff	___awmod@dividend+1,?___awmod+1
  3290   001B12  0012               	return		;funcret
  3291   001B14                     __end_of___awmod:
  3292                           	callstack 0
  3293                           
  3294 ;; *************** function ___awdiv *****************
  3295 ;; Defined at:
  3296 ;;		line 7 in file "C:\Program Files\Microchip\xc8\v3.10\pic\sources\c99\common\awdiv.c"
  3297 ;; Parameters:    Size  Location     Type
  3298 ;;  dividend        2    0[COMRAM] int 
  3299 ;;  divisor         2    2[COMRAM] int 
  3300 ;; Auto vars:     Size  Location     Type
  3301 ;;  quotient        2    6[COMRAM] int 
  3302 ;;  sign            1    5[COMRAM] unsigned char 
  3303 ;;  counter         1    4[COMRAM] unsigned char 
  3304 ;; Return value:  Size  Location     Type
  3305 ;;                  2    0[COMRAM] int 
  3306 ;; Registers used:
  3307 ;;		wreg, status,2, status,0
  3308 ;; Tracked objects:
  3309 ;;		On entry : 0/0
  3310 ;;		On exit  : 0/0
  3311 ;;		Unchanged: 0/0
  3312 ;; Data sizes:     COMRAM   BANK0   BANK1   BANK2   BANK3   BANK4   BANK5   BANK6   BANK7
  3313 ;;      Params:         4       0       0       0       0       0       0       0       0
  3314 ;;      Locals:         4       0       0       0       0       0       0       0       0
  3315 ;;      Temps:          0       0       0       0       0       0       0       0       0
  3316 ;;      Totals:         8       0       0       0       0       0       0       0       0
  3317 ;;Total ram usage:        8 bytes
  3318 ;; Hardware stack levels used: 1
  3319 ;; This function calls:
  3320 ;;		Nothing
  3321 ;; This function is called by:
  3322 ;;		_vfpfcnvrt
  3323 ;; This function uses a non-reentrant model
  3324 ;;
  3325                           
  3326                           	psect	text8
  3327   0019A6                     __ptext8:
  3328                           	callstack 0
  3329   0019A6                     ___awdiv:
  3330                           	callstack 27
  3331   0019A6  6A06               	clrf	___awdiv@sign^0,c
  3332   0019A8  BE04               	btfsc	(___awdiv@divisor+1)^0,7,c
  3333   0019AA  EFDB  F00C         	goto	u1300
  3334   0019AE  EFD9  F00C         	goto	u1301
  3335   0019B2                     u1301:
  3336   0019B2  EFE1  F00C         	goto	l2182
  3337   0019B6                     u1300:
  3338   0019B6  6C03               	negf	___awdiv@divisor^0,c
  3339   0019B8  1E04               	comf	(___awdiv@divisor+1)^0,f,c
  3340   0019BA  B0D8               	btfsc	status,0,c
  3341   0019BC  2A04               	incf	(___awdiv@divisor+1)^0,f,c
  3342   0019BE  0E01               	movlw	1
  3343   0019C0  6E06               	movwf	___awdiv@sign^0,c
  3344   0019C2                     l2182:
  3345   0019C2  BE02               	btfsc	(___awdiv@dividend+1)^0,7,c
  3346   0019C4  EFE8  F00C         	goto	u1310
  3347   0019C8  EFE6  F00C         	goto	u1311
  3348   0019CC                     u1311:
  3349   0019CC  EFEE  F00C         	goto	l2188
  3350   0019D0                     u1310:
  3351   0019D0  6C01               	negf	___awdiv@dividend^0,c
  3352   0019D2  1E02               	comf	(___awdiv@dividend+1)^0,f,c
  3353   0019D4  B0D8               	btfsc	status,0,c
  3354   0019D6  2A02               	incf	(___awdiv@dividend+1)^0,f,c
  3355   0019D8  0E01               	movlw	1
  3356   0019DA  1A06               	xorwf	___awdiv@sign^0,f,c
  3357   0019DC                     l2188:
  3358   0019DC  6A08               	clrf	(___awdiv@quotient+1)^0,c
  3359   0019DE  0E00               	movlw	0
  3360   0019E0  6E07               	movwf	___awdiv@quotient^0,c
  3361   0019E2  5003               	movf	___awdiv@divisor^0,w,c
  3362   0019E4  1004               	iorwf	(___awdiv@divisor+1)^0,w,c
  3363   0019E6  B4D8               	btfsc	status,2,c
  3364   0019E8  EFF8  F00C         	goto	u1321
  3365   0019EC  EFFA  F00C         	goto	u1320
  3366   0019F0                     u1321:
  3367   0019F0  EF22  F00D         	goto	l2210
  3368   0019F4                     u1320:
  3369   0019F4  0E01               	movlw	1
  3370   0019F6  6E05               	movwf	___awdiv@counter^0,c
  3371   0019F8  EF02  F00D         	goto	l2196
  3372   0019FC                     l2194:
  3373   0019FC  90D8               	bcf	status,0,c
  3374   0019FE  3603               	rlcf	___awdiv@divisor^0,f,c
  3375   001A00  3604               	rlcf	(___awdiv@divisor+1)^0,f,c
  3376   001A02  2A05               	incf	___awdiv@counter^0,f,c
  3377   001A04                     l2196:
  3378   001A04  AE04               	btfss	(___awdiv@divisor+1)^0,7,c
  3379   001A06  EF07  F00D         	goto	u1331
  3380   001A0A  EF09  F00D         	goto	u1330
  3381   001A0E                     u1331:
  3382   001A0E  EFFE  F00C         	goto	l2194
  3383   001A12                     u1330:
  3384   001A12                     l2198:
  3385   001A12  90D8               	bcf	status,0,c
  3386   001A14  3607               	rlcf	___awdiv@quotient^0,f,c
  3387   001A16  3608               	rlcf	(___awdiv@quotient+1)^0,f,c
  3388   001A18  5003               	movf	___awdiv@divisor^0,w,c
  3389   001A1A  5C01               	subwf	___awdiv@dividend^0,w,c
  3390   001A1C  5004               	movf	(___awdiv@divisor+1)^0,w,c
  3391   001A1E  5802               	subwfb	(___awdiv@dividend+1)^0,w,c
  3392   001A20  A0D8               	btfss	status,0,c
  3393   001A22  EF15  F00D         	goto	u1341
  3394   001A26  EF17  F00D         	goto	u1340
  3395   001A2A                     u1341:
  3396   001A2A  EF1C  F00D         	goto	l2206
  3397   001A2E                     u1340:
  3398   001A2E  5003               	movf	___awdiv@divisor^0,w,c
  3399   001A30  5E01               	subwf	___awdiv@dividend^0,f,c
  3400   001A32  5004               	movf	(___awdiv@divisor+1)^0,w,c
  3401   001A34  5A02               	subwfb	(___awdiv@dividend+1)^0,f,c
  3402   001A36  8007               	bsf	___awdiv@quotient^0,0,c
  3403   001A38                     l2206:
  3404   001A38  90D8               	bcf	status,0,c
  3405   001A3A  3204               	rrcf	(___awdiv@divisor+1)^0,f,c
  3406   001A3C  3203               	rrcf	___awdiv@divisor^0,f,c
  3407   001A3E  2E05               	decfsz	___awdiv@counter^0,f,c
  3408   001A40  EF09  F00D         	goto	l2198
  3409   001A44                     l2210:
  3410   001A44  5006               	movf	___awdiv@sign^0,w,c
  3411   001A46  B4D8               	btfsc	status,2,c
  3412   001A48  EF28  F00D         	goto	u1351
  3413   001A4C  EF2A  F00D         	goto	u1350
  3414   001A50                     u1351:
  3415   001A50  EF2E  F00D         	goto	l2214
  3416   001A54                     u1350:
  3417   001A54  6C07               	negf	___awdiv@quotient^0,c
  3418   001A56  1E08               	comf	(___awdiv@quotient+1)^0,f,c
  3419   001A58  B0D8               	btfsc	status,0,c
  3420   001A5A  2A08               	incf	(___awdiv@quotient+1)^0,f,c
  3421   001A5C                     l2214:
  3422   001A5C  C007  F001         	movff	___awdiv@quotient,?___awdiv
  3423   001A60  C008  F002         	movff	___awdiv@quotient+1,?___awdiv+1
  3424   001A64  0012               	return		;funcret
  3425   001A66                     __end_of___awdiv:
  3426                           	callstack 0
  3427                           
  3428 ;; *************** function _setup *****************
  3429 ;; Defined at:
  3430 ;;		line 12 in file "main.c"
  3431 ;; Parameters:    Size  Location     Type
  3432 ;;		None
  3433 ;; Auto vars:     Size  Location     Type
  3434 ;;		None
  3435 ;; Return value:  Size  Location     Type
  3436 ;;                  1    wreg      void 
  3437 ;; Registers used:
  3438 ;;		wreg, status,2
  3439 ;; Tracked objects:
  3440 ;;		On entry : 0/0
  3441 ;;		On exit  : 0/0
  3442 ;;		Unchanged: 0/0
  3443 ;; Data sizes:     COMRAM   BANK0   BANK1   BANK2   BANK3   BANK4   BANK5   BANK6   BANK7
  3444 ;;      Params:         0       0       0       0       0       0       0       0       0
  3445 ;;      Locals:         0       0       0       0       0       0       0       0       0
  3446 ;;      Temps:          0       0       0       0       0       0       0       0       0
  3447 ;;      Totals:         0       0       0       0       0       0       0       0       0
  3448 ;;Total ram usage:        0 bytes
  3449 ;; Hardware stack levels used: 1
  3450 ;; This function calls:
  3451 ;;		Nothing
  3452 ;; This function is called by:
  3453 ;;		_main
  3454 ;; This function uses a non-reentrant model
  3455 ;;
  3456                           
  3457                           	psect	text9
  3458   0022DA                     __ptext9:
  3459                           	callstack 0
  3460   0022DA                     _setup:
  3461                           	callstack 30
  3462   0022DA                     
  3463                           ;main.c: 13:     OSCCON = 0x72;
  3464   0022DA  0E72               	movlw	114
  3465   0022DC  6ED3               	movwf	211,c	;volatile
  3466   0022DE                     
  3467                           ;main.c: 14:     TRISA = 0xFF;
  3468   0022DE  6892               	setf	146,c	;volatile
  3469   0022E0                     
  3470                           ;main.c: 15:     TRISB = 0x00;
  3471   0022E0  6A93               	clrf	147,c	;volatile
  3472   0022E2                     
  3473                           ;main.c: 16:     TRISD = 0x00;
  3474   0022E2  6A95               	clrf	149,c	;volatile
  3475   0022E4                     
  3476                           ;main.c: 17:     LATD = 0x00;
  3477   0022E4  6A8C               	clrf	140,c	;volatile
  3478                           
  3479                           ;main.c: 18:     ADCON1 = 0x0E;
  3480   0022E6  0E0E               	movlw	14
  3481   0022E8  6EC1               	movwf	193,c	;volatile
  3482   0022EA  0012               	return		;funcret
  3483   0022EC                     __end_of_setup:
  3484                           	callstack 0
  3485                           
  3486 ;; *************** function _leer_temperatura *****************
  3487 ;; Defined at:
  3488 ;;		line 6 in file "sensores.c"
  3489 ;; Parameters:    Size  Location     Type
  3490 ;;		None
  3491 ;; Auto vars:     Size  Location     Type
  3492 ;;  adc             2   68[COMRAM] int 
  3493 ;; Return value:  Size  Location     Type
  3494 ;;                  4   64[COMRAM] float 
  3495 ;; Registers used:
  3496 ;;		wreg, status,2, status,0, prodl, prodh, cstack
  3497 ;; Tracked objects:
  3498 ;;		On entry : 0/0
  3499 ;;		On exit  : 0/0
  3500 ;;		Unchanged: 0/0
  3501 ;; Data sizes:     COMRAM   BANK0   BANK1   BANK2   BANK3   BANK4   BANK5   BANK6   BANK7
  3502 ;;      Params:         4       0       0       0       0       0       0       0       0
  3503 ;;      Locals:         2       0       0       0       0       0       0       0       0
  3504 ;;      Temps:          0       0       0       0       0       0       0       0       0
  3505 ;;      Totals:         6       0       0       0       0       0       0       0       0
  3506 ;;Total ram usage:        6 bytes
  3507 ;; Hardware stack levels used: 1
  3508 ;; Hardware stack levels required when called: 1
  3509 ;; This function calls:
  3510 ;;		___fldiv
  3511 ;;		___flmul
  3512 ;;		___xxtofl
  3513 ;;		_leer_adc
  3514 ;; This function is called by:
  3515 ;;		_main
  3516 ;; This function uses a non-reentrant model
  3517 ;;
  3518                           
  3519                           	psect	text10
  3520   001D74                     __ptext10:
  3521                           	callstack 0
  3522   001D74                     _leer_temperatura:
  3523                           	callstack 29
  3524   001D74                     
  3525                           ;sensores.c: 8:     int adc = leer_adc(0);
  3526   001D74  6A02               	clrf	(leer_adc@canal+1)^0,c
  3527   001D76  0E00               	movlw	0
  3528   001D78  6E01               	movwf	leer_adc@canal^0,c
  3529   001D7A  EC2C  F010         	call	_leer_adc	;wreg free
  3530   001D7E  C001  F045         	movff	?_leer_adc,leer_temperatura@adc
  3531   001D82  C002  F046         	movff	?_leer_adc+1,leer_temperatura@adc+1
  3532   001D86                     
  3533                           ;sensores.c: 9:     return (adc * 500.0) / 1023.0;
  3534   001D86  0E00               	movlw	0
  3535   001D88  6E13               	movwf	___flmul@a^0,c
  3536   001D8A  0E00               	movlw	0
  3537   001D8C  6E14               	movwf	(___flmul@a+1)^0,c
  3538   001D8E  0EFA               	movlw	250
  3539   001D90  6E15               	movwf	(___flmul@a+2)^0,c
  3540   001D92  0E43               	movlw	67
  3541   001D94  6E16               	movwf	(___flmul@a+3)^0,c
  3542   001D96  C045  F001         	movff	leer_temperatura@adc,___xxtofl@val
  3543   001D9A  C046  F002         	movff	leer_temperatura@adc+1,___xxtofl@val+1
  3544   001D9E  0E00               	movlw	0
  3545   001DA0  BE02               	btfsc	(___xxtofl@val+1)^0,7,c
  3546   001DA2  0EFF               	movlw	-1
  3547   001DA4  6E03               	movwf	(___xxtofl@val+2)^0,c
  3548   001DA6  6E04               	movwf	(___xxtofl@val+3)^0,c
  3549   001DA8  0E01               	movlw	1
  3550   001DAA  EC38  F009         	call	___xxtofl
  3551   001DAE  C001  F00F         	movff	?___xxtofl,___flmul@b
  3552   001DB2  C002  F010         	movff	?___xxtofl+1,___flmul@b+1
  3553   001DB6  C003  F011         	movff	?___xxtofl+2,___flmul@b+2
  3554   001DBA  C004  F012         	movff	?___xxtofl+3,___flmul@b+3
  3555   001DBE  EC71  F004         	call	___flmul	;wreg free
  3556   001DC2  C00F  F028         	movff	?___flmul,___fldiv@b
  3557   001DC6  C010  F029         	movff	?___flmul+1,___fldiv@b+1
  3558   001DCA  C011  F02A         	movff	?___flmul+2,___fldiv@b+2
  3559   001DCE  C012  F02B         	movff	?___flmul+3,___fldiv@b+3
  3560   001DD2  0E00               	movlw	0
  3561   001DD4  6E2C               	movwf	___fldiv@a^0,c
  3562   001DD6  0EC0               	movlw	192
  3563   001DD8  6E2D               	movwf	(___fldiv@a+1)^0,c
  3564   001DDA  0E7F               	movlw	127
  3565   001DDC  6E2E               	movwf	(___fldiv@a+2)^0,c
  3566   001DDE  0E44               	movlw	68
  3567   001DE0  6E2F               	movwf	(___fldiv@a+3)^0,c
  3568   001DE2  EC84  F006         	call	___fldiv	;wreg free
  3569   001DE6  C028  F041         	movff	?___fldiv,?_leer_temperatura
  3570   001DEA  C029  F042         	movff	?___fldiv+1,?_leer_temperatura+1
  3571   001DEE  C02A  F043         	movff	?___fldiv+2,?_leer_temperatura+2
  3572   001DF2  C02B  F044         	movff	?___fldiv+3,?_leer_temperatura+3
  3573   001DF6  0012               	return		;funcret
  3574   001DF8                     __end_of_leer_temperatura:
  3575                           	callstack 0
  3576                           
  3577 ;; *************** function _leer_luz *****************
  3578 ;; Defined at:
  3579 ;;		line 11 in file "sensores.c"
  3580 ;; Parameters:    Size  Location     Type
  3581 ;;		None
  3582 ;; Auto vars:     Size  Location     Type
  3583 ;;		None
  3584 ;; Return value:  Size  Location     Type
  3585 ;;                  2    4[COMRAM] int 
  3586 ;; Registers used:
  3587 ;;		wreg, status,2, status,0, cstack
  3588 ;; Tracked objects:
  3589 ;;		On entry : 0/0
  3590 ;;		On exit  : 0/0
  3591 ;;		Unchanged: 0/0
  3592 ;; Data sizes:     COMRAM   BANK0   BANK1   BANK2   BANK3   BANK4   BANK5   BANK6   BANK7
  3593 ;;      Params:         2       0       0       0       0       0       0       0       0
  3594 ;;      Locals:         0       0       0       0       0       0       0       0       0
  3595 ;;      Temps:          0       0       0       0       0       0       0       0       0
  3596 ;;      Totals:         2       0       0       0       0       0       0       0       0
  3597 ;;Total ram usage:        2 bytes
  3598 ;; Hardware stack levels used: 1
  3599 ;; Hardware stack levels required when called: 1
  3600 ;; This function calls:
  3601 ;;		_leer_adc
  3602 ;; This function is called by:
  3603 ;;		_main
  3604 ;; This function uses a non-reentrant model
  3605 ;;
  3606                           
  3607                           	psect	text11
  3608   0022B2                     __ptext11:
  3609                           	callstack 0
  3610   0022B2                     _leer_luz:
  3611                           	callstack 29
  3612   0022B2                     
  3613                           ;sensores.c: 12:     return leer_adc(1);
  3614   0022B2  6A02               	clrf	(leer_adc@canal+1)^0,c
  3615   0022B4  0E01               	movlw	1
  3616   0022B6  6E01               	movwf	leer_adc@canal^0,c
  3617   0022B8  EC2C  F010         	call	_leer_adc	;wreg free
  3618   0022BC  C001  F005         	movff	?_leer_adc,?_leer_luz
  3619   0022C0  C002  F006         	movff	?_leer_adc+1,?_leer_luz+1
  3620   0022C4  0012               	return		;funcret
  3621   0022C6                     __end_of_leer_luz:
  3622                           	callstack 0
  3623                           
  3624 ;; *************** function _leer_aire *****************
  3625 ;; Defined at:
  3626 ;;		line 14 in file "sensores.c"
  3627 ;; Parameters:    Size  Location     Type
  3628 ;;		None
  3629 ;; Auto vars:     Size  Location     Type
  3630 ;;		None
  3631 ;; Return value:  Size  Location     Type
  3632 ;;                  2    4[COMRAM] int 
  3633 ;; Registers used:
  3634 ;;		wreg, status,2, status,0, cstack
  3635 ;; Tracked objects:
  3636 ;;		On entry : 0/0
  3637 ;;		On exit  : 0/0
  3638 ;;		Unchanged: 0/0
  3639 ;; Data sizes:     COMRAM   BANK0   BANK1   BANK2   BANK3   BANK4   BANK5   BANK6   BANK7
  3640 ;;      Params:         2       0       0       0       0       0       0       0       0
  3641 ;;      Locals:         0       0       0       0       0       0       0       0       0
  3642 ;;      Temps:          0       0       0       0       0       0       0       0       0
  3643 ;;      Totals:         2       0       0       0       0       0       0       0       0
  3644 ;;Total ram usage:        2 bytes
  3645 ;; Hardware stack levels used: 1
  3646 ;; Hardware stack levels required when called: 1
  3647 ;; This function calls:
  3648 ;;		_leer_adc
  3649 ;; This function is called by:
  3650 ;;		_main
  3651 ;; This function uses a non-reentrant model
  3652 ;;
  3653                           
  3654                           	psect	text12
  3655   0022C6                     __ptext12:
  3656                           	callstack 0
  3657   0022C6                     _leer_aire:
  3658                           	callstack 29
  3659   0022C6                     
  3660                           ;sensores.c: 15:     return leer_adc(2);
  3661   0022C6  6A02               	clrf	(leer_adc@canal+1)^0,c
  3662   0022C8  0E02               	movlw	2
  3663   0022CA  6E01               	movwf	leer_adc@canal^0,c
  3664   0022CC  EC2C  F010         	call	_leer_adc	;wreg free
  3665   0022D0  C001  F005         	movff	?_leer_adc,?_leer_aire
  3666   0022D4  C002  F006         	movff	?_leer_adc+1,?_leer_aire+1
  3667   0022D8  0012               	return		;funcret
  3668   0022DA                     __end_of_leer_aire:
  3669                           	callstack 0
  3670                           
  3671 ;; *************** function _leer_adc *****************
  3672 ;; Defined at:
  3673 ;;		line 11 in file "adc.c"
  3674 ;; Parameters:    Size  Location     Type
  3675 ;;  canal           2    0[COMRAM] int 
  3676 ;; Auto vars:     Size  Location     Type
  3677 ;;		None
  3678 ;; Return value:  Size  Location     Type
  3679 ;;                  2    0[COMRAM] int 
  3680 ;; Registers used:
  3681 ;;		wreg, status,2, status,0
  3682 ;; Tracked objects:
  3683 ;;		On entry : 0/0
  3684 ;;		On exit  : 0/0
  3685 ;;		Unchanged: 0/0
  3686 ;; Data sizes:     COMRAM   BANK0   BANK1   BANK2   BANK3   BANK4   BANK5   BANK6   BANK7
  3687 ;;      Params:         2       0       0       0       0       0       0       0       0
  3688 ;;      Locals:         0       0       0       0       0       0       0       0       0
  3689 ;;      Temps:          2       0       0       0       0       0       0       0       0
  3690 ;;      Totals:         4       0       0       0       0       0       0       0       0
  3691 ;;Total ram usage:        4 bytes
  3692 ;; Hardware stack levels used: 1
  3693 ;; This function calls:
  3694 ;;		Nothing
  3695 ;; This function is called by:
  3696 ;;		_leer_temperatura
  3697 ;;		_leer_luz
  3698 ;;		_leer_aire
  3699 ;; This function uses a non-reentrant model
  3700 ;;
  3701                           
  3702                           	psect	text13
  3703   002058                     __ptext13:
  3704                           	callstack 0
  3705   002058                     _leer_adc:
  3706                           	callstack 29
  3707   002058                     
  3708                           ;adc.c: 13:     ADCON0bits.CHS = (unsigned char)canal;
  3709   002058  C001  F003         	movff	leer_adc@canal,??_leer_adc
  3710   00205C  4603               	rlncf	??_leer_adc^0,f,c
  3711   00205E  4603               	rlncf	??_leer_adc^0,f,c
  3712   002060  50C2               	movf	194,w,c	;volatile
  3713   002062  1803               	xorwf	??_leer_adc^0,w,c
  3714   002064  0BC3               	andlw	-61
  3715   002066  1803               	xorwf	??_leer_adc^0,w,c
  3716   002068  6EC2               	movwf	194,c	;volatile
  3717   00206A                     
  3718                           ;adc.c: 15:     _delay((unsigned long)((10)*(8000000/4000000.0)));
  3719   00206A  0E06               	movlw	6
  3720   00206C                     u2557:
  3721   00206C  2EE8               	decfsz	wreg,f,c
  3722   00206E  D7FE               	bra	u2557
  3723   002070  D000               	nop2	
  3724   002072                     
  3725                           ;adc.c: 17:     GO_nDONE = 1;
  3726   002072  82C2               	bsf	4034,1,c	;volatile
  3727   002074                     l81:
  3728   002074  B2C2               	btfsc	4034,1,c	;volatile
  3729   002076  EF3F  F010         	goto	u1621
  3730   00207A  EF41  F010         	goto	u1620
  3731   00207E                     u1621:
  3732   00207E  EF3A  F010         	goto	l81
  3733   002082                     u1620:
  3734   002082                     
  3735                           ;adc.c: 20:     return (ADRESH << 8) + ADRESL;
  3736   002082  50C4               	movf	196,w,c	;volatile
  3737   002084  6E04               	movwf	(??_leer_adc+1)^0,c
  3738   002086  6A03               	clrf	??_leer_adc^0,c
  3739   002088  50C3               	movf	195,w,c	;volatile
  3740   00208A  2403               	addwf	??_leer_adc^0,w,c
  3741   00208C  6E01               	movwf	?_leer_adc^0,c
  3742   00208E  0E00               	movlw	0
  3743   002090  2004               	addwfc	(??_leer_adc+1)^0,w,c
  3744   002092  6E02               	movwf	(?_leer_adc+1)^0,c
  3745   002094  0012               	return		;funcret
  3746   002096                     __end_of_leer_adc:
  3747                           	callstack 0
  3748                           
  3749 ;; *************** function _init_PWM *****************
  3750 ;; Defined at:
  3751 ;;		line 5 in file "pwm.c"
  3752 ;; Parameters:    Size  Location     Type
  3753 ;;		None
  3754 ;; Auto vars:     Size  Location     Type
  3755 ;;		None
  3756 ;; Return value:  Size  Location     Type
  3757 ;;                  1    wreg      void 
  3758 ;; Registers used:
  3759 ;;		wreg, status,2
  3760 ;; Tracked objects:
  3761 ;;		On entry : 0/0
  3762 ;;		On exit  : 0/0
  3763 ;;		Unchanged: 0/0
  3764 ;; Data sizes:     COMRAM   BANK0   BANK1   BANK2   BANK3   BANK4   BANK5   BANK6   BANK7
  3765 ;;      Params:         0       0       0       0       0       0       0       0       0
  3766 ;;      Locals:         0       0       0       0       0       0       0       0       0
  3767 ;;      Temps:          0       0       0       0       0       0       0       0       0
  3768 ;;      Totals:         0       0       0       0       0       0       0       0       0
  3769 ;;Total ram usage:        0 bytes
  3770 ;; Hardware stack levels used: 1
  3771 ;; This function calls:
  3772 ;;		Nothing
  3773 ;; This function is called by:
  3774 ;;		_main
  3775 ;; This function uses a non-reentrant model
  3776 ;;
  3777                           
  3778                           	psect	text14
  3779   0022EC                     __ptext14:
  3780                           	callstack 0
  3781   0022EC                     _init_PWM:
  3782                           	callstack 30
  3783   0022EC                     
  3784                           ;pwm.c: 7:     TRISCbits.TRISC2 = 0;
  3785   0022EC  9494               	bcf	148,2,c	;volatile
  3786                           
  3787                           ;pwm.c: 9:     PR2 = 255;
  3788   0022EE  68CB               	setf	203,c	;volatile
  3789   0022F0                     
  3790                           ;pwm.c: 11:     CCP1CON = 0b00001100;
  3791   0022F0  0E0C               	movlw	12
  3792   0022F2  6EBD               	movwf	189,c	;volatile
  3793                           
  3794                           ;pwm.c: 13:     T2CON = 0b00000100;
  3795   0022F4  0E04               	movlw	4
  3796   0022F6  6ECA               	movwf	202,c	;volatile
  3797   0022F8  0012               	return		;funcret
  3798   0022FA                     __end_of_init_PWM:
  3799                           	callstack 0
  3800                           
  3801 ;; *************** function _init_ADC *****************
  3802 ;; Defined at:
  3803 ;;		line 5 in file "adc.c"
  3804 ;; Parameters:    Size  Location     Type
  3805 ;;		None
  3806 ;; Auto vars:     Size  Location     Type
  3807 ;;		None
  3808 ;; Return value:  Size  Location     Type
  3809 ;;                  1    wreg      void 
  3810 ;; Registers used:
  3811 ;;		wreg, status,2
  3812 ;; Tracked objects:
  3813 ;;		On entry : 0/0
  3814 ;;		On exit  : 0/0
  3815 ;;		Unchanged: 0/0
  3816 ;; Data sizes:     COMRAM   BANK0   BANK1   BANK2   BANK3   BANK4   BANK5   BANK6   BANK7
  3817 ;;      Params:         0       0       0       0       0       0       0       0       0
  3818 ;;      Locals:         0       0       0       0       0       0       0       0       0
  3819 ;;      Temps:          0       0       0       0       0       0       0       0       0
  3820 ;;      Totals:         0       0       0       0       0       0       0       0       0
  3821 ;;Total ram usage:        0 bytes
  3822 ;; Hardware stack levels used: 1
  3823 ;; This function calls:
  3824 ;;		Nothing
  3825 ;; This function is called by:
  3826 ;;		_main
  3827 ;; This function uses a non-reentrant model
  3828 ;;
  3829                           
  3830                           	psect	text15
  3831   002306                     __ptext15:
  3832                           	callstack 0
  3833   002306                     _init_ADC:
  3834                           	callstack 30
  3835   002306                     
  3836                           ;adc.c: 7:     ADCON0 = 0x01;
  3837   002306  0E01               	movlw	1
  3838   002308  6EC2               	movwf	194,c	;volatile
  3839                           
  3840                           ;adc.c: 8:     ADCON2 = 0xA9;
  3841   00230A  0EA9               	movlw	169
  3842   00230C  6EC0               	movwf	192,c	;volatile
  3843   00230E  0012               	return		;funcret
  3844   002310                     __end_of_init_ADC:
  3845                           	callstack 0
  3846                           
  3847 ;; *************** function _control_temperatura *****************
  3848 ;; Defined at:
  3849 ;;		line 6 in file "control.c"
  3850 ;; Parameters:    Size  Location     Type
  3851 ;;  T               4   12[COMRAM] float 
  3852 ;; Auto vars:     Size  Location     Type
  3853 ;;		None
  3854 ;; Return value:  Size  Location     Type
  3855 ;;                  1    wreg      void 
  3856 ;; Registers used:
  3857 ;;		wreg, status,2, status,0, cstack
  3858 ;; Tracked objects:
  3859 ;;		On entry : 0/0
  3860 ;;		On exit  : 0/0
  3861 ;;		Unchanged: 0/0
  3862 ;; Data sizes:     COMRAM   BANK0   BANK1   BANK2   BANK3   BANK4   BANK5   BANK6   BANK7
  3863 ;;      Params:         4       0       0       0       0       0       0       0       0
  3864 ;;      Locals:         0       0       0       0       0       0       0       0       0
  3865 ;;      Temps:          0       0       0       0       0       0       0       0       0
  3866 ;;      Totals:         4       0       0       0       0       0       0       0       0
  3867 ;;Total ram usage:        4 bytes
  3868 ;; Hardware stack levels used: 1
  3869 ;; Hardware stack levels required when called: 1
  3870 ;; This function calls:
  3871 ;;		___flge
  3872 ;; This function is called by:
  3873 ;;		_main
  3874 ;; This function uses a non-reentrant model
  3875 ;;
  3876                           
  3877                           	psect	text16
  3878   001BBE                     __ptext16:
  3879                           	callstack 0
  3880   001BBE                     _control_temperatura:
  3881                           	callstack 29
  3882   001BBE                     
  3883                           ;control.c: 6: void control_temperatura(float T);control.c: 7: {;control.c: 8: static in
      +                          t calentador_on = 0;;control.c: 9: if(!calentador_on && T < 20) { LATDbits.LATD0 = 1; ca
      +                          lentador_on = 1; }
  3884   001BBE  5053               	movf	control_temperatura@calentador_on^0,w,c
  3885   001BC0  1054               	iorwf	(control_temperatura@calentador_on+1)^0,w,c
  3886   001BC2  A4D8               	btfss	status,2,c
  3887   001BC4  EFE6  F00D         	goto	u2321
  3888   001BC8  EFE8  F00D         	goto	u2320
  3889   001BCC                     u2321:
  3890   001BCC  EF07  F00E         	goto	l2942
  3891   001BD0                     u2320:
  3892   001BD0  C00D  F001         	movff	control_temperatura@T,___flge@ff1
  3893   001BD4  C00E  F002         	movff	control_temperatura@T+1,___flge@ff1+1
  3894   001BD8  C00F  F003         	movff	control_temperatura@T+2,___flge@ff1+2
  3895   001BDC  C010  F004         	movff	control_temperatura@T+3,___flge@ff1+3
  3896   001BE0  0E00               	movlw	0
  3897   001BE2  6E05               	movwf	___flge@ff2^0,c
  3898   001BE4  0E00               	movlw	0
  3899   001BE6  6E06               	movwf	(___flge@ff2+1)^0,c
  3900   001BE8  0EA0               	movlw	160
  3901   001BEA  6E07               	movwf	(___flge@ff2+2)^0,c
  3902   001BEC  0E41               	movlw	65
  3903   001BEE  6E08               	movwf	(___flge@ff2+3)^0,c
  3904   001BF0  ECED  F00B         	call	___flge	;wreg free
  3905   001BF4  B0D8               	btfsc	status,0,c
  3906   001BF6  EFFF  F00D         	goto	u2331
  3907   001BFA  EF01  F00E         	goto	u2330
  3908   001BFE                     u2331:
  3909   001BFE  EF07  F00E         	goto	l2942
  3910   001C02                     u2330:
  3911   001C02  808C               	bsf	140,0,c	;volatile
  3912   001C04  6A54               	clrf	(control_temperatura@calentador_on+1)^0,c
  3913   001C06  0E01               	movlw	1
  3914   001C08  6E53               	movwf	control_temperatura@calentador_on^0,c
  3915   001C0A  EF2D  F00E         	goto	l109
  3916   001C0E                     l2942:
  3917   001C0E  5053               	movf	control_temperatura@calentador_on^0,w,c
  3918   001C10  1054               	iorwf	(control_temperatura@calentador_on+1)^0,w,c
  3919   001C12  B4D8               	btfsc	status,2,c
  3920   001C14  EF0E  F00E         	goto	u2341
  3921   001C18  EF10  F00E         	goto	u2340
  3922   001C1C                     u2341:
  3923   001C1C  EF2D  F00E         	goto	l109
  3924   001C20                     u2340:
  3925   001C20  0E00               	movlw	0
  3926   001C22  6E01               	movwf	___flge@ff1^0,c
  3927   001C24  0E00               	movlw	0
  3928   001C26  6E02               	movwf	(___flge@ff1+1)^0,c
  3929   001C28  0EC0               	movlw	192
  3930   001C2A  6E03               	movwf	(___flge@ff1+2)^0,c
  3931   001C2C  0E41               	movlw	65
  3932   001C2E  6E04               	movwf	(___flge@ff1+3)^0,c
  3933   001C30  C00D  F005         	movff	control_temperatura@T,___flge@ff2
  3934   001C34  C00E  F006         	movff	control_temperatura@T+1,___flge@ff2+1
  3935   001C38  C00F  F007         	movff	control_temperatura@T+2,___flge@ff2+2
  3936   001C3C  C010  F008         	movff	control_temperatura@T+3,___flge@ff2+3
  3937   001C40  ECED  F00B         	call	___flge	;wreg free
  3938   001C44  B0D8               	btfsc	status,0,c
  3939   001C46  EF27  F00E         	goto	u2351
  3940   001C4A  EF29  F00E         	goto	u2350
  3941   001C4E                     u2351:
  3942   001C4E  EF2D  F00E         	goto	l109
  3943   001C52                     u2350:
  3944   001C52  908C               	bcf	140,0,c	;volatile
  3945   001C54  6A54               	clrf	(control_temperatura@calentador_on+1)^0,c
  3946   001C56  0E00               	movlw	0
  3947   001C58  6E53               	movwf	control_temperatura@calentador_on^0,c
  3948   001C5A                     l109:
  3949   001C5A  0012               	return		;funcret
  3950   001C5C                     __end_of_control_temperatura:
  3951                           	callstack 0
  3952                           
  3953 ;; *************** function _control_luz *****************
  3954 ;; Defined at:
  3955 ;;		line 13 in file "control.c"
  3956 ;; Parameters:    Size  Location     Type
  3957 ;;  luz             2    0[COMRAM] int 
  3958 ;; Auto vars:     Size  Location     Type
  3959 ;;		None
  3960 ;; Return value:  Size  Location     Type
  3961 ;;                  1    wreg      void 
  3962 ;; Registers used:
  3963 ;;		wreg, status,2, status,0
  3964 ;; Tracked objects:
  3965 ;;		On entry : 0/0
  3966 ;;		On exit  : 0/0
  3967 ;;		Unchanged: 0/0
  3968 ;; Data sizes:     COMRAM   BANK0   BANK1   BANK2   BANK3   BANK4   BANK5   BANK6   BANK7
  3969 ;;      Params:         2       0       0       0       0       0       0       0       0
  3970 ;;      Locals:         0       0       0       0       0       0       0       0       0
  3971 ;;      Temps:          0       0       0       0       0       0       0       0       0
  3972 ;;      Totals:         2       0       0       0       0       0       0       0       0
  3973 ;;Total ram usage:        2 bytes
  3974 ;; Hardware stack levels used: 1
  3975 ;; This function calls:
  3976 ;;		Nothing
  3977 ;; This function is called by:
  3978 ;;		_main
  3979 ;; This function uses a non-reentrant model
  3980 ;;
  3981                           
  3982                           	psect	text17
  3983   001EF0                     __ptext17:
  3984                           	callstack 0
  3985   001EF0                     _control_luz:
  3986                           	callstack 30
  3987   001EF0                     
  3988                           ;control.c: 13: void control_luz(int luz);control.c: 14: {;control.c: 15: static int led
      +                          _on = 0;;control.c: 16: if(!led_on && luz < 450) { LATDbits.LATD2 = 1; led_on = 1; }
  3989   001EF0  5051               	movf	control_luz@led_on^0,w,c
  3990   001EF2  1052               	iorwf	(control_luz@led_on+1)^0,w,c
  3991   001EF4  A4D8               	btfss	status,2,c
  3992   001EF6  EF7F  F00F         	goto	u2361
  3993   001EFA  EF81  F00F         	goto	u2360
  3994   001EFE                     u2361:
  3995   001EFE  EF95  F00F         	goto	l2958
  3996   001F02                     u2360:
  3997   001F02  BE02               	btfsc	(control_luz@luz+1)^0,7,c
  3998   001F04  EF8F  F00F         	goto	u2370
  3999   001F08  0EC2               	movlw	194
  4000   001F0A  5C01               	subwf	control_luz@luz^0,w,c
  4001   001F0C  0E01               	movlw	1
  4002   001F0E  5802               	subwfb	(control_luz@luz+1)^0,w,c
  4003   001F10  B0D8               	btfsc	status,0,c
  4004   001F12  EF8D  F00F         	goto	u2371
  4005   001F16  EF8F  F00F         	goto	u2370
  4006   001F1A                     u2371:
  4007   001F1A  EF95  F00F         	goto	l2958
  4008   001F1E                     u2370:
  4009   001F1E  848C               	bsf	140,2,c	;volatile
  4010   001F20  6A52               	clrf	(control_luz@led_on+1)^0,c
  4011   001F22  0E01               	movlw	1
  4012   001F24  6E51               	movwf	control_luz@led_on^0,c
  4013   001F26  EFB0  F00F         	goto	l117
  4014   001F2A                     l2958:
  4015   001F2A  5051               	movf	control_luz@led_on^0,w,c
  4016   001F2C  1052               	iorwf	(control_luz@led_on+1)^0,w,c
  4017   001F2E  B4D8               	btfsc	status,2,c
  4018   001F30  EF9C  F00F         	goto	u2381
  4019   001F34  EF9E  F00F         	goto	u2380
  4020   001F38                     u2381:
  4021   001F38  EFB0  F00F         	goto	l117
  4022   001F3C                     u2380:
  4023   001F3C  BE02               	btfsc	(control_luz@luz+1)^0,7,c
  4024   001F3E  EFAA  F00F         	goto	u2391
  4025   001F42  0E27               	movlw	39
  4026   001F44  5C01               	subwf	control_luz@luz^0,w,c
  4027   001F46  0E02               	movlw	2
  4028   001F48  5802               	subwfb	(control_luz@luz+1)^0,w,c
  4029   001F4A  A0D8               	btfss	status,0,c
  4030   001F4C  EFAA  F00F         	goto	u2391
  4031   001F50  EFAC  F00F         	goto	u2390
  4032   001F54                     u2391:
  4033   001F54  EFB0  F00F         	goto	l117
  4034   001F58                     u2390:
  4035   001F58  948C               	bcf	140,2,c	;volatile
  4036   001F5A  6A52               	clrf	(control_luz@led_on+1)^0,c
  4037   001F5C  0E00               	movlw	0
  4038   001F5E  6E51               	movwf	control_luz@led_on^0,c
  4039   001F60                     l117:
  4040   001F60  0012               	return		;funcret
  4041   001F62                     __end_of_control_luz:
  4042                           	callstack 0
  4043                           
  4044 ;; *************** function _control_humedad *****************
  4045 ;; Defined at:
  4046 ;;		line 40 in file "control.c"
  4047 ;; Parameters:    Size  Location     Type
  4048 ;;  H               4   12[COMRAM] float 
  4049 ;; Auto vars:     Size  Location     Type
  4050 ;;		None
  4051 ;; Return value:  Size  Location     Type
  4052 ;;                  1    wreg      void 
  4053 ;; Registers used:
  4054 ;;		wreg, status,2, status,0, cstack
  4055 ;; Tracked objects:
  4056 ;;		On entry : 0/0
  4057 ;;		On exit  : 0/0
  4058 ;;		Unchanged: 0/0
  4059 ;; Data sizes:     COMRAM   BANK0   BANK1   BANK2   BANK3   BANK4   BANK5   BANK6   BANK7
  4060 ;;      Params:         4       0       0       0       0       0       0       0       0
  4061 ;;      Locals:         0       0       0       0       0       0       0       0       0
  4062 ;;      Temps:          0       0       0       0       0       0       0       0       0
  4063 ;;      Totals:         4       0       0       0       0       0       0       0       0
  4064 ;;Total ram usage:        4 bytes
  4065 ;; Hardware stack levels used: 1
  4066 ;; Hardware stack levels required when called: 1
  4067 ;; This function calls:
  4068 ;;		___flge
  4069 ;;		_set_PWM_duty
  4070 ;; This function is called by:
  4071 ;;		_main
  4072 ;; This function uses a non-reentrant model
  4073 ;;
  4074                           
  4075                           	psect	text18
  4076   001DF8                     __ptext18:
  4077                           	callstack 0
  4078   001DF8                     _control_humedad:
  4079                           	callstack 29
  4080   001DF8                     
  4081                           ;control.c: 40: void control_humedad(float H);control.c: 41: {;control.c: 42:     if(H <
      +                           40)
  4082   001DF8  C00D  F001         	movff	control_humedad@H,___flge@ff1
  4083   001DFC  C00E  F002         	movff	control_humedad@H+1,___flge@ff1+1
  4084   001E00  C00F  F003         	movff	control_humedad@H+2,___flge@ff1+2
  4085   001E04  C010  F004         	movff	control_humedad@H+3,___flge@ff1+3
  4086   001E08  0E00               	movlw	0
  4087   001E0A  6E05               	movwf	___flge@ff2^0,c
  4088   001E0C  0E00               	movlw	0
  4089   001E0E  6E06               	movwf	(___flge@ff2+1)^0,c
  4090   001E10  0E20               	movlw	32
  4091   001E12  6E07               	movwf	(___flge@ff2+2)^0,c
  4092   001E14  0E42               	movlw	66
  4093   001E16  6E08               	movwf	(___flge@ff2+3)^0,c
  4094   001E18  ECED  F00B         	call	___flge	;wreg free
  4095   001E1C  B0D8               	btfsc	status,0,c
  4096   001E1E  EF13  F00F         	goto	u2421
  4097   001E22  EF15  F00F         	goto	u2420
  4098   001E26                     u2421:
  4099   001E26  EF1C  F00F         	goto	l2986
  4100   001E2A                     u2420:
  4101   001E2A                     
  4102                           ;control.c: 43:     {;control.c: 44:         set_PWM_duty(200);
  4103   001E2A  6A02               	clrf	(set_PWM_duty@duty+1)^0,c
  4104   001E2C  0EC8               	movlw	200
  4105   001E2E  6E01               	movwf	set_PWM_duty@duty^0,c
  4106   001E30  ECE2  F00F         	call	_set_PWM_duty	;wreg free
  4107                           
  4108                           ;control.c: 45:     }
  4109   001E34  EF3B  F00F         	goto	l129
  4110   001E38                     l2986:
  4111   001E38  0E00               	movlw	0
  4112   001E3A  6E01               	movwf	___flge@ff1^0,c
  4113   001E3C  0E00               	movlw	0
  4114   001E3E  6E02               	movwf	(___flge@ff1+1)^0,c
  4115   001E40  0E70               	movlw	112
  4116   001E42  6E03               	movwf	(___flge@ff1+2)^0,c
  4117   001E44  0E42               	movlw	66
  4118   001E46  6E04               	movwf	(___flge@ff1+3)^0,c
  4119   001E48  C00D  F005         	movff	control_humedad@H,___flge@ff2
  4120   001E4C  C00E  F006         	movff	control_humedad@H+1,___flge@ff2+1
  4121   001E50  C00F  F007         	movff	control_humedad@H+2,___flge@ff2+2
  4122   001E54  C010  F008         	movff	control_humedad@H+3,___flge@ff2+3
  4123   001E58  ECED  F00B         	call	___flge	;wreg free
  4124   001E5C  B0D8               	btfsc	status,0,c
  4125   001E5E  EF33  F00F         	goto	u2431
  4126   001E62  EF35  F00F         	goto	u2430
  4127   001E66                     u2431:
  4128   001E66  EF3B  F00F         	goto	l129
  4129   001E6A                     u2430:
  4130   001E6A                     
  4131                           ;control.c: 47:     {;control.c: 48:         set_PWM_duty(900);
  4132   001E6A  0E03               	movlw	3
  4133   001E6C  6E02               	movwf	(set_PWM_duty@duty+1)^0,c
  4134   001E6E  0E84               	movlw	132
  4135   001E70  6E01               	movwf	set_PWM_duty@duty^0,c
  4136   001E72  ECE2  F00F         	call	_set_PWM_duty	;wreg free
  4137   001E76                     l129:
  4138   001E76  0012               	return		;funcret
  4139   001E78                     __end_of_control_humedad:
  4140                           	callstack 0
  4141                           
  4142 ;; *************** function ___flge *****************
  4143 ;; Defined at:
  4144 ;;		line 4 in file "C:\Program Files\Microchip\xc8\v3.10\pic\sources\c99\common\flge.c"
  4145 ;; Parameters:    Size  Location     Type
  4146 ;;  ff1             4    0[COMRAM] void 
  4147 ;;  ff2             4    4[COMRAM] void 
  4148 ;; Auto vars:     Size  Location     Type
  4149 ;;		None
  4150 ;; Return value:  Size  Location     Type
  4151 ;;		None               void
  4152 ;; Registers used:
  4153 ;;		wreg, status,2, status,0
  4154 ;; Tracked objects:
  4155 ;;		On entry : 0/0
  4156 ;;		On exit  : 0/0
  4157 ;;		Unchanged: 0/0
  4158 ;; Data sizes:     COMRAM   BANK0   BANK1   BANK2   BANK3   BANK4   BANK5   BANK6   BANK7
  4159 ;;      Params:         8       0       0       0       0       0       0       0       0
  4160 ;;      Locals:         0       0       0       0       0       0       0       0       0
  4161 ;;      Temps:          4       0       0       0       0       0       0       0       0
  4162 ;;      Totals:        12       0       0       0       0       0       0       0       0
  4163 ;;Total ram usage:       12 bytes
  4164 ;; Hardware stack levels used: 1
  4165 ;; This function calls:
  4166 ;;		Nothing
  4167 ;; This function is called by:
  4168 ;;		_control_temperatura
  4169 ;;		_control_humedad
  4170 ;; This function uses a non-reentrant model
  4171 ;;
  4172                           
  4173                           	psect	text19
  4174   0017DA                     __ptext19:
  4175                           	callstack 0
  4176   0017DA                     ___flge:
  4177                           	callstack 29
  4178   0017DA  0E00               	movlw	0
  4179   0017DC  1401               	andwf	___flge@ff1^0,w,c
  4180   0017DE  6E09               	movwf	??___flge^0,c
  4181   0017E0  0E00               	movlw	0
  4182   0017E2  1402               	andwf	(___flge@ff1+1)^0,w,c
  4183   0017E4  6E0A               	movwf	(??___flge+1)^0,c
  4184   0017E6  0E80               	movlw	128
  4185   0017E8  1403               	andwf	(___flge@ff1+2)^0,w,c
  4186   0017EA  6E0B               	movwf	(??___flge+2)^0,c
  4187   0017EC  0E7F               	movlw	127
  4188   0017EE  1404               	andwf	(___flge@ff1+3)^0,w,c
  4189   0017F0  6E0C               	movwf	(??___flge+3)^0,c
  4190   0017F2  5009               	movf	??___flge^0,w,c
  4191   0017F4  100A               	iorwf	(??___flge+1)^0,w,c
  4192   0017F6  100B               	iorwf	(??___flge+2)^0,w,c
  4193   0017F8  100C               	iorwf	(??___flge+3)^0,w,c
  4194   0017FA  A4D8               	btfss	status,2,c
  4195   0017FC  EF02  F00C         	goto	u2151
  4196   001800  EF04  F00C         	goto	u2150
  4197   001804                     u2151:
  4198   001804  EF0C  F00C         	goto	l2750
  4199   001808                     u2150:
  4200   001808  0E00               	movlw	0
  4201   00180A  6E01               	movwf	___flge@ff1^0,c
  4202   00180C  0E00               	movlw	0
  4203   00180E  6E02               	movwf	(___flge@ff1+1)^0,c
  4204   001810  0E00               	movlw	0
  4205   001812  6E03               	movwf	(___flge@ff1+2)^0,c
  4206   001814  0E00               	movlw	0
  4207   001816  6E04               	movwf	(___flge@ff1+3)^0,c
  4208   001818                     l2750:
  4209   001818  0E00               	movlw	0
  4210   00181A  1405               	andwf	___flge@ff2^0,w,c
  4211   00181C  6E09               	movwf	??___flge^0,c
  4212   00181E  0E00               	movlw	0
  4213   001820  1406               	andwf	(___flge@ff2+1)^0,w,c
  4214   001822  6E0A               	movwf	(??___flge+1)^0,c
  4215   001824  0E80               	movlw	128
  4216   001826  1407               	andwf	(___flge@ff2+2)^0,w,c
  4217   001828  6E0B               	movwf	(??___flge+2)^0,c
  4218   00182A  0E7F               	movlw	127
  4219   00182C  1408               	andwf	(___flge@ff2+3)^0,w,c
  4220   00182E  6E0C               	movwf	(??___flge+3)^0,c
  4221   001830  5009               	movf	??___flge^0,w,c
  4222   001832  100A               	iorwf	(??___flge+1)^0,w,c
  4223   001834  100B               	iorwf	(??___flge+2)^0,w,c
  4224   001836  100C               	iorwf	(??___flge+3)^0,w,c
  4225   001838  A4D8               	btfss	status,2,c
  4226   00183A  EF21  F00C         	goto	u2161
  4227   00183E  EF23  F00C         	goto	u2160
  4228   001842                     u2161:
  4229   001842  EF2B  F00C         	goto	l2754
  4230   001846                     u2160:
  4231   001846  0E00               	movlw	0
  4232   001848  6E05               	movwf	___flge@ff2^0,c
  4233   00184A  0E00               	movlw	0
  4234   00184C  6E06               	movwf	(___flge@ff2+1)^0,c
  4235   00184E  0E00               	movlw	0
  4236   001850  6E07               	movwf	(___flge@ff2+2)^0,c
  4237   001852  0E00               	movlw	0
  4238   001854  6E08               	movwf	(___flge@ff2+3)^0,c
  4239   001856                     l2754:
  4240   001856  AE04               	btfss	(___flge@ff1+3)^0,7,c
  4241   001858  EF30  F00C         	goto	u2171
  4242   00185C  EF32  F00C         	goto	u2170
  4243   001860                     u2171:
  4244   001860  EF3B  F00C         	goto	l2758
  4245   001864                     u2170:
  4246   001864  6C01               	negf	___flge@ff1^0,c
  4247   001866  1E02               	comf	(___flge@ff1+1)^0,f,c
  4248   001868  B0D8               	btfsc	status,0,c
  4249   00186A  2A02               	incf	(___flge@ff1+1)^0,f,c
  4250   00186C  1E03               	comf	(___flge@ff1+2)^0,f,c
  4251   00186E  B0D8               	btfsc	status,0,c
  4252   001870  2A03               	incf	(___flge@ff1+2)^0,f,c
  4253   001872  0E80               	movlw	128
  4254   001874  5604               	subfwb	(___flge@ff1+3)^0,f,c
  4255   001876                     l2758:
  4256   001876  AE08               	btfss	(___flge@ff2+3)^0,7,c
  4257   001878  EF40  F00C         	goto	u2181
  4258   00187C  EF42  F00C         	goto	u2180
  4259   001880                     u2181:
  4260   001880  EF4B  F00C         	goto	l632
  4261   001884                     u2180:
  4262   001884  6C05               	negf	___flge@ff2^0,c
  4263   001886  1E06               	comf	(___flge@ff2+1)^0,f,c
  4264   001888  B0D8               	btfsc	status,0,c
  4265   00188A  2A06               	incf	(___flge@ff2+1)^0,f,c
  4266   00188C  1E07               	comf	(___flge@ff2+2)^0,f,c
  4267   00188E  B0D8               	btfsc	status,0,c
  4268   001890  2A07               	incf	(___flge@ff2+2)^0,f,c
  4269   001892  0E80               	movlw	128
  4270   001894  5608               	subfwb	(___flge@ff2+3)^0,f,c
  4271   001896                     l632:
  4272   001896  0E00               	movlw	0
  4273   001898  1A01               	xorwf	___flge@ff1^0,f,c
  4274   00189A  0E00               	movlw	0
  4275   00189C  1A02               	xorwf	(___flge@ff1+1)^0,f,c
  4276   00189E  0E00               	movlw	0
  4277   0018A0  1A03               	xorwf	(___flge@ff1+2)^0,f,c
  4278   0018A2  0E80               	movlw	128
  4279   0018A4  1A04               	xorwf	(___flge@ff1+3)^0,f,c
  4280   0018A6  0E00               	movlw	0
  4281   0018A8  1A05               	xorwf	___flge@ff2^0,f,c
  4282   0018AA  0E00               	movlw	0
  4283   0018AC  1A06               	xorwf	(___flge@ff2+1)^0,f,c
  4284   0018AE  0E00               	movlw	0
  4285   0018B0  1A07               	xorwf	(___flge@ff2+2)^0,f,c
  4286   0018B2  0E80               	movlw	128
  4287   0018B4  1A08               	xorwf	(___flge@ff2+3)^0,f,c
  4288   0018B6  5005               	movf	___flge@ff2^0,w,c
  4289   0018B8  5C01               	subwf	___flge@ff1^0,w,c
  4290   0018BA  5006               	movf	(___flge@ff2+1)^0,w,c
  4291   0018BC  5802               	subwfb	(___flge@ff1+1)^0,w,c
  4292   0018BE  5007               	movf	(___flge@ff2+2)^0,w,c
  4293   0018C0  5803               	subwfb	(___flge@ff1+2)^0,w,c
  4294   0018C2  5008               	movf	(___flge@ff2+3)^0,w,c
  4295   0018C4  5804               	subwfb	(___flge@ff1+3)^0,w,c
  4296   0018C6  B0D8               	btfsc	status,0,c
  4297   0018C8  EF68  F00C         	goto	u2191
  4298   0018CC  EF6A  F00C         	goto	u2190
  4299   0018D0                     u2191:
  4300   0018D0  EF6D  F00C         	goto	l2764
  4301   0018D4                     u2190:
  4302   0018D4  90D8               	bcf	status,0,c
  4303   0018D6  EF6E  F00C         	goto	l637
  4304   0018DA                     l2764:
  4305   0018DA  80D8               	bsf	status,0,c
  4306   0018DC                     l637:
  4307   0018DC  0012               	return		;funcret
  4308   0018DE                     __end_of___flge:
  4309                           	callstack 0
  4310                           
  4311 ;; *************** function _control_aire *****************
  4312 ;; Defined at:
  4313 ;;		line 20 in file "control.c"
  4314 ;; Parameters:    Size  Location     Type
  4315 ;;  aire            2    4[COMRAM] int 
  4316 ;; Auto vars:     Size  Location     Type
  4317 ;;		None
  4318 ;; Return value:  Size  Location     Type
  4319 ;;                  1    wreg      void 
  4320 ;; Registers used:
  4321 ;;		wreg, status,2, status,0, cstack
  4322 ;; Tracked objects:
  4323 ;;		On entry : 0/0
  4324 ;;		On exit  : 0/0
  4325 ;;		Unchanged: 0/0
  4326 ;; Data sizes:     COMRAM   BANK0   BANK1   BANK2   BANK3   BANK4   BANK5   BANK6   BANK7
  4327 ;;      Params:         2       0       0       0       0       0       0       0       0
  4328 ;;      Locals:         0       0       0       0       0       0       0       0       0
  4329 ;;      Temps:          0       0       0       0       0       0       0       0       0
  4330 ;;      Totals:         2       0       0       0       0       0       0       0       0
  4331 ;;Total ram usage:        2 bytes
  4332 ;; Hardware stack levels used: 1
  4333 ;; Hardware stack levels required when called: 1
  4334 ;; This function calls:
  4335 ;;		_set_PWM_duty
  4336 ;; This function is called by:
  4337 ;;		_main
  4338 ;; This function uses a non-reentrant model
  4339 ;;
  4340                           
  4341                           	psect	text20
  4342   001F62                     __ptext20:
  4343                           	callstack 0
  4344   001F62                     _control_aire:
  4345                           	callstack 29
  4346   001F62                     
  4347                           ;control.c: 20: void control_aire(int aire);control.c: 21: {;control.c: 22:     if(aire 
      +                          > 300)
  4348   001F62  BE06               	btfsc	(control_aire@aire+1)^0,7,c
  4349   001F64  EFBD  F00F         	goto	u2401
  4350   001F68  0E2D               	movlw	45
  4351   001F6A  5C05               	subwf	control_aire@aire^0,w,c
  4352   001F6C  0E01               	movlw	1
  4353   001F6E  5806               	subwfb	(control_aire@aire+1)^0,w,c
  4354   001F70  A0D8               	btfss	status,0,c
  4355   001F72  EFBD  F00F         	goto	u2401
  4356   001F76  EFBF  F00F         	goto	u2400
  4357   001F7A                     u2401:
  4358   001F7A  EFD7  F00F         	goto	l2976
  4359   001F7E                     u2400:
  4360   001F7E                     
  4361                           ;control.c: 23:     {;control.c: 24:         contador_aire++;
  4362   001F7E  4A55               	infsnz	_contador_aire^0,f,c
  4363   001F80  2A56               	incf	(_contador_aire+1)^0,f,c
  4364   001F82                     
  4365                           ;control.c: 26:         set_PWM_duty(1023);
  4366   001F82  0E03               	movlw	3
  4367   001F84  6E02               	movwf	(set_PWM_duty@duty+1)^0,c
  4368   001F86  6801               	setf	set_PWM_duty@duty^0,c
  4369   001F88  ECE2  F00F         	call	_set_PWM_duty	;wreg free
  4370   001F8C                     
  4371                           ;control.c: 28:         if(contador_aire > 10)
  4372   001F8C  BE56               	btfsc	(_contador_aire+1)^0,7,c
  4373   001F8E  EFD2  F00F         	goto	u2411
  4374   001F92  5056               	movf	(_contador_aire+1)^0,w,c
  4375   001F94  E109               	bnz	u2410
  4376   001F96  0E0B               	movlw	11
  4377   001F98  5C55               	subwf	_contador_aire^0,w,c
  4378   001F9A  A0D8               	btfss	status,0,c
  4379   001F9C  EFD2  F00F         	goto	u2411
  4380   001FA0  EFD4  F00F         	goto	u2410
  4381   001FA4                     u2411:
  4382   001FA4  EFE1  F00F         	goto	l123
  4383   001FA8                     u2410:
  4384   001FA8                     
  4385                           ;control.c: 29:             LATDbits.LATD3 = 1;
  4386   001FA8  868C               	bsf	140,3,c	;volatile
  4387   001FAA  EFE1  F00F         	goto	l123
  4388   001FAE                     l2976:
  4389                           
  4390                           ;control.c: 32:     {;control.c: 33:         contador_aire = 0;
  4391   001FAE  6A56               	clrf	(_contador_aire+1)^0,c
  4392   001FB0  0E00               	movlw	0
  4393   001FB2  6E55               	movwf	_contador_aire^0,c
  4394   001FB4                     
  4395                           ;control.c: 34:         LATDbits.LATD3 = 0;
  4396   001FB4  968C               	bcf	140,3,c	;volatile
  4397   001FB6                     
  4398                           ;control.c: 36:         set_PWM_duty(300);
  4399   001FB6  0E01               	movlw	1
  4400   001FB8  6E02               	movwf	(set_PWM_duty@duty+1)^0,c
  4401   001FBA  0E2C               	movlw	44
  4402   001FBC  6E01               	movwf	set_PWM_duty@duty^0,c
  4403   001FBE  ECE2  F00F         	call	_set_PWM_duty	;wreg free
  4404   001FC2                     l123:
  4405   001FC2  0012               	return		;funcret
  4406   001FC4                     __end_of_control_aire:
  4407                           	callstack 0
  4408                           
  4409 ;; *************** function _set_PWM_duty *****************
  4410 ;; Defined at:
  4411 ;;		line 16 in file "pwm.c"
  4412 ;; Parameters:    Size  Location     Type
  4413 ;;  duty            2    0[COMRAM] int 
  4414 ;; Auto vars:     Size  Location     Type
  4415 ;;		None
  4416 ;; Return value:  Size  Location     Type
  4417 ;;                  1    wreg      void 
  4418 ;; Registers used:
  4419 ;;		wreg, status,2, status,0
  4420 ;; Tracked objects:
  4421 ;;		On entry : 0/0
  4422 ;;		On exit  : 0/0
  4423 ;;		Unchanged: 0/0
  4424 ;; Data sizes:     COMRAM   BANK0   BANK1   BANK2   BANK3   BANK4   BANK5   BANK6   BANK7
  4425 ;;      Params:         2       0       0       0       0       0       0       0       0
  4426 ;;      Locals:         0       0       0       0       0       0       0       0       0
  4427 ;;      Temps:          2       0       0       0       0       0       0       0       0
  4428 ;;      Totals:         4       0       0       0       0       0       0       0       0
  4429 ;;Total ram usage:        4 bytes
  4430 ;; Hardware stack levels used: 1
  4431 ;; This function calls:
  4432 ;;		Nothing
  4433 ;; This function is called by:
  4434 ;;		_control_aire
  4435 ;;		_control_humedad
  4436 ;; This function uses a non-reentrant model
  4437 ;;
  4438                           
  4439                           	psect	text21
  4440   001FC4                     __ptext21:
  4441                           	callstack 0
  4442   001FC4                     _set_PWM_duty:
  4443                           	callstack 29
  4444   001FC4                     
  4445                           ;pwm.c: 18:     if(duty > 1023) duty = 1023;
  4446   001FC4  BE02               	btfsc	(set_PWM_duty@duty+1)^0,7,c
  4447   001FC6  EFEC  F00F         	goto	u1631
  4448   001FCA  0E04               	movlw	4
  4449   001FCC  5C02               	subwf	(set_PWM_duty@duty+1)^0,w,c
  4450   001FCE  A0D8               	btfss	status,0,c
  4451   001FD0  EFEC  F00F         	goto	u1631
  4452   001FD4  EFEE  F00F         	goto	u1630
  4453   001FD8                     u1631:
  4454   001FD8  EFF1  F00F         	goto	l2410
  4455   001FDC                     u1630:
  4456   001FDC  0E03               	movlw	3
  4457   001FDE  6E02               	movwf	(set_PWM_duty@duty+1)^0,c
  4458   001FE0  6801               	setf	set_PWM_duty@duty^0,c
  4459   001FE2                     l2410:
  4460                           
  4461                           ;pwm.c: 20:     CCPR1L = duty >> 2;
  4462   001FE2  C001  F003         	movff	set_PWM_duty@duty,??_set_PWM_duty
  4463   001FE6  C002  F004         	movff	set_PWM_duty@duty+1,??_set_PWM_duty+1
  4464   001FEA  3404               	rlcf	(??_set_PWM_duty+1)^0,w,c
  4465   001FEC  3204               	rrcf	(??_set_PWM_duty+1)^0,f,c
  4466   001FEE  3203               	rrcf	??_set_PWM_duty^0,f,c
  4467   001FF0  3404               	rlcf	(??_set_PWM_duty+1)^0,w,c
  4468   001FF2  3204               	rrcf	(??_set_PWM_duty+1)^0,f,c
  4469   001FF4  3203               	rrcf	??_set_PWM_duty^0,f,c
  4470   001FF6  5003               	movf	??_set_PWM_duty^0,w,c
  4471   001FF8  6EBE               	movwf	190,c	;volatile
  4472   001FFA                     
  4473                           ;pwm.c: 21:     CCP1CONbits.DC1B = duty & 0x03;
  4474   001FFA  C001  F003         	movff	set_PWM_duty@duty,??_set_PWM_duty
  4475   001FFE  0E03               	movlw	3
  4476   002000  1603               	andwf	??_set_PWM_duty^0,f,c
  4477   002002  3A03               	swapf	??_set_PWM_duty^0,f,c
  4478   002004  50BD               	movf	189,w,c	;volatile
  4479   002006  1803               	xorwf	??_set_PWM_duty^0,w,c
  4480   002008  0BCF               	andlw	-49
  4481   00200A  1803               	xorwf	??_set_PWM_duty^0,w,c
  4482   00200C  6EBD               	movwf	189,c	;volatile
  4483   00200E  0012               	return		;funcret
  4484   002010                     __end_of_set_PWM_duty:
  4485                           	callstack 0
  4486                           
  4487 ;; *************** function ___fltol *****************
  4488 ;; Defined at:
  4489 ;;		line 43 in file "C:\Program Files\Microchip\xc8\v3.10\pic\sources\c99\common\fltol.c"
  4490 ;; Parameters:    Size  Location     Type
  4491 ;;  f1              4    0[COMRAM] void 
  4492 ;; Auto vars:     Size  Location     Type
  4493 ;;  exp1            1    9[COMRAM] unsigned char 
  4494 ;;  sign1           1    8[COMRAM] unsigned char 
  4495 ;; Return value:  Size  Location     Type
  4496 ;;                  4    0[COMRAM] long 
  4497 ;; Registers used:
  4498 ;;		wreg, status,2, status,0
  4499 ;; Tracked objects:
  4500 ;;		On entry : 0/0
  4501 ;;		On exit  : 0/0
  4502 ;;		Unchanged: 0/0
  4503 ;; Data sizes:     COMRAM   BANK0   BANK1   BANK2   BANK3   BANK4   BANK5   BANK6   BANK7
  4504 ;;      Params:         4       0       0       0       0       0       0       0       0
  4505 ;;      Locals:         2       0       0       0       0       0       0       0       0
  4506 ;;      Temps:          4       0       0       0       0       0       0       0       0
  4507 ;;      Totals:        10       0       0       0       0       0       0       0       0
  4508 ;;Total ram usage:       10 bytes
  4509 ;; Hardware stack levels used: 1
  4510 ;; This function calls:
  4511 ;;		Nothing
  4512 ;; This function is called by:
  4513 ;;		_main
  4514 ;; This function uses a non-reentrant model
  4515 ;;
  4516                           
  4517                           	psect	text22
  4518   0016D4                     __ptext22:
  4519                           	callstack 0
  4520   0016D4                     ___fltol:
  4521                           	callstack 30
  4522   0016D4  3403               	rlcf	(___fltol@f1+2)^0,w,c
  4523   0016D6  3404               	rlcf	(___fltol@f1+3)^0,w,c
  4524   0016D8  6E0A               	movwf	___fltol@exp1^0,c
  4525   0016DA  500A               	movf	___fltol@exp1^0,w,c
  4526   0016DC  A4D8               	btfss	status,2,c
  4527   0016DE  EF73  F00B         	goto	u2461
  4528   0016E2  EF75  F00B         	goto	u2460
  4529   0016E6                     u2461:
  4530   0016E6  EF7F  F00B         	goto	l3030
  4531   0016EA                     u2460:
  4532   0016EA                     l3026:
  4533   0016EA  0E00               	movlw	0
  4534   0016EC  6E01               	movwf	?___fltol^0,c
  4535   0016EE  0E00               	movlw	0
  4536   0016F0  6E02               	movwf	(?___fltol+1)^0,c
  4537   0016F2  0E00               	movlw	0
  4538   0016F4  6E03               	movwf	(?___fltol+2)^0,c
  4539   0016F6  0E00               	movlw	0
  4540   0016F8  6E04               	movwf	(?___fltol+3)^0,c
  4541   0016FA  EFEC  F00B         	goto	l664
  4542   0016FE                     l3030:
  4543   0016FE  C001  F005         	movff	___fltol@f1,??___fltol
  4544   001702  C002  F006         	movff	___fltol@f1+1,??___fltol+1
  4545   001706  C003  F007         	movff	___fltol@f1+2,??___fltol+2
  4546   00170A  C004  F008         	movff	___fltol@f1+3,??___fltol+3
  4547   00170E  0E20               	movlw	32
  4548   001710  EF8F  F00B         	goto	u2470
  4549   001714                     u2475:
  4550   001714  90D8               	bcf	status,0,c
  4551   001716  3208               	rrcf	(??___fltol+3)^0,f,c
  4552   001718  3207               	rrcf	(??___fltol+2)^0,f,c
  4553   00171A  3206               	rrcf	(??___fltol+1)^0,f,c
  4554   00171C  3205               	rrcf	??___fltol^0,f,c
  4555   00171E                     u2470:
  4556   00171E  2EE8               	decfsz	wreg,f,c
  4557   001720  EF8A  F00B         	goto	u2475
  4558   001724  5005               	movf	??___fltol^0,w,c
  4559   001726  6E09               	movwf	___fltol@sign1^0,c
  4560   001728  8E03               	bsf	(___fltol@f1+2)^0,7,c
  4561   00172A  0EFF               	movlw	255
  4562   00172C  1601               	andwf	___fltol@f1^0,f,c
  4563   00172E  0EFF               	movlw	255
  4564   001730  1602               	andwf	(___fltol@f1+1)^0,f,c
  4565   001732  0EFF               	movlw	255
  4566   001734  1603               	andwf	(___fltol@f1+2)^0,f,c
  4567   001736  0E00               	movlw	0
  4568   001738  1604               	andwf	(___fltol@f1+3)^0,f,c
  4569   00173A  0E96               	movlw	150
  4570   00173C  5E0A               	subwf	___fltol@exp1^0,f,c
  4571   00173E  BE0A               	btfsc	___fltol@exp1^0,7,c
  4572   001740  EFA6  F00B         	goto	u2480
  4573   001744  EFA4  F00B         	goto	u2481
  4574   001748                     u2481:
  4575   001748  EFBC  F00B         	goto	l3050
  4576   00174C                     u2480:
  4577   00174C  500A               	movf	___fltol@exp1^0,w,c
  4578   00174E  0A80               	xorlw	128
  4579   001750  0F97               	addlw	151
  4580   001752  B0D8               	btfsc	status,0,c
  4581   001754  EFAE  F00B         	goto	u2491
  4582   001758  EFB0  F00B         	goto	u2490
  4583   00175C                     u2491:
  4584   00175C  EFB2  F00B         	goto	l3046
  4585   001760                     u2490:
  4586   001760  EF75  F00B         	goto	l3026
  4587   001764                     l3046:
  4588   001764  90D8               	bcf	status,0,c
  4589   001766  3204               	rrcf	(___fltol@f1+3)^0,f,c
  4590   001768  3203               	rrcf	(___fltol@f1+2)^0,f,c
  4591   00176A  3202               	rrcf	(___fltol@f1+1)^0,f,c
  4592   00176C  3201               	rrcf	___fltol@f1^0,f,c
  4593   00176E  3E0A               	incfsz	___fltol@exp1^0,f,c
  4594   001770  EFB2  F00B         	goto	l3046
  4595   001774  EFD4  F00B         	goto	l3060
  4596   001778                     l3050:
  4597   001778  0E1F               	movlw	31
  4598   00177A  640A               	cpfsgt	___fltol@exp1^0,c
  4599   00177C  EFC2  F00B         	goto	u2501
  4600   001780  EFC4  F00B         	goto	u2500
  4601   001784                     u2501:
  4602   001784  EFCC  F00B         	goto	l3058
  4603   001788                     u2500:
  4604   001788  EF75  F00B         	goto	l3026
  4605   00178C                     l3056:
  4606   00178C  90D8               	bcf	status,0,c
  4607   00178E  3601               	rlcf	___fltol@f1^0,f,c
  4608   001790  3602               	rlcf	(___fltol@f1+1)^0,f,c
  4609   001792  3603               	rlcf	(___fltol@f1+2)^0,f,c
  4610   001794  3604               	rlcf	(___fltol@f1+3)^0,f,c
  4611   001796  060A               	decf	___fltol@exp1^0,f,c
  4612   001798                     l3058:
  4613   001798  500A               	movf	___fltol@exp1^0,w,c
  4614   00179A  A4D8               	btfss	status,2,c
  4615   00179C  EFD2  F00B         	goto	u2511
  4616   0017A0  EFD4  F00B         	goto	u2510
  4617   0017A4                     u2511:
  4618   0017A4  EFC6  F00B         	goto	l3056
  4619   0017A8                     u2510:
  4620   0017A8                     l3060:
  4621   0017A8  5009               	movf	___fltol@sign1^0,w,c
  4622   0017AA  B4D8               	btfsc	status,2,c
  4623   0017AC  EFDA  F00B         	goto	u2521
  4624   0017B0  EFDC  F00B         	goto	u2520
  4625   0017B4                     u2521:
  4626   0017B4  EFE4  F00B         	goto	l3064
  4627   0017B8                     u2520:
  4628   0017B8  1E04               	comf	(___fltol@f1+3)^0,f,c
  4629   0017BA  1E03               	comf	(___fltol@f1+2)^0,f,c
  4630   0017BC  1E02               	comf	(___fltol@f1+1)^0,f,c
  4631   0017BE  6C01               	negf	___fltol@f1^0,c
  4632   0017C0  0E00               	movlw	0
  4633   0017C2  2202               	addwfc	(___fltol@f1+1)^0,f,c
  4634   0017C4  2203               	addwfc	(___fltol@f1+2)^0,f,c
  4635   0017C6  2204               	addwfc	(___fltol@f1+3)^0,f,c
  4636   0017C8                     l3064:
  4637   0017C8  C001  F001         	movff	___fltol@f1,?___fltol
  4638   0017CC  C002  F002         	movff	___fltol@f1+1,?___fltol+1
  4639   0017D0  C003  F003         	movff	___fltol@f1+2,?___fltol+2
  4640   0017D4  C004  F004         	movff	___fltol@f1+3,?___fltol+3
  4641   0017D8                     l664:
  4642   0017D8  0012               	return		;funcret
  4643   0017DA                     __end_of___fltol:
  4644                           	callstack 0
  4645                           
  4646 ;; *************** function _OLED_WriteString *****************
  4647 ;; Defined at:
  4648 ;;		line 128 in file "oled.c"
  4649 ;; Parameters:    Size  Location     Type
  4650 ;;  str             1    9[COMRAM] PTR unsigned char 
  4651 ;;		 -> main@buffer(12), 
  4652 ;; Auto vars:     Size  Location     Type
  4653 ;;		None
  4654 ;; Return value:  Size  Location     Type
  4655 ;;                  1    wreg      void 
  4656 ;; Registers used:
  4657 ;;		wreg, fsr2l, fsr2h, status,2, status,0, tblptrl, tblptrh, tblptru, prodl, prodh, cstack
  4658 ;; Tracked objects:
  4659 ;;		On entry : 0/0
  4660 ;;		On exit  : 0/0
  4661 ;;		Unchanged: 0/0
  4662 ;; Data sizes:     COMRAM   BANK0   BANK1   BANK2   BANK3   BANK4   BANK5   BANK6   BANK7
  4663 ;;      Params:         1       0       0       0       0       0       0       0       0
  4664 ;;      Locals:         0       0       0       0       0       0       0       0       0
  4665 ;;      Temps:          0       0       0       0       0       0       0       0       0
  4666 ;;      Totals:         1       0       0       0       0       0       0       0       0
  4667 ;;Total ram usage:        1 bytes
  4668 ;; Hardware stack levels used: 1
  4669 ;; Hardware stack levels required when called: 2
  4670 ;; This function calls:
  4671 ;;		_OLED_WriteChar
  4672 ;; This function is called by:
  4673 ;;		_main
  4674 ;; This function uses a non-reentrant model
  4675 ;;
  4676                           
  4677                           	psect	text23
  4678   00218A                     __ptext23:
  4679                           	callstack 0
  4680   00218A                     _OLED_WriteString:
  4681                           	callstack 28
  4682   00218A                     
  4683                           ;oled.c: 129:     while (*str) {
  4684   00218A  EFCE  F010         	goto	l3022
  4685   00218E                     l3018:
  4686                           
  4687                           ;oled.c: 130:         OLED_WriteChar(*str);
  4688   00218E  500A               	movf	OLED_WriteString@str^0,w,c
  4689   002190  6ED9               	movwf	fsr2l,c
  4690   002192  6ADA               	clrf	fsr2h,c
  4691   002194  50DF               	movf	indf2,w,c
  4692   002196  ECE6  F00A         	call	_OLED_WriteChar
  4693   00219A                     
  4694                           ;oled.c: 131:         str++;
  4695   00219A  2A0A               	incf	OLED_WriteString@str^0,f,c
  4696   00219C                     l3022:
  4697                           
  4698                           ;oled.c: 129:     while (*str) {
  4699   00219C  500A               	movf	OLED_WriteString@str^0,w,c
  4700   00219E  6ED9               	movwf	fsr2l,c
  4701   0021A0  6ADA               	clrf	fsr2h,c
  4702   0021A2  50DF               	movf	indf2,w,c
  4703   0021A4  A4D8               	btfss	status,2,c
  4704   0021A6  EFD7  F010         	goto	u2451
  4705   0021AA  EFD9  F010         	goto	u2450
  4706   0021AE                     u2451:
  4707   0021AE  EFC7  F010         	goto	l3018
  4708   0021B2                     u2450:
  4709   0021B2  0012               	return		;funcret
  4710   0021B4                     __end_of_OLED_WriteString:
  4711                           	callstack 0
  4712                           
  4713 ;; *************** function _OLED_WriteChar *****************
  4714 ;; Defined at:
  4715 ;;		line 114 in file "oled.c"
  4716 ;; Parameters:    Size  Location     Type
  4717 ;;  c               1    wreg     unsigned char 
  4718 ;; Auto vars:     Size  Location     Type
  4719 ;;  c               1    8[COMRAM] unsigned char 
  4720 ;;  index           2    5[COMRAM] int 
  4721 ;;  i               1    7[COMRAM] unsigned char 
  4722 ;; Return value:  Size  Location     Type
  4723 ;;                  1    wreg      void 
  4724 ;; Registers used:
  4725 ;;		wreg, status,2, status,0, tblptrl, tblptrh, tblptru, prodl, prodh, cstack
  4726 ;; Tracked objects:
  4727 ;;		On entry : 0/0
  4728 ;;		On exit  : 0/0
  4729 ;;		Unchanged: 0/0
  4730 ;; Data sizes:     COMRAM   BANK0   BANK1   BANK2   BANK3   BANK4   BANK5   BANK6   BANK7
  4731 ;;      Params:         0       0       0       0       0       0       0       0       0
  4732 ;;      Locals:         4       0       0       0       0       0       0       0       0
  4733 ;;      Temps:          1       0       0       0       0       0       0       0       0
  4734 ;;      Totals:         5       0       0       0       0       0       0       0       0
  4735 ;;Total ram usage:        5 bytes
  4736 ;; Hardware stack levels used: 1
  4737 ;; Hardware stack levels required when called: 1
  4738 ;; This function calls:
  4739 ;;		_OLED_Data
  4740 ;; This function is called by:
  4741 ;;		_OLED_WriteString
  4742 ;; This function uses a non-reentrant model
  4743 ;;
  4744                           
  4745                           	psect	text24
  4746   0015CC                     __ptext24:
  4747                           	callstack 0
  4748   0015CC                     _OLED_WriteChar:
  4749                           	callstack 28
  4750                           
  4751                           ;incstack = 0
  4752                           ;OLED_WriteChar@c stored from wreg
  4753   0015CC  6E09               	movwf	OLED_WriteChar@c^0,c
  4754   0015CE                     
  4755                           ;oled.c: 115:     unsigned char i;;oled.c: 116:     int index = 0;
  4756   0015CE  6A07               	clrf	(OLED_WriteChar@index+1)^0,c
  4757   0015D0  0E00               	movlw	0
  4758   0015D2  6E06               	movwf	OLED_WriteChar@index^0,c
  4759   0015D4                     
  4760                           ;oled.c: 117:     if (c == ' ') index = 0;
  4761   0015D4  0E20               	movlw	32
  4762   0015D6  1809               	xorwf	OLED_WriteChar@c^0,w,c
  4763   0015D8  A4D8               	btfss	status,2,c
  4764   0015DA  EFF1  F00A         	goto	u1641
  4765   0015DE  EFF3  F00A         	goto	u1640
  4766   0015E2                     u1641:
  4767   0015E2  EFF8  F00A         	goto	l2420
  4768   0015E6                     u1640:
  4769   0015E6  6A07               	clrf	(OLED_WriteChar@index+1)^0,c
  4770   0015E8  0E00               	movlw	0
  4771   0015EA  6E06               	movwf	OLED_WriteChar@index^0,c
  4772   0015EC  EF50  F00B         	goto	l2444
  4773   0015F0                     l2420:
  4774   0015F0  0E2F               	movlw	47
  4775   0015F2  6409               	cpfsgt	OLED_WriteChar@c^0,c
  4776   0015F4  EFFE  F00A         	goto	u1651
  4777   0015F8  EF00  F00B         	goto	u1650
  4778   0015FC                     u1651:
  4779   0015FC  EF10  F00B         	goto	l2426
  4780   001600                     u1650:
  4781   001600  0E3A               	movlw	58
  4782   001602  6009               	cpfslt	OLED_WriteChar@c^0,c
  4783   001604  EF06  F00B         	goto	u1661
  4784   001608  EF08  F00B         	goto	u1660
  4785   00160C                     u1661:
  4786   00160C  EF10  F00B         	goto	l2426
  4787   001610                     u1660:
  4788   001610  0ED1               	movlw	209
  4789   001612  2409               	addwf	OLED_WriteChar@c^0,w,c
  4790   001614  6E06               	movwf	OLED_WriteChar@index^0,c
  4791   001616  6A07               	clrf	(OLED_WriteChar@index+1)^0,c
  4792   001618  0EFF               	movlw	255
  4793   00161A  2207               	addwfc	(OLED_WriteChar@index+1)^0,f,c
  4794   00161C  EF50  F00B         	goto	l2444
  4795   001620                     l2426:
  4796   001620  0E40               	movlw	64
  4797   001622  6409               	cpfsgt	OLED_WriteChar@c^0,c
  4798   001624  EF16  F00B         	goto	u1671
  4799   001628  EF18  F00B         	goto	u1670
  4800   00162C                     u1671:
  4801   00162C  EF28  F00B         	goto	l2432
  4802   001630                     u1670:
  4803   001630  0E5B               	movlw	91
  4804   001632  6009               	cpfslt	OLED_WriteChar@c^0,c
  4805   001634  EF1E  F00B         	goto	u1681
  4806   001638  EF20  F00B         	goto	u1680
  4807   00163C                     u1681:
  4808   00163C  EF28  F00B         	goto	l2432
  4809   001640                     u1680:
  4810   001640  0ECA               	movlw	202
  4811   001642  2409               	addwf	OLED_WriteChar@c^0,w,c
  4812   001644  6E06               	movwf	OLED_WriteChar@index^0,c
  4813   001646  6A07               	clrf	(OLED_WriteChar@index+1)^0,c
  4814   001648  0EFF               	movlw	255
  4815   00164A  2207               	addwfc	(OLED_WriteChar@index+1)^0,f,c
  4816   00164C  EF50  F00B         	goto	l2444
  4817   001650                     l2432:
  4818   001650  0E3A               	movlw	58
  4819   001652  1809               	xorwf	OLED_WriteChar@c^0,w,c
  4820   001654  A4D8               	btfss	status,2,c
  4821   001656  EF2F  F00B         	goto	u1691
  4822   00165A  EF31  F00B         	goto	u1690
  4823   00165E                     u1691:
  4824   00165E  EF36  F00B         	goto	l2436
  4825   001662                     u1690:
  4826   001662  6A07               	clrf	(OLED_WriteChar@index+1)^0,c
  4827   001664  0E25               	movlw	37
  4828   001666  6E06               	movwf	OLED_WriteChar@index^0,c
  4829   001668  EF50  F00B         	goto	l2444
  4830   00166C                     l2436:
  4831   00166C  0E25               	movlw	37
  4832   00166E  1809               	xorwf	OLED_WriteChar@c^0,w,c
  4833   001670  A4D8               	btfss	status,2,c
  4834   001672  EF3D  F00B         	goto	u1701
  4835   001676  EF3F  F00B         	goto	u1700
  4836   00167A                     u1701:
  4837   00167A  EF44  F00B         	goto	l2440
  4838   00167E                     u1700:
  4839   00167E  6A07               	clrf	(OLED_WriteChar@index+1)^0,c
  4840   001680  0E26               	movlw	38
  4841   001682  6E06               	movwf	OLED_WriteChar@index^0,c
  4842   001684  EF50  F00B         	goto	l2444
  4843   001688                     l2440:
  4844   001688  0E2E               	movlw	46
  4845   00168A  1809               	xorwf	OLED_WriteChar@c^0,w,c
  4846   00168C  A4D8               	btfss	status,2,c
  4847   00168E  EF4B  F00B         	goto	u1711
  4848   001692  EF4D  F00B         	goto	u1710
  4849   001696                     u1711:
  4850   001696  EF50  F00B         	goto	l2444
  4851   00169A                     u1710:
  4852   00169A  6A07               	clrf	(OLED_WriteChar@index+1)^0,c
  4853   00169C  0E27               	movlw	39
  4854   00169E  6E06               	movwf	OLED_WriteChar@index^0,c
  4855   0016A0                     l2444:
  4856                           
  4857                           ;oled.c: 123:     for (i = 0; i < 5; i++) OLED_Data(font5x7[index][i]);
  4858   0016A0  6A08               	clrf	OLED_WriteChar@i^0,c
  4859   0016A2                     l2450:
  4860   0016A2  5006               	movf	OLED_WriteChar@index^0,w,c
  4861   0016A4  0D05               	mullw	5
  4862   0016A6  50F3               	movf	243,w,c
  4863   0016A8  0F01               	addlw	low _font5x7
  4864   0016AA  2408               	addwf	OLED_WriteChar@i^0,w,c
  4865   0016AC  6E05               	movwf	??_OLED_WriteChar^0,c
  4866   0016AE  C005  FFF6         	movff	??_OLED_WriteChar,tblptrl
  4867   0016B2                     	if	0	;There is only one active tblptr byte
  4868   0016B2                     	endif
  4869   0016B2                     	if	0	;tblptru may be non-zero
  4870   0016B2                     	endif
  4871   0016B2                     	if	0	;tblptru may be non-zero
  4872   0016B2                     	endif
  4873   0016B2  0008               	tblrd		*
  4874   0016B4  50F5               	movf	tablat,w,c
  4875   0016B6  EC21  F011         	call	_OLED_Data
  4876   0016BA  2A08               	incf	OLED_WriteChar@i^0,f,c
  4877   0016BC  0E04               	movlw	4
  4878   0016BE  6408               	cpfsgt	OLED_WriteChar@i^0,c
  4879   0016C0  EF64  F00B         	goto	u1721
  4880   0016C4  EF66  F00B         	goto	u1720
  4881   0016C8                     u1721:
  4882   0016C8  EF51  F00B         	goto	l2450
  4883   0016CC                     u1720:
  4884   0016CC                     
  4885                           ;oled.c: 124:     OLED_Data(0x00);
  4886   0016CC  0E00               	movlw	0
  4887   0016CE  EC21  F011         	call	_OLED_Data
  4888   0016D2  0012               	return		;funcret
  4889   0016D4                     __end_of_OLED_WriteChar:
  4890                           	callstack 0
  4891                           
  4892 ;; *************** function _OLED_Init *****************
  4893 ;; Defined at:
  4894 ;;		line 70 in file "oled.c"
  4895 ;; Parameters:    Size  Location     Type
  4896 ;;		None
  4897 ;; Auto vars:     Size  Location     Type
  4898 ;;		None
  4899 ;; Return value:  Size  Location     Type
  4900 ;;                  1    wreg      void 
  4901 ;; Registers used:
  4902 ;;		wreg, status,2, status,0, cstack
  4903 ;; Tracked objects:
  4904 ;;		On entry : 0/0
  4905 ;;		On exit  : 0/0
  4906 ;;		Unchanged: 0/0
  4907 ;; Data sizes:     COMRAM   BANK0   BANK1   BANK2   BANK3   BANK4   BANK5   BANK6   BANK7
  4908 ;;      Params:         0       0       0       0       0       0       0       0       0
  4909 ;;      Locals:         0       0       0       0       0       0       0       0       0
  4910 ;;      Temps:          2       0       0       0       0       0       0       0       0
  4911 ;;      Totals:         2       0       0       0       0       0       0       0       0
  4912 ;;Total ram usage:        2 bytes
  4913 ;; Hardware stack levels used: 1
  4914 ;; Hardware stack levels required when called: 1
  4915 ;; This function calls:
  4916 ;;		_OLED_Command
  4917 ;; This function is called by:
  4918 ;;		_main
  4919 ;; This function uses a non-reentrant model
  4920 ;;
  4921                           
  4922                           	psect	text25
  4923   0018DE                     __ptext25:
  4924                           	callstack 0
  4925   0018DE                     _OLED_Init:
  4926                           	callstack 29
  4927   0018DE                     
  4928                           ;oled.c: 71:     _delay((unsigned long)((200)*(8000000/4000.0)));
  4929   0018DE  0E03               	movlw	3
  4930   0018E0  6E06               	movwf	(??_OLED_Init+1)^0,c
  4931   0018E2  0E08               	movlw	8
  4932   0018E4  6E05               	movwf	??_OLED_Init^0,c
  4933   0018E6  0E77               	movlw	119
  4934   0018E8                     u2567:
  4935   0018E8  2EE8               	decfsz	wreg,f,c
  4936   0018EA  D7FE               	bra	u2567
  4937   0018EC  2E05               	decfsz	??_OLED_Init^0,f,c
  4938   0018EE  D7FC               	bra	u2567
  4939   0018F0  2E06               	decfsz	(??_OLED_Init+1)^0,f,c
  4940   0018F2  D7FA               	bra	u2567
  4941   0018F4  0000               	nop	
  4942   0018F6                     
  4943                           ;oled.c: 72:     OLED_Command(0xAE);
  4944   0018F6  0EAE               	movlw	174
  4945   0018F8  EC30  F011         	call	_OLED_Command
  4946   0018FC                     
  4947                           ;oled.c: 73:     OLED_Command(0xD5); OLED_Command(0xF0);
  4948   0018FC  0ED5               	movlw	213
  4949   0018FE  EC30  F011         	call	_OLED_Command
  4950   001902  0EF0               	movlw	240
  4951   001904  EC30  F011         	call	_OLED_Command
  4952   001908                     
  4953                           ;oled.c: 74:     OLED_Command(0xA8); OLED_Command(0x3F);
  4954   001908  0EA8               	movlw	168
  4955   00190A  EC30  F011         	call	_OLED_Command
  4956   00190E  0E3F               	movlw	63
  4957   001910  EC30  F011         	call	_OLED_Command
  4958   001914                     
  4959                           ;oled.c: 75:     OLED_Command(0xD3); OLED_Command(0x00);
  4960   001914  0ED3               	movlw	211
  4961   001916  EC30  F011         	call	_OLED_Command
  4962   00191A  0E00               	movlw	0
  4963   00191C  EC30  F011         	call	_OLED_Command
  4964   001920                     
  4965                           ;oled.c: 76:     OLED_Command(0x40);
  4966   001920  0E40               	movlw	64
  4967   001922  EC30  F011         	call	_OLED_Command
  4968   001926                     
  4969                           ;oled.c: 77:     OLED_Command(0x8D); OLED_Command(0x14);
  4970   001926  0E8D               	movlw	141
  4971   001928  EC30  F011         	call	_OLED_Command
  4972   00192C  0E14               	movlw	20
  4973   00192E  EC30  F011         	call	_OLED_Command
  4974   001932                     
  4975                           ;oled.c: 78:     OLED_Command(0x20); OLED_Command(0x00);
  4976   001932  0E20               	movlw	32
  4977   001934  EC30  F011         	call	_OLED_Command
  4978   001938  0E00               	movlw	0
  4979   00193A  EC30  F011         	call	_OLED_Command
  4980   00193E                     
  4981                           ;oled.c: 79:     OLED_Command(0xA1);
  4982   00193E  0EA1               	movlw	161
  4983   001940  EC30  F011         	call	_OLED_Command
  4984   001944                     
  4985                           ;oled.c: 80:     OLED_Command(0xC8);
  4986   001944  0EC8               	movlw	200
  4987   001946  EC30  F011         	call	_OLED_Command
  4988   00194A                     
  4989                           ;oled.c: 81:     OLED_Command(0xDA); OLED_Command(0x12);
  4990   00194A  0EDA               	movlw	218
  4991   00194C  EC30  F011         	call	_OLED_Command
  4992   001950  0E12               	movlw	18
  4993   001952  EC30  F011         	call	_OLED_Command
  4994   001956                     
  4995                           ;oled.c: 82:     OLED_Command(0x81); OLED_Command(0xFF);
  4996   001956  0E81               	movlw	129
  4997   001958  EC30  F011         	call	_OLED_Command
  4998   00195C  0EFF               	movlw	255
  4999   00195E  EC30  F011         	call	_OLED_Command
  5000   001962                     
  5001                           ;oled.c: 83:     OLED_Command(0xD9); OLED_Command(0xF1);
  5002   001962  0ED9               	movlw	217
  5003   001964  EC30  F011         	call	_OLED_Command
  5004   001968  0EF1               	movlw	241
  5005   00196A  EC30  F011         	call	_OLED_Command
  5006   00196E                     
  5007                           ;oled.c: 84:     OLED_Command(0xDB); OLED_Command(0x40);
  5008   00196E  0EDB               	movlw	219
  5009   001970  EC30  F011         	call	_OLED_Command
  5010   001974  0E40               	movlw	64
  5011   001976  EC30  F011         	call	_OLED_Command
  5012   00197A                     
  5013                           ;oled.c: 85:     OLED_Command(0xA4);
  5014   00197A  0EA4               	movlw	164
  5015   00197C  EC30  F011         	call	_OLED_Command
  5016   001980                     
  5017                           ;oled.c: 86:     OLED_Command(0xA6);
  5018   001980  0EA6               	movlw	166
  5019   001982  EC30  F011         	call	_OLED_Command
  5020   001986                     
  5021                           ;oled.c: 87:     OLED_Command(0xAF);
  5022   001986  0EAF               	movlw	175
  5023   001988  EC30  F011         	call	_OLED_Command
  5024   00198C                     
  5025                           ;oled.c: 88:     _delay((unsigned long)((100)*(8000000/4000.0)));
  5026   00198C  0E02               	movlw	2
  5027   00198E  6E06               	movwf	(??_OLED_Init+1)^0,c
  5028   001990  0E04               	movlw	4
  5029   001992  6E05               	movwf	??_OLED_Init^0,c
  5030   001994  0EBA               	movlw	186
  5031   001996                     u2577:
  5032   001996  2EE8               	decfsz	wreg,f,c
  5033   001998  D7FE               	bra	u2577
  5034   00199A  2E05               	decfsz	??_OLED_Init^0,f,c
  5035   00199C  D7FC               	bra	u2577
  5036   00199E  2E06               	decfsz	(??_OLED_Init+1)^0,f,c
  5037   0019A0  D7FA               	bra	u2577
  5038   0019A2  D000               	nop2	
  5039   0019A4  0012               	return		;funcret
  5040   0019A6                     __end_of_OLED_Init:
  5041                           	callstack 0
  5042                           
  5043 ;; *************** function _OLED_ClearLine *****************
  5044 ;; Defined at:
  5045 ;;		line 100 in file "oled.c"
  5046 ;; Parameters:    Size  Location     Type
  5047 ;;  linea           1    wreg     unsigned char 
  5048 ;; Auto vars:     Size  Location     Type
  5049 ;;  linea           1    6[COMRAM] unsigned char 
  5050 ;;  i               1    7[COMRAM] unsigned char 
  5051 ;; Return value:  Size  Location     Type
  5052 ;;                  1    wreg      void 
  5053 ;; Registers used:
  5054 ;;		wreg, status,2, status,0, cstack
  5055 ;; Tracked objects:
  5056 ;;		On entry : 0/0
  5057 ;;		On exit  : 0/0
  5058 ;;		Unchanged: 0/0
  5059 ;; Data sizes:     COMRAM   BANK0   BANK1   BANK2   BANK3   BANK4   BANK5   BANK6   BANK7
  5060 ;;      Params:         0       0       0       0       0       0       0       0       0
  5061 ;;      Locals:         2       0       0       0       0       0       0       0       0
  5062 ;;      Temps:          0       0       0       0       0       0       0       0       0
  5063 ;;      Totals:         2       0       0       0       0       0       0       0       0
  5064 ;;Total ram usage:        2 bytes
  5065 ;; Hardware stack levels used: 1
  5066 ;; Hardware stack levels required when called: 2
  5067 ;; This function calls:
  5068 ;;		_OLED_Data
  5069 ;;		_OLED_SetCursor
  5070 ;; This function is called by:
  5071 ;;		_main
  5072 ;; This function uses a non-reentrant model
  5073 ;;
  5074                           
  5075                           	psect	text26
  5076   0021B4                     __ptext26:
  5077                           	callstack 0
  5078   0021B4                     _OLED_ClearLine:
  5079                           	callstack 28
  5080                           
  5081                           ;incstack = 0
  5082                           ;OLED_ClearLine@linea stored from wreg
  5083   0021B4  6E07               	movwf	OLED_ClearLine@linea^0,c
  5084   0021B6                     
  5085                           ;oled.c: 101:     unsigned char i;;oled.c: 102:     OLED_SetCursor(0, linea);
  5086   0021B6  C007  F005         	movff	OLED_ClearLine@linea,OLED_SetCursor@page
  5087   0021BA  0E00               	movlw	0
  5088   0021BC  EC12  F011         	call	_OLED_SetCursor
  5089   0021C0                     
  5090                           ;oled.c: 103:     for (i = 0; i < 128; i++) OLED_Data(0x00);
  5091   0021C0  6A08               	clrf	OLED_ClearLine@i^0,c
  5092   0021C2                     l2998:
  5093   0021C2  0E00               	movlw	0
  5094   0021C4  EC21  F011         	call	_OLED_Data
  5095   0021C8  2A08               	incf	OLED_ClearLine@i^0,f,c
  5096   0021CA  0E7F               	movlw	127
  5097   0021CC  6408               	cpfsgt	OLED_ClearLine@i^0,c
  5098   0021CE  EFEB  F010         	goto	u2441
  5099   0021D2  EFED  F010         	goto	u2440
  5100   0021D6                     u2441:
  5101   0021D6  EFE1  F010         	goto	l2998
  5102   0021DA                     u2440:
  5103   0021DA  0012               	return		;funcret
  5104   0021DC                     __end_of_OLED_ClearLine:
  5105                           	callstack 0
  5106                           
  5107 ;; *************** function _OLED_SetCursor *****************
  5108 ;; Defined at:
  5109 ;;		line 107 in file "oled.c"
  5110 ;; Parameters:    Size  Location     Type
  5111 ;;  col             1    wreg     unsigned char 
  5112 ;;  page            1    4[COMRAM] unsigned char 
  5113 ;; Auto vars:     Size  Location     Type
  5114 ;;  col             1    5[COMRAM] unsigned char 
  5115 ;; Return value:  Size  Location     Type
  5116 ;;                  1    wreg      void 
  5117 ;; Registers used:
  5118 ;;		wreg, status,2, status,0, cstack
  5119 ;; Tracked objects:
  5120 ;;		On entry : 0/0
  5121 ;;		On exit  : 0/0
  5122 ;;		Unchanged: 0/0
  5123 ;; Data sizes:     COMRAM   BANK0   BANK1   BANK2   BANK3   BANK4   BANK5   BANK6   BANK7
  5124 ;;      Params:         1       0       0       0       0       0       0       0       0
  5125 ;;      Locals:         1       0       0       0       0       0       0       0       0
  5126 ;;      Temps:          0       0       0       0       0       0       0       0       0
  5127 ;;      Totals:         2       0       0       0       0       0       0       0       0
  5128 ;;Total ram usage:        2 bytes
  5129 ;; Hardware stack levels used: 1
  5130 ;; This function calls:
  5131 ;;		_OLED_Command
  5132 ;; This function is called by:
  5133 ;;		_main
  5134 ;;		_OLED_ClearLine
  5135 ;; This function uses a non-reentrant model
  5136 ;;
  5137                           
  5138                           	psect	text27
  5139   002224                     __ptext27:
  5140                           	callstack 0
  5141   002224                     _OLED_SetCursor:
  5142                           	callstack 29
  5143                           
  5144                           ;incstack = 0
  5145                           ;OLED_SetCursor@col stored from wreg
  5146   002224  6E06               	movwf	OLED_SetCursor@col^0,c
  5147   002226                     
  5148                           ;oled.c: 108:     OLED_Command(0xB0 + page);
  5149   002226  5005               	movf	OLED_SetCursor@page^0,w,c
  5150   002228  0FB0               	addlw	176
  5151   00222A  EC30  F011         	call	_OLED_Command
  5152                           
  5153                           ;oled.c: 109:     OLED_Command(0x00 | (col & 0x0F));
  5154   00222E  5006               	movf	OLED_SetCursor@col^0,w,c
  5155   002230  0B0F               	andlw	15
  5156   002232  EC30  F011         	call	_OLED_Command
  5157                           
  5158                           ;oled.c: 110:     OLED_Command(0x10 | (col >> 4));
  5159   002236  3806               	swapf	OLED_SetCursor@col^0,w,c
  5160   002238  0B0F               	andlw	15
  5161   00223A  0910               	iorlw	16
  5162   00223C  EC30  F011         	call	_OLED_Command
  5163   002240  0012               	return		;funcret
  5164   002242                     __end_of_OLED_SetCursor:
  5165                           	callstack 0
  5166                           
  5167 ;; *************** function _OLED_Clear *****************
  5168 ;; Defined at:
  5169 ;;		line 92 in file "oled.c"
  5170 ;; Parameters:    Size  Location     Type
  5171 ;;		None
  5172 ;; Auto vars:     Size  Location     Type
  5173 ;;  i               2    4[COMRAM] unsigned int 
  5174 ;; Return value:  Size  Location     Type
  5175 ;;                  1    wreg      void 
  5176 ;; Registers used:
  5177 ;;		wreg, status,2, status,0, cstack
  5178 ;; Tracked objects:
  5179 ;;		On entry : 0/0
  5180 ;;		On exit  : 0/0
  5181 ;;		Unchanged: 0/0
  5182 ;; Data sizes:     COMRAM   BANK0   BANK1   BANK2   BANK3   BANK4   BANK5   BANK6   BANK7
  5183 ;;      Params:         0       0       0       0       0       0       0       0       0
  5184 ;;      Locals:         2       0       0       0       0       0       0       0       0
  5185 ;;      Temps:          0       0       0       0       0       0       0       0       0
  5186 ;;      Totals:         2       0       0       0       0       0       0       0       0
  5187 ;;Total ram usage:        2 bytes
  5188 ;; Hardware stack levels used: 1
  5189 ;; Hardware stack levels required when called: 2
  5190 ;; This function calls:
  5191 ;;		_OLED_Command
  5192 ;;		_OLED_Data
  5193 ;; This function is called by:
  5194 ;;		_main
  5195 ;; This function uses a non-reentrant model
  5196 ;;
  5197                           
  5198                           	psect	text28
  5199   002010                     __ptext28:
  5200                           	callstack 0
  5201   002010                     _OLED_Clear:
  5202                           	callstack 28
  5203   002010                     
  5204                           ;oled.c: 93:     unsigned int i;;oled.c: 94:     OLED_Command(0x21); OLED_Command(0); OL
      +                          ED_Command(127);
  5205   002010  0E21               	movlw	33
  5206   002012  EC30  F011         	call	_OLED_Command
  5207   002016  0E00               	movlw	0
  5208   002018  EC30  F011         	call	_OLED_Command
  5209   00201C  0E7F               	movlw	127
  5210   00201E  EC30  F011         	call	_OLED_Command
  5211                           
  5212                           ;oled.c: 95:     OLED_Command(0x22); OLED_Command(0); OLED_Command(7);
  5213   002022  0E22               	movlw	34
  5214   002024  EC30  F011         	call	_OLED_Command
  5215   002028  0E00               	movlw	0
  5216   00202A  EC30  F011         	call	_OLED_Command
  5217   00202E  0E07               	movlw	7
  5218   002030  EC30  F011         	call	_OLED_Command
  5219   002034                     
  5220                           ;oled.c: 96:     for (i = 0; i < 1024; i++) OLED_Data(0x00);
  5221   002034  6A06               	clrf	(OLED_Clear@i+1)^0,c
  5222   002036  0E00               	movlw	0
  5223   002038  6E05               	movwf	OLED_Clear@i^0,c
  5224   00203A                     l2898:
  5225   00203A  0E00               	movlw	0
  5226   00203C  EC21  F011         	call	_OLED_Data
  5227   002040  4A05               	infsnz	OLED_Clear@i^0,f,c
  5228   002042  2A06               	incf	(OLED_Clear@i+1)^0,f,c
  5229   002044  0E04               	movlw	4
  5230   002046  5C06               	subwf	(OLED_Clear@i+1)^0,w,c
  5231   002048  A0D8               	btfss	status,0,c
  5232   00204A  EF29  F010         	goto	u2311
  5233   00204E  EF2B  F010         	goto	u2310
  5234   002052                     u2311:
  5235   002052  EF1D  F010         	goto	l2898
  5236   002056                     u2310:
  5237   002056  0012               	return		;funcret
  5238   002058                     __end_of_OLED_Clear:
  5239                           	callstack 0
  5240                           
  5241 ;; *************** function _OLED_Data *****************
  5242 ;; Defined at:
  5243 ;;		line 61 in file "oled.c"
  5244 ;; Parameters:    Size  Location     Type
  5245 ;;  data            1    wreg     unsigned char 
  5246 ;; Auto vars:     Size  Location     Type
  5247 ;;  data            1    3[COMRAM] unsigned char 
  5248 ;; Return value:  Size  Location     Type
  5249 ;;                  1    wreg      void 
  5250 ;; Registers used:
  5251 ;;		wreg, status,2, status,0, cstack
  5252 ;; Tracked objects:
  5253 ;;		On entry : 0/0
  5254 ;;		On exit  : 0/0
  5255 ;;		Unchanged: 0/0
  5256 ;; Data sizes:     COMRAM   BANK0   BANK1   BANK2   BANK3   BANK4   BANK5   BANK6   BANK7
  5257 ;;      Params:         0       0       0       0       0       0       0       0       0
  5258 ;;      Locals:         1       0       0       0       0       0       0       0       0
  5259 ;;      Temps:          0       0       0       0       0       0       0       0       0
  5260 ;;      Totals:         1       0       0       0       0       0       0       0       0
  5261 ;;Total ram usage:        1 bytes
  5262 ;; Hardware stack levels used: 1
  5263 ;; This function calls:
  5264 ;;		_I2C_Start
  5265 ;;		_I2C_Stop
  5266 ;;		_I2C_Write
  5267 ;; This function is called by:
  5268 ;;		_OLED_Clear
  5269 ;;		_OLED_ClearLine
  5270 ;;		_OLED_WriteChar
  5271 ;; This function uses a non-reentrant model
  5272 ;;
  5273                           
  5274                           	psect	text29
  5275   002242                     __ptext29:
  5276                           	callstack 0
  5277   002242                     _OLED_Data:
  5278                           	callstack 28
  5279                           
  5280                           ;incstack = 0
  5281                           ;OLED_Data@data stored from wreg
  5282   002242  6E04               	movwf	OLED_Data@data^0,c
  5283   002244                     
  5284                           ;oled.c: 62:     I2C_Start();
  5285   002244  ECAF  F010         	call	_I2C_Start	;wreg free
  5286   002248                     
  5287                           ;oled.c: 63:     I2C_Write(0x78);
  5288   002248  0E78               	movlw	120
  5289   00224A  EC3C  F00F         	call	_I2C_Write
  5290   00224E                     
  5291                           ;oled.c: 64:     I2C_Write(0x40);
  5292   00224E  0E40               	movlw	64
  5293   002250  EC3C  F00F         	call	_I2C_Write
  5294   002254                     
  5295                           ;oled.c: 65:     I2C_Write(data);
  5296   002254  5004               	movf	OLED_Data@data^0,w,c
  5297   002256  EC3C  F00F         	call	_I2C_Write
  5298   00225A                     
  5299                           ;oled.c: 66:     I2C_Stop();
  5300   00225A  EC01  F011         	call	_I2C_Stop	;wreg free
  5301   00225E  0012               	return		;funcret
  5302   002260                     __end_of_OLED_Data:
  5303                           	callstack 0
  5304                           
  5305 ;; *************** function _OLED_Command *****************
  5306 ;; Defined at:
  5307 ;;		line 53 in file "oled.c"
  5308 ;; Parameters:    Size  Location     Type
  5309 ;;  cmd             1    wreg     unsigned char 
  5310 ;; Auto vars:     Size  Location     Type
  5311 ;;  cmd             1    3[COMRAM] unsigned char 
  5312 ;; Return value:  Size  Location     Type
  5313 ;;                  1    wreg      void 
  5314 ;; Registers used:
  5315 ;;		wreg, status,2, status,0, cstack
  5316 ;; Tracked objects:
  5317 ;;		On entry : 0/0
  5318 ;;		On exit  : 0/0
  5319 ;;		Unchanged: 0/0
  5320 ;; Data sizes:     COMRAM   BANK0   BANK1   BANK2   BANK3   BANK4   BANK5   BANK6   BANK7
  5321 ;;      Params:         0       0       0       0       0       0       0       0       0
  5322 ;;      Locals:         1       0       0       0       0       0       0       0       0
  5323 ;;      Temps:          0       0       0       0       0       0       0       0       0
  5324 ;;      Totals:         1       0       0       0       0       0       0       0       0
  5325 ;;Total ram usage:        1 bytes
  5326 ;; Hardware stack levels used: 1
  5327 ;; This function calls:
  5328 ;;		_I2C_Start
  5329 ;;		_I2C_Stop
  5330 ;;		_I2C_Write
  5331 ;; This function is called by:
  5332 ;;		_OLED_Init
  5333 ;;		_OLED_Clear
  5334 ;;		_OLED_SetCursor
  5335 ;; This function uses a non-reentrant model
  5336 ;;
  5337                           
  5338                           	psect	text30
  5339   002260                     __ptext30:
  5340                           	callstack 0
  5341   002260                     _OLED_Command:
  5342                           	callstack 28
  5343                           
  5344                           ;incstack = 0
  5345                           ;OLED_Command@cmd stored from wreg
  5346   002260  6E04               	movwf	OLED_Command@cmd^0,c
  5347   002262                     
  5348                           ;oled.c: 54:     I2C_Start();
  5349   002262  ECAF  F010         	call	_I2C_Start	;wreg free
  5350   002266                     
  5351                           ;oled.c: 55:     I2C_Write(0x78);
  5352   002266  0E78               	movlw	120
  5353   002268  EC3C  F00F         	call	_I2C_Write
  5354   00226C                     
  5355                           ;oled.c: 56:     I2C_Write(0x00);
  5356   00226C  0E00               	movlw	0
  5357   00226E  EC3C  F00F         	call	_I2C_Write
  5358   002272                     
  5359                           ;oled.c: 57:     I2C_Write(cmd);
  5360   002272  5004               	movf	OLED_Command@cmd^0,w,c
  5361   002274  EC3C  F00F         	call	_I2C_Write
  5362   002278                     
  5363                           ;oled.c: 58:     I2C_Stop();
  5364   002278  EC01  F011         	call	_I2C_Stop	;wreg free
  5365   00227C  0012               	return		;funcret
  5366   00227E                     __end_of_OLED_Command:
  5367                           	callstack 0
  5368                           
  5369 ;; *************** function _I2C_Init *****************
  5370 ;; Defined at:
  5371 ;;		line 15 in file "i2c.c"
  5372 ;; Parameters:    Size  Location     Type
  5373 ;;		None
  5374 ;; Auto vars:     Size  Location     Type
  5375 ;;		None
  5376 ;; Return value:  Size  Location     Type
  5377 ;;                  1    wreg      void 
  5378 ;; Registers used:
  5379 ;;		None
  5380 ;; Tracked objects:
  5381 ;;		On entry : 0/0
  5382 ;;		On exit  : 0/0
  5383 ;;		Unchanged: 0/0
  5384 ;; Data sizes:     COMRAM   BANK0   BANK1   BANK2   BANK3   BANK4   BANK5   BANK6   BANK7
  5385 ;;      Params:         0       0       0       0       0       0       0       0       0
  5386 ;;      Locals:         0       0       0       0       0       0       0       0       0
  5387 ;;      Temps:          0       0       0       0       0       0       0       0       0
  5388 ;;      Totals:         0       0       0       0       0       0       0       0       0
  5389 ;;Total ram usage:        0 bytes
  5390 ;; Hardware stack levels used: 1
  5391 ;; This function calls:
  5392 ;;		Nothing
  5393 ;; This function is called by:
  5394 ;;		_main
  5395 ;; This function uses a non-reentrant model
  5396 ;;
  5397                           
  5398                           	psect	text31
  5399   0022FA                     __ptext31:
  5400                           	callstack 0
  5401   0022FA                     _I2C_Init:
  5402                           	callstack 30
  5403   0022FA                     
  5404                           ;i2c.c: 16:     TRISBbits.TRISB0 = 0;
  5405   0022FA  9093               	bcf	147,0,c	;volatile
  5406                           
  5407                           ;i2c.c: 17:     TRISBbits.TRISB1 = 0;
  5408   0022FC  9293               	bcf	147,1,c	;volatile
  5409                           
  5410                           ;i2c.c: 18:     LATBbits.LATB0 = 1;
  5411   0022FE  808A               	bsf	138,0,c	;volatile
  5412                           
  5413                           ;i2c.c: 19:     LATBbits.LATB1 = 1;
  5414   002300  828A               	bsf	138,1,c	;volatile
  5415                           
  5416                           ;i2c.c: 20:     INTCON2bits.RBPU = 1;
  5417   002302  8EF1               	bsf	241,7,c	;volatile
  5418   002304  0012               	return		;funcret
  5419   002306                     __end_of_I2C_Init:
  5420                           	callstack 0
  5421                           
  5422 ;; *************** function _BME280_ReadHumidity *****************
  5423 ;; Defined at:
  5424 ;;		line 51 in file "bme280.c"
  5425 ;; Parameters:    Size  Location     Type
  5426 ;;		None
  5427 ;; Auto vars:     Size  Location     Type
  5428 ;;  raw             2   70[COMRAM] unsigned int 
  5429 ;;  lsb             1   73[COMRAM] unsigned char 
  5430 ;;  msb             1   72[COMRAM] unsigned char 
  5431 ;; Return value:  Size  Location     Type
  5432 ;;                  4   64[COMRAM] float 
  5433 ;; Registers used:
  5434 ;;		wreg, status,2, status,0, prodl, prodh, cstack
  5435 ;; Tracked objects:
  5436 ;;		On entry : 0/0
  5437 ;;		On exit  : 0/0
  5438 ;;		Unchanged: 0/0
  5439 ;; Data sizes:     COMRAM   BANK0   BANK1   BANK2   BANK3   BANK4   BANK5   BANK6   BANK7
  5440 ;;      Params:         4       0       0       0       0       0       0       0       0
  5441 ;;      Locals:         4       0       0       0       0       0       0       0       0
  5442 ;;      Temps:          2       0       0       0       0       0       0       0       0
  5443 ;;      Totals:        10       0       0       0       0       0       0       0       0
  5444 ;;Total ram usage:       10 bytes
  5445 ;; Hardware stack levels used: 1
  5446 ;; Hardware stack levels required when called: 2
  5447 ;; This function calls:
  5448 ;;		_BME280_Read
  5449 ;;		___fldiv
  5450 ;;		___flmul
  5451 ;;		___xxtofl
  5452 ;; This function is called by:
  5453 ;;		_main
  5454 ;; This function uses a non-reentrant model
  5455 ;;
  5456                           
  5457                           	psect	text32
  5458   001CEC                     __ptext32:
  5459                           	callstack 0
  5460   001CEC                     _BME280_ReadHumidity:
  5461                           	callstack 28
  5462   001CEC                     
  5463                           ;bme280.c: 53:     unsigned int raw;;bme280.c: 54:     unsigned char msb, lsb;;bme280.c:
      +                           56:     msb = BME280_Read(0xFD);
  5464   001CEC  0EFD               	movlw	253
  5465   001CEE  EC99  F010         	call	_BME280_Read
  5466   001CF2  6E49               	movwf	BME280_ReadHumidity@msb^0,c
  5467                           
  5468                           ;bme280.c: 57:     lsb = BME280_Read(0xFE);
  5469   001CF4  0EFE               	movlw	254
  5470   001CF6  EC99  F010         	call	_BME280_Read
  5471   001CFA  6E4A               	movwf	BME280_ReadHumidity@lsb^0,c
  5472   001CFC                     
  5473                           ;bme280.c: 59:     raw = ((unsigned int)msb << 8) | lsb;
  5474   001CFC  5049               	movf	BME280_ReadHumidity@msb^0,w,c
  5475   001CFE  6E45               	movwf	??_BME280_ReadHumidity^0,c
  5476   001D00  504A               	movf	BME280_ReadHumidity@lsb^0,w,c
  5477   001D02  6E47               	movwf	BME280_ReadHumidity@raw^0,c
  5478   001D04  C045  F048         	movff	??_BME280_ReadHumidity,BME280_ReadHumidity@raw+1
  5479   001D08                     
  5480                           ;bme280.c: 62:     return (raw * 100.0) / 65535.0;
  5481   001D08  0E00               	movlw	0
  5482   001D0A  6E13               	movwf	___flmul@a^0,c
  5483   001D0C  0E00               	movlw	0
  5484   001D0E  6E14               	movwf	(___flmul@a+1)^0,c
  5485   001D10  0EC8               	movlw	200
  5486   001D12  6E15               	movwf	(___flmul@a+2)^0,c
  5487   001D14  0E42               	movlw	66
  5488   001D16  6E16               	movwf	(___flmul@a+3)^0,c
  5489   001D18  C047  F001         	movff	BME280_ReadHumidity@raw,___xxtofl@val
  5490   001D1C  C048  F002         	movff	BME280_ReadHumidity@raw+1,___xxtofl@val+1
  5491   001D20  6A03               	clrf	(___xxtofl@val+2)^0,c
  5492   001D22  6A04               	clrf	(___xxtofl@val+3)^0,c
  5493   001D24  0E00               	movlw	0
  5494   001D26  EC38  F009         	call	___xxtofl
  5495   001D2A  C001  F00F         	movff	?___xxtofl,___flmul@b
  5496   001D2E  C002  F010         	movff	?___xxtofl+1,___flmul@b+1
  5497   001D32  C003  F011         	movff	?___xxtofl+2,___flmul@b+2
  5498   001D36  C004  F012         	movff	?___xxtofl+3,___flmul@b+3
  5499   001D3A  EC71  F004         	call	___flmul	;wreg free
  5500   001D3E  C00F  F028         	movff	?___flmul,___fldiv@b
  5501   001D42  C010  F029         	movff	?___flmul+1,___fldiv@b+1
  5502   001D46  C011  F02A         	movff	?___flmul+2,___fldiv@b+2
  5503   001D4A  C012  F02B         	movff	?___flmul+3,___fldiv@b+3
  5504   001D4E  0E00               	movlw	0
  5505   001D50  6E2C               	movwf	___fldiv@a^0,c
  5506   001D52  0EFF               	movlw	255
  5507   001D54  6E2D               	movwf	(___fldiv@a+1)^0,c
  5508   001D56  0E7F               	movlw	127
  5509   001D58  6E2E               	movwf	(___fldiv@a+2)^0,c
  5510   001D5A  0E47               	movlw	71
  5511   001D5C  6E2F               	movwf	(___fldiv@a+3)^0,c
  5512   001D5E  EC84  F006         	call	___fldiv	;wreg free
  5513   001D62  C028  F041         	movff	?___fldiv,?_BME280_ReadHumidity
  5514   001D66  C029  F042         	movff	?___fldiv+1,?_BME280_ReadHumidity+1
  5515   001D6A  C02A  F043         	movff	?___fldiv+2,?_BME280_ReadHumidity+2
  5516   001D6E  C02B  F044         	movff	?___fldiv+3,?_BME280_ReadHumidity+3
  5517   001D72  0012               	return		;funcret
  5518   001D74                     __end_of_BME280_ReadHumidity:
  5519                           	callstack 0
  5520                           
  5521 ;; *************** function ___xxtofl *****************
  5522 ;; Defined at:
  5523 ;;		line 10 in file "C:\Program Files\Microchip\xc8\v3.10\pic\sources\c99\common\xxtofl.c"
  5524 ;; Parameters:    Size  Location     Type
  5525 ;;  sign            1    wreg     unsigned char 
  5526 ;;  val             4    0[COMRAM] long 
  5527 ;; Auto vars:     Size  Location     Type
  5528 ;;  sign            1    8[COMRAM] unsigned char 
  5529 ;;  arg             4   10[COMRAM] unsigned long 
  5530 ;;  exp             1    9[COMRAM] unsigned char 
  5531 ;; Return value:  Size  Location     Type
  5532 ;;                  4    0[COMRAM] unsigned char 
  5533 ;; Registers used:
  5534 ;;		wreg, status,2, status,0
  5535 ;; Tracked objects:
  5536 ;;		On entry : 0/0
  5537 ;;		On exit  : 0/0
  5538 ;;		Unchanged: 0/0
  5539 ;; Data sizes:     COMRAM   BANK0   BANK1   BANK2   BANK3   BANK4   BANK5   BANK6   BANK7
  5540 ;;      Params:         4       0       0       0       0       0       0       0       0
  5541 ;;      Locals:         6       0       0       0       0       0       0       0       0
  5542 ;;      Temps:          4       0       0       0       0       0       0       0       0
  5543 ;;      Totals:        14       0       0       0       0       0       0       0       0
  5544 ;;Total ram usage:       14 bytes
  5545 ;; Hardware stack levels used: 1
  5546 ;; This function calls:
  5547 ;;		Nothing
  5548 ;; This function is called by:
  5549 ;;		_leer_temperatura
  5550 ;;		_BME280_ReadHumidity
  5551 ;; This function uses a non-reentrant model
  5552 ;;
  5553                           
  5554                           	psect	text33
  5555   001270                     __ptext33:
  5556                           	callstack 0
  5557   001270                     ___xxtofl:
  5558                           	callstack 29
  5559                           
  5560                           ;incstack = 0
  5561                           ;___xxtofl@sign stored from wreg
  5562   001270  6E09               	movwf	___xxtofl@sign^0,c
  5563   001272  5009               	movf	___xxtofl@sign^0,w,c
  5564   001274  B4D8               	btfsc	status,2,c
  5565   001276  EF3F  F009         	goto	u2201
  5566   00127A  EF41  F009         	goto	u2200
  5567   00127E                     u2201:
  5568   00127E  EF63  F009         	goto	l1022
  5569   001282                     u2200:
  5570   001282  BE04               	btfsc	(___xxtofl@val+3)^0,7,c
  5571   001284  EF48  F009         	goto	u2210
  5572   001288  EF46  F009         	goto	u2211
  5573   00128C                     u2211:
  5574   00128C  EF63  F009         	goto	l1022
  5575   001290                     u2210:
  5576   001290  C001  F005         	movff	___xxtofl@val,??___xxtofl
  5577   001294  C002  F006         	movff	___xxtofl@val+1,??___xxtofl+1
  5578   001298  C003  F007         	movff	___xxtofl@val+2,??___xxtofl+2
  5579   00129C  C004  F008         	movff	___xxtofl@val+3,??___xxtofl+3
  5580   0012A0  1E05               	comf	??___xxtofl^0,f,c
  5581   0012A2  1E06               	comf	(??___xxtofl+1)^0,f,c
  5582   0012A4  1E07               	comf	(??___xxtofl+2)^0,f,c
  5583   0012A6  1E08               	comf	(??___xxtofl+3)^0,f,c
  5584   0012A8  2A05               	incf	??___xxtofl^0,f,c
  5585   0012AA  0E00               	movlw	0
  5586   0012AC  2206               	addwfc	(??___xxtofl+1)^0,f,c
  5587   0012AE  2207               	addwfc	(??___xxtofl+2)^0,f,c
  5588   0012B0  2208               	addwfc	(??___xxtofl+3)^0,f,c
  5589   0012B2  C005  F00B         	movff	??___xxtofl,___xxtofl@arg
  5590   0012B6  C006  F00C         	movff	??___xxtofl+1,___xxtofl@arg+1
  5591   0012BA  C007  F00D         	movff	??___xxtofl+2,___xxtofl@arg+2
  5592   0012BE  C008  F00E         	movff	??___xxtofl+3,___xxtofl@arg+3
  5593   0012C2  EF6B  F009         	goto	l2774
  5594   0012C6                     l1022:
  5595   0012C6  C001  F00B         	movff	___xxtofl@val,___xxtofl@arg
  5596   0012CA  C002  F00C         	movff	___xxtofl@val+1,___xxtofl@arg+1
  5597   0012CE  C003  F00D         	movff	___xxtofl@val+2,___xxtofl@arg+2
  5598   0012D2  C004  F00E         	movff	___xxtofl@val+3,___xxtofl@arg+3
  5599   0012D6                     l2774:
  5600   0012D6  5001               	movf	___xxtofl@val^0,w,c
  5601   0012D8  1002               	iorwf	(___xxtofl@val+1)^0,w,c
  5602   0012DA  1003               	iorwf	(___xxtofl@val+2)^0,w,c
  5603   0012DC  1004               	iorwf	(___xxtofl@val+3)^0,w,c
  5604   0012DE  A4D8               	btfss	status,2,c
  5605   0012E0  EF74  F009         	goto	u2221
  5606   0012E4  EF76  F009         	goto	u2220
  5607   0012E8                     u2221:
  5608   0012E8  EF80  F009         	goto	l2780
  5609   0012EC                     u2220:
  5610   0012EC  0E00               	movlw	0
  5611   0012EE  6E01               	movwf	?___xxtofl^0,c
  5612   0012F0  0E00               	movlw	0
  5613   0012F2  6E02               	movwf	(?___xxtofl+1)^0,c
  5614   0012F4  0E00               	movlw	0
  5615   0012F6  6E03               	movwf	(?___xxtofl+2)^0,c
  5616   0012F8  0E00               	movlw	0
  5617   0012FA  6E04               	movwf	(?___xxtofl+3)^0,c
  5618   0012FC  EF11  F00A         	goto	l1025
  5619   001300                     l2780:
  5620   001300  0E96               	movlw	150
  5621   001302  6E0A               	movwf	___xxtofl@exp^0,c
  5622   001304  EF8A  F009         	goto	l2784
  5623   001308                     l2782:
  5624   001308  2A0A               	incf	___xxtofl@exp^0,f,c
  5625   00130A  90D8               	bcf	status,0,c
  5626   00130C  320E               	rrcf	(___xxtofl@arg+3)^0,f,c
  5627   00130E  320D               	rrcf	(___xxtofl@arg+2)^0,f,c
  5628   001310  320C               	rrcf	(___xxtofl@arg+1)^0,f,c
  5629   001312  320B               	rrcf	___xxtofl@arg^0,f,c
  5630   001314                     l2784:
  5631   001314  0E00               	movlw	0
  5632   001316  140B               	andwf	___xxtofl@arg^0,w,c
  5633   001318  6E05               	movwf	??___xxtofl^0,c
  5634   00131A  0E00               	movlw	0
  5635   00131C  140C               	andwf	(___xxtofl@arg+1)^0,w,c
  5636   00131E  6E06               	movwf	(??___xxtofl+1)^0,c
  5637   001320  0E00               	movlw	0
  5638   001322  140D               	andwf	(___xxtofl@arg+2)^0,w,c
  5639   001324  6E07               	movwf	(??___xxtofl+2)^0,c
  5640   001326  0EFE               	movlw	254
  5641   001328  140E               	andwf	(___xxtofl@arg+3)^0,w,c
  5642   00132A  6E08               	movwf	(??___xxtofl+3)^0,c
  5643   00132C  5005               	movf	??___xxtofl^0,w,c
  5644   00132E  1006               	iorwf	(??___xxtofl+1)^0,w,c
  5645   001330  1007               	iorwf	(??___xxtofl+2)^0,w,c
  5646   001332  1008               	iorwf	(??___xxtofl+3)^0,w,c
  5647   001334  A4D8               	btfss	status,2,c
  5648   001336  EF9F  F009         	goto	u2231
  5649   00133A  EFA1  F009         	goto	u2230
  5650   00133E                     u2231:
  5651   00133E  EF84  F009         	goto	l2782
  5652   001342                     u2230:
  5653   001342  EFAF  F009         	goto	l1029
  5654   001346                     l2786:
  5655   001346  2A0A               	incf	___xxtofl@exp^0,f,c
  5656   001348  0E01               	movlw	1
  5657   00134A  260B               	addwf	___xxtofl@arg^0,f,c
  5658   00134C  0E00               	movlw	0
  5659   00134E  220C               	addwfc	(___xxtofl@arg+1)^0,f,c
  5660   001350  220D               	addwfc	(___xxtofl@arg+2)^0,f,c
  5661   001352  220E               	addwfc	(___xxtofl@arg+3)^0,f,c
  5662   001354  90D8               	bcf	status,0,c
  5663   001356  320E               	rrcf	(___xxtofl@arg+3)^0,f,c
  5664   001358  320D               	rrcf	(___xxtofl@arg+2)^0,f,c
  5665   00135A  320C               	rrcf	(___xxtofl@arg+1)^0,f,c
  5666   00135C  320B               	rrcf	___xxtofl@arg^0,f,c
  5667   00135E                     l1029:
  5668   00135E  0E00               	movlw	0
  5669   001360  140B               	andwf	___xxtofl@arg^0,w,c
  5670   001362  6E05               	movwf	??___xxtofl^0,c
  5671   001364  0E00               	movlw	0
  5672   001366  140C               	andwf	(___xxtofl@arg+1)^0,w,c
  5673   001368  6E06               	movwf	(??___xxtofl+1)^0,c
  5674   00136A  0E00               	movlw	0
  5675   00136C  140D               	andwf	(___xxtofl@arg+2)^0,w,c
  5676   00136E  6E07               	movwf	(??___xxtofl+2)^0,c
  5677   001370  0EFF               	movlw	255
  5678   001372  140E               	andwf	(___xxtofl@arg+3)^0,w,c
  5679   001374  6E08               	movwf	(??___xxtofl+3)^0,c
  5680   001376  5005               	movf	??___xxtofl^0,w,c
  5681   001378  1006               	iorwf	(??___xxtofl+1)^0,w,c
  5682   00137A  1007               	iorwf	(??___xxtofl+2)^0,w,c
  5683   00137C  1008               	iorwf	(??___xxtofl+3)^0,w,c
  5684   00137E  A4D8               	btfss	status,2,c
  5685   001380  EFC4  F009         	goto	u2241
  5686   001384  EFC6  F009         	goto	u2240
  5687   001388                     u2241:
  5688   001388  EFA3  F009         	goto	l2786
  5689   00138C                     u2240:
  5690   00138C  EFCE  F009         	goto	l2794
  5691   001390                     l2792:
  5692   001390  060A               	decf	___xxtofl@exp^0,f,c
  5693   001392  90D8               	bcf	status,0,c
  5694   001394  360B               	rlcf	___xxtofl@arg^0,f,c
  5695   001396  360C               	rlcf	(___xxtofl@arg+1)^0,f,c
  5696   001398  360D               	rlcf	(___xxtofl@arg+2)^0,f,c
  5697   00139A  360E               	rlcf	(___xxtofl@arg+3)^0,f,c
  5698   00139C                     l2794:
  5699   00139C  BE0D               	btfsc	(___xxtofl@arg+2)^0,7,c
  5700   00139E  EFD3  F009         	goto	u2251
  5701   0013A2  EFD5  F009         	goto	u2250
  5702   0013A6                     u2251:
  5703   0013A6  EFDD  F009         	goto	l1036
  5704   0013AA                     u2250:
  5705   0013AA  0E02               	movlw	2
  5706   0013AC  600A               	cpfslt	___xxtofl@exp^0,c
  5707   0013AE  EFDB  F009         	goto	u2261
  5708   0013B2  EFDD  F009         	goto	u2260
  5709   0013B6                     u2261:
  5710   0013B6  EFC8  F009         	goto	l2792
  5711   0013BA                     u2260:
  5712   0013BA                     l1036:
  5713   0013BA  B00A               	btfsc	___xxtofl@exp^0,0,c
  5714   0013BC  EFE2  F009         	goto	u2271
  5715   0013C0  EFE4  F009         	goto	u2270
  5716   0013C4                     u2271:
  5717   0013C4  EFE5  F009         	goto	l2800
  5718   0013C8                     u2270:
  5719   0013C8  9E0D               	bcf	(___xxtofl@arg+2)^0,7,c
  5720   0013CA                     l2800:
  5721   0013CA  90D8               	bcf	status,0,c
  5722   0013CC  320A               	rrcf	___xxtofl@exp^0,f,c
  5723   0013CE  C00A  F005         	movff	___xxtofl@exp,??___xxtofl
  5724   0013D2  6A06               	clrf	(??___xxtofl+1)^0,c
  5725   0013D4  6A07               	clrf	(??___xxtofl+2)^0,c
  5726   0013D6  6A08               	clrf	(??___xxtofl+3)^0,c
  5727   0013D8  C005  F008         	movff	??___xxtofl,??___xxtofl+3
  5728   0013DC  6A07               	clrf	(??___xxtofl+2)^0,c
  5729   0013DE  6A06               	clrf	(??___xxtofl+1)^0,c
  5730   0013E0  6A05               	clrf	??___xxtofl^0,c
  5731   0013E2  5005               	movf	??___xxtofl^0,w,c
  5732   0013E4  120B               	iorwf	___xxtofl@arg^0,f,c
  5733   0013E6  5006               	movf	(??___xxtofl+1)^0,w,c
  5734   0013E8  120C               	iorwf	(___xxtofl@arg+1)^0,f,c
  5735   0013EA  5007               	movf	(??___xxtofl+2)^0,w,c
  5736   0013EC  120D               	iorwf	(___xxtofl@arg+2)^0,f,c
  5737   0013EE  5008               	movf	(??___xxtofl+3)^0,w,c
  5738   0013F0  120E               	iorwf	(___xxtofl@arg+3)^0,f,c
  5739   0013F2  5009               	movf	___xxtofl@sign^0,w,c
  5740   0013F4  B4D8               	btfsc	status,2,c
  5741   0013F6  EFFF  F009         	goto	u2281
  5742   0013FA  EF01  F00A         	goto	u2280
  5743   0013FE                     u2281:
  5744   0013FE  EF09  F00A         	goto	l2810
  5745   001402                     u2280:
  5746   001402  BE04               	btfsc	(___xxtofl@val+3)^0,7,c
  5747   001404  EF08  F00A         	goto	u2290
  5748   001408  EF06  F00A         	goto	u2291
  5749   00140C                     u2291:
  5750   00140C  EF09  F00A         	goto	l2810
  5751   001410                     u2290:
  5752   001410  8E0E               	bsf	(___xxtofl@arg+3)^0,7,c
  5753   001412                     l2810:
  5754   001412  C00B  F001         	movff	___xxtofl@arg,?___xxtofl
  5755   001416  C00C  F002         	movff	___xxtofl@arg+1,?___xxtofl+1
  5756   00141A  C00D  F003         	movff	___xxtofl@arg+2,?___xxtofl+2
  5757   00141E  C00E  F004         	movff	___xxtofl@arg+3,?___xxtofl+3
  5758   001422                     l1025:
  5759   001422  0012               	return		;funcret
  5760   001424                     __end_of___xxtofl:
  5761                           	callstack 0
  5762                           
  5763 ;; *************** function ___flmul *****************
  5764 ;; Defined at:
  5765 ;;		line 8 in file "C:\Program Files\Microchip\xc8\v3.10\pic\sources\c99\common\sprcmul.c"
  5766 ;; Parameters:    Size  Location     Type
  5767 ;;  b               4   14[COMRAM] unsigned char 
  5768 ;;  a               4   18[COMRAM] unsigned char 
  5769 ;; Auto vars:     Size  Location     Type
  5770 ;;  prod            4   33[COMRAM] struct .
  5771 ;;  grs             4   27[COMRAM] unsigned long 
  5772 ;;  temp            2   37[COMRAM] struct .
  5773 ;;  bexp            1   32[COMRAM] unsigned char 
  5774 ;;  aexp            1   31[COMRAM] unsigned char 
  5775 ;;  sign            1   26[COMRAM] unsigned char 
  5776 ;; Return value:  Size  Location     Type
  5777 ;;                  4   14[COMRAM] unsigned char 
  5778 ;; Registers used:
  5779 ;;		wreg, status,2, status,0, prodl, prodh
  5780 ;; Tracked objects:
  5781 ;;		On entry : 0/0
  5782 ;;		On exit  : 0/0
  5783 ;;		Unchanged: 0/0
  5784 ;; Data sizes:     COMRAM   BANK0   BANK1   BANK2   BANK3   BANK4   BANK5   BANK6   BANK7
  5785 ;;      Params:         8       0       0       0       0       0       0       0       0
  5786 ;;      Locals:        13       0       0       0       0       0       0       0       0
  5787 ;;      Temps:          4       0       0       0       0       0       0       0       0
  5788 ;;      Totals:        25       0       0       0       0       0       0       0       0
  5789 ;;Total ram usage:       25 bytes
  5790 ;; Hardware stack levels used: 1
  5791 ;; This function calls:
  5792 ;;		Nothing
  5793 ;; This function is called by:
  5794 ;;		_leer_temperatura
  5795 ;;		_BME280_ReadHumidity
  5796 ;; This function uses a non-reentrant model
  5797 ;;
  5798                           
  5799                           	psect	text34
  5800   0008E2                     __ptext34:
  5801                           	callstack 0
  5802   0008E2                     ___flmul:
  5803                           	callstack 29
  5804   0008E2  5012               	movf	(___flmul@b+3)^0,w,c
  5805   0008E4  0B80               	andlw	128
  5806   0008E6  6E1B               	movwf	___flmul@sign^0,c
  5807   0008E8  5012               	movf	(___flmul@b+3)^0,w,c
  5808   0008EA  2412               	addwf	(___flmul@b+3)^0,w,c
  5809   0008EC  6E21               	movwf	___flmul@bexp^0,c
  5810   0008EE  AE11               	btfss	(___flmul@b+2)^0,7,c
  5811   0008F0  EF7C  F004         	goto	u1961
  5812   0008F4  EF7E  F004         	goto	u1960
  5813   0008F8                     u1961:
  5814   0008F8  EF7F  F004         	goto	l2624
  5815   0008FC                     u1960:
  5816   0008FC  8021               	bsf	___flmul@bexp^0,0,c
  5817   0008FE                     l2624:
  5818   0008FE  5021               	movf	___flmul@bexp^0,w,c
  5819   000900  B4D8               	btfsc	status,2,c
  5820   000902  EF85  F004         	goto	u1971
  5821   000906  EF87  F004         	goto	u1970
  5822   00090A                     u1971:
  5823   00090A  EF9A  F004         	goto	l2632
  5824   00090E                     u1970:
  5825   00090E  2821               	incf	___flmul@bexp^0,w,c
  5826   000910  A4D8               	btfss	status,2,c
  5827   000912  EF8D  F004         	goto	u1981
  5828   000916  EF8F  F004         	goto	u1980
  5829   00091A                     u1981:
  5830   00091A  EF97  F004         	goto	l2630
  5831   00091E                     u1980:
  5832   00091E  0E00               	movlw	0
  5833   000920  6E0F               	movwf	___flmul@b^0,c
  5834   000922  0E00               	movlw	0
  5835   000924  6E10               	movwf	(___flmul@b+1)^0,c
  5836   000926  0E00               	movlw	0
  5837   000928  6E11               	movwf	(___flmul@b+2)^0,c
  5838   00092A  0E00               	movlw	0
  5839   00092C  6E12               	movwf	(___flmul@b+3)^0,c
  5840   00092E                     l2630:
  5841   00092E  8E11               	bsf	(___flmul@b+2)^0,7,c
  5842   000930  EFA2  F004         	goto	l2634
  5843   000934                     l2632:
  5844   000934  0E00               	movlw	0
  5845   000936  6E0F               	movwf	___flmul@b^0,c
  5846   000938  0E00               	movlw	0
  5847   00093A  6E10               	movwf	(___flmul@b+1)^0,c
  5848   00093C  0E00               	movlw	0
  5849   00093E  6E11               	movwf	(___flmul@b+2)^0,c
  5850   000940  0E00               	movlw	0
  5851   000942  6E12               	movwf	(___flmul@b+3)^0,c
  5852   000944                     l2634:
  5853   000944  5016               	movf	(___flmul@a+3)^0,w,c
  5854   000946  0B80               	andlw	128
  5855   000948  1A1B               	xorwf	___flmul@sign^0,f,c
  5856   00094A  5016               	movf	(___flmul@a+3)^0,w,c
  5857   00094C  2416               	addwf	(___flmul@a+3)^0,w,c
  5858   00094E  6E20               	movwf	___flmul@aexp^0,c
  5859   000950  AE15               	btfss	(___flmul@a+2)^0,7,c
  5860   000952  EFAD  F004         	goto	u1991
  5861   000956  EFAF  F004         	goto	u1990
  5862   00095A                     u1991:
  5863   00095A  EFB0  F004         	goto	l2642
  5864   00095E                     u1990:
  5865   00095E  8020               	bsf	___flmul@aexp^0,0,c
  5866   000960                     l2642:
  5867   000960  5020               	movf	___flmul@aexp^0,w,c
  5868   000962  B4D8               	btfsc	status,2,c
  5869   000964  EFB6  F004         	goto	u2001
  5870   000968  EFB8  F004         	goto	u2000
  5871   00096C                     u2001:
  5872   00096C  EFCB  F004         	goto	l2650
  5873   000970                     u2000:
  5874   000970  2820               	incf	___flmul@aexp^0,w,c
  5875   000972  A4D8               	btfss	status,2,c
  5876   000974  EFBE  F004         	goto	u2011
  5877   000978  EFC0  F004         	goto	u2010
  5878   00097C                     u2011:
  5879   00097C  EFC8  F004         	goto	l2648
  5880   000980                     u2010:
  5881   000980  0E00               	movlw	0
  5882   000982  6E13               	movwf	___flmul@a^0,c
  5883   000984  0E00               	movlw	0
  5884   000986  6E14               	movwf	(___flmul@a+1)^0,c
  5885   000988  0E00               	movlw	0
  5886   00098A  6E15               	movwf	(___flmul@a+2)^0,c
  5887   00098C  0E00               	movlw	0
  5888   00098E  6E16               	movwf	(___flmul@a+3)^0,c
  5889   000990                     l2648:
  5890   000990  8E15               	bsf	(___flmul@a+2)^0,7,c
  5891   000992  EFD3  F004         	goto	l981
  5892   000996                     l2650:
  5893   000996  0E00               	movlw	0
  5894   000998  6E13               	movwf	___flmul@a^0,c
  5895   00099A  0E00               	movlw	0
  5896   00099C  6E14               	movwf	(___flmul@a+1)^0,c
  5897   00099E  0E00               	movlw	0
  5898   0009A0  6E15               	movwf	(___flmul@a+2)^0,c
  5899   0009A2  0E00               	movlw	0
  5900   0009A4  6E16               	movwf	(___flmul@a+3)^0,c
  5901   0009A6                     l981:
  5902   0009A6  5020               	movf	___flmul@aexp^0,w,c
  5903   0009A8  B4D8               	btfsc	status,2,c
  5904   0009AA  EFD9  F004         	goto	u2021
  5905   0009AE  EFDB  F004         	goto	u2020
  5906   0009B2                     u2021:
  5907   0009B2  EFE3  F004         	goto	l2654
  5908   0009B6                     u2020:
  5909   0009B6  5021               	movf	___flmul@bexp^0,w,c
  5910   0009B8  A4D8               	btfss	status,2,c
  5911   0009BA  EFE1  F004         	goto	u2031
  5912   0009BE  EFE3  F004         	goto	u2030
  5913   0009C2                     u2031:
  5914   0009C2  EFED  F004         	goto	l2658
  5915   0009C6                     u2030:
  5916   0009C6                     l2654:
  5917   0009C6  0E00               	movlw	0
  5918   0009C8  6E0F               	movwf	?___flmul^0,c
  5919   0009CA  0E00               	movlw	0
  5920   0009CC  6E10               	movwf	(?___flmul+1)^0,c
  5921   0009CE  0E00               	movlw	0
  5922   0009D0  6E11               	movwf	(?___flmul+2)^0,c
  5923   0009D2  0E00               	movlw	0
  5924   0009D4  6E12               	movwf	(?___flmul+3)^0,c
  5925   0009D6  EF83  F006         	goto	l985
  5926   0009DA                     l2658:
  5927   0009DA  5015               	movf	(___flmul@a+2)^0,w,c
  5928   0009DC  020F               	mulwf	___flmul@b^0,c
  5929   0009DE  CFF3 F026          	movff	prodl,___flmul@temp
  5930   0009E2  CFF4 F027          	movff	prodh,___flmul@temp+1
  5931   0009E6  5026               	movf	___flmul@temp^0,w,c
  5932   0009E8  6E1C               	movwf	___flmul@grs^0,c
  5933   0009EA  6A1D               	clrf	(___flmul@grs+1)^0,c
  5934   0009EC  6A1E               	clrf	(___flmul@grs+2)^0,c
  5935   0009EE  6A1F               	clrf	(___flmul@grs+3)^0,c
  5936   0009F0  5027               	movf	(___flmul@temp+1)^0,w,c
  5937   0009F2  6E22               	movwf	___flmul@prod^0,c
  5938   0009F4  6A23               	clrf	(___flmul@prod+1)^0,c
  5939   0009F6  6A24               	clrf	(___flmul@prod+2)^0,c
  5940   0009F8  6A25               	clrf	(___flmul@prod+3)^0,c
  5941   0009FA  5014               	movf	(___flmul@a+1)^0,w,c
  5942   0009FC  0210               	mulwf	(___flmul@b+1)^0,c
  5943   0009FE  CFF3 F026          	movff	prodl,___flmul@temp
  5944   000A02  CFF4 F027          	movff	prodh,___flmul@temp+1
  5945   000A06  5026               	movf	___flmul@temp^0,w,c
  5946   000A08  261C               	addwf	___flmul@grs^0,f,c
  5947   000A0A  0E00               	movlw	0
  5948   000A0C  221D               	addwfc	(___flmul@grs+1)^0,f,c
  5949   000A0E  221E               	addwfc	(___flmul@grs+2)^0,f,c
  5950   000A10  221F               	addwfc	(___flmul@grs+3)^0,f,c
  5951   000A12  5027               	movf	(___flmul@temp+1)^0,w,c
  5952   000A14  2622               	addwf	___flmul@prod^0,f,c
  5953   000A16  0E00               	movlw	0
  5954   000A18  2223               	addwfc	(___flmul@prod+1)^0,f,c
  5955   000A1A  2224               	addwfc	(___flmul@prod+2)^0,f,c
  5956   000A1C  2225               	addwfc	(___flmul@prod+3)^0,f,c
  5957   000A1E  5013               	movf	___flmul@a^0,w,c
  5958   000A20  0211               	mulwf	(___flmul@b+2)^0,c
  5959   000A22  CFF3 F026          	movff	prodl,___flmul@temp
  5960   000A26  CFF4 F027          	movff	prodh,___flmul@temp+1
  5961   000A2A  5026               	movf	___flmul@temp^0,w,c
  5962   000A2C  261C               	addwf	___flmul@grs^0,f,c
  5963   000A2E  0E00               	movlw	0
  5964   000A30  221D               	addwfc	(___flmul@grs+1)^0,f,c
  5965   000A32  221E               	addwfc	(___flmul@grs+2)^0,f,c
  5966   000A34  221F               	addwfc	(___flmul@grs+3)^0,f,c
  5967   000A36  5027               	movf	(___flmul@temp+1)^0,w,c
  5968   000A38  2622               	addwf	___flmul@prod^0,f,c
  5969   000A3A  0E00               	movlw	0
  5970   000A3C  2223               	addwfc	(___flmul@prod+1)^0,f,c
  5971   000A3E  2224               	addwfc	(___flmul@prod+2)^0,f,c
  5972   000A40  2225               	addwfc	(___flmul@prod+3)^0,f,c
  5973   000A42  C01E  F01F         	movff	___flmul@grs+2,___flmul@grs+3
  5974   000A46  C01D  F01E         	movff	___flmul@grs+1,___flmul@grs+2
  5975   000A4A  C01C  F01D         	movff	___flmul@grs,___flmul@grs+1
  5976   000A4E  6A1C               	clrf	___flmul@grs^0,c
  5977   000A50  5013               	movf	___flmul@a^0,w,c
  5978   000A52  0210               	mulwf	(___flmul@b+1)^0,c
  5979   000A54  CFF3 F026          	movff	prodl,___flmul@temp
  5980   000A58  CFF4 F027          	movff	prodh,___flmul@temp+1
  5981   000A5C  5026               	movf	___flmul@temp^0,w,c
  5982   000A5E  261C               	addwf	___flmul@grs^0,f,c
  5983   000A60  5027               	movf	(___flmul@temp+1)^0,w,c
  5984   000A62  221D               	addwfc	(___flmul@grs+1)^0,f,c
  5985   000A64  0E00               	movlw	0
  5986   000A66  221E               	addwfc	(___flmul@grs+2)^0,f,c
  5987   000A68  0E00               	movlw	0
  5988   000A6A  221F               	addwfc	(___flmul@grs+3)^0,f,c
  5989   000A6C  5014               	movf	(___flmul@a+1)^0,w,c
  5990   000A6E  020F               	mulwf	___flmul@b^0,c
  5991   000A70  CFF3 F026          	movff	prodl,___flmul@temp
  5992   000A74  CFF4 F027          	movff	prodh,___flmul@temp+1
  5993   000A78  5026               	movf	___flmul@temp^0,w,c
  5994   000A7A  261C               	addwf	___flmul@grs^0,f,c
  5995   000A7C  5027               	movf	(___flmul@temp+1)^0,w,c
  5996   000A7E  221D               	addwfc	(___flmul@grs+1)^0,f,c
  5997   000A80  0E00               	movlw	0
  5998   000A82  221E               	addwfc	(___flmul@grs+2)^0,f,c
  5999   000A84  0E00               	movlw	0
  6000   000A86  221F               	addwfc	(___flmul@grs+3)^0,f,c
  6001   000A88  C01E  F01F         	movff	___flmul@grs+2,___flmul@grs+3
  6002   000A8C  C01D  F01E         	movff	___flmul@grs+1,___flmul@grs+2
  6003   000A90  C01C  F01D         	movff	___flmul@grs,___flmul@grs+1
  6004   000A94  6A1C               	clrf	___flmul@grs^0,c
  6005   000A96  5013               	movf	___flmul@a^0,w,c
  6006   000A98  020F               	mulwf	___flmul@b^0,c
  6007   000A9A  CFF3 F026          	movff	prodl,___flmul@temp
  6008   000A9E  CFF4 F027          	movff	prodh,___flmul@temp+1
  6009   000AA2  5026               	movf	___flmul@temp^0,w,c
  6010   000AA4  261C               	addwf	___flmul@grs^0,f,c
  6011   000AA6  5027               	movf	(___flmul@temp+1)^0,w,c
  6012   000AA8  221D               	addwfc	(___flmul@grs+1)^0,f,c
  6013   000AAA  0E00               	movlw	0
  6014   000AAC  221E               	addwfc	(___flmul@grs+2)^0,f,c
  6015   000AAE  0E00               	movlw	0
  6016   000AB0  221F               	addwfc	(___flmul@grs+3)^0,f,c
  6017   000AB2  5015               	movf	(___flmul@a+2)^0,w,c
  6018   000AB4  0210               	mulwf	(___flmul@b+1)^0,c
  6019   000AB6  CFF3 F026          	movff	prodl,___flmul@temp
  6020   000ABA  CFF4 F027          	movff	prodh,___flmul@temp+1
  6021   000ABE  5026               	movf	___flmul@temp^0,w,c
  6022   000AC0  2622               	addwf	___flmul@prod^0,f,c
  6023   000AC2  5027               	movf	(___flmul@temp+1)^0,w,c
  6024   000AC4  2223               	addwfc	(___flmul@prod+1)^0,f,c
  6025   000AC6  0E00               	movlw	0
  6026   000AC8  2224               	addwfc	(___flmul@prod+2)^0,f,c
  6027   000ACA  0E00               	movlw	0
  6028   000ACC  2225               	addwfc	(___flmul@prod+3)^0,f,c
  6029   000ACE  5014               	movf	(___flmul@a+1)^0,w,c
  6030   000AD0  0211               	mulwf	(___flmul@b+2)^0,c
  6031   000AD2  CFF3 F026          	movff	prodl,___flmul@temp
  6032   000AD6  CFF4 F027          	movff	prodh,___flmul@temp+1
  6033   000ADA  5026               	movf	___flmul@temp^0,w,c
  6034   000ADC  2622               	addwf	___flmul@prod^0,f,c
  6035   000ADE  5027               	movf	(___flmul@temp+1)^0,w,c
  6036   000AE0  2223               	addwfc	(___flmul@prod+1)^0,f,c
  6037   000AE2  0E00               	movlw	0
  6038   000AE4  2224               	addwfc	(___flmul@prod+2)^0,f,c
  6039   000AE6  0E00               	movlw	0
  6040   000AE8  2225               	addwfc	(___flmul@prod+3)^0,f,c
  6041   000AEA  5015               	movf	(___flmul@a+2)^0,w,c
  6042   000AEC  0211               	mulwf	(___flmul@b+2)^0,c
  6043   000AEE  CFF3 F026          	movff	prodl,___flmul@temp
  6044   000AF2  CFF4 F027          	movff	prodh,___flmul@temp+1
  6045   000AF6  5026               	movf	___flmul@temp^0,w,c
  6046   000AF8  6E17               	movwf	??___flmul^0,c
  6047   000AFA  5027               	movf	(___flmul@temp+1)^0,w,c
  6048   000AFC  6E18               	movwf	(??___flmul+1)^0,c
  6049   000AFE  6A19               	clrf	(??___flmul+2)^0,c
  6050   000B00  6A1A               	clrf	(??___flmul+3)^0,c
  6051   000B02  C019  F01A         	movff	??___flmul+2,??___flmul+3
  6052   000B06  C018  F019         	movff	??___flmul+1,??___flmul+2
  6053   000B0A  C017  F018         	movff	??___flmul,??___flmul+1
  6054   000B0E  6A17               	clrf	??___flmul^0,c
  6055   000B10  5017               	movf	??___flmul^0,w,c
  6056   000B12  2622               	addwf	___flmul@prod^0,f,c
  6057   000B14  5018               	movf	(??___flmul+1)^0,w,c
  6058   000B16  2223               	addwfc	(___flmul@prod+1)^0,f,c
  6059   000B18  5019               	movf	(??___flmul+2)^0,w,c
  6060   000B1A  2224               	addwfc	(___flmul@prod+2)^0,f,c
  6061   000B1C  501A               	movf	(??___flmul+3)^0,w,c
  6062   000B1E  2225               	addwfc	(___flmul@prod+3)^0,f,c
  6063   000B20  C01C  F017         	movff	___flmul@grs,??___flmul
  6064   000B24  C01D  F018         	movff	___flmul@grs+1,??___flmul+1
  6065   000B28  C01E  F019         	movff	___flmul@grs+2,??___flmul+2
  6066   000B2C  C01F  F01A         	movff	___flmul@grs+3,??___flmul+3
  6067   000B30  0E19               	movlw	25
  6068   000B32  EFA0  F005         	goto	u2040
  6069   000B36                     u2045:
  6070   000B36  90D8               	bcf	status,0,c
  6071   000B38  321A               	rrcf	(??___flmul+3)^0,f,c
  6072   000B3A  3219               	rrcf	(??___flmul+2)^0,f,c
  6073   000B3C  3218               	rrcf	(??___flmul+1)^0,f,c
  6074   000B3E  3217               	rrcf	??___flmul^0,f,c
  6075   000B40                     u2040:
  6076   000B40  2EE8               	decfsz	wreg,f,c
  6077   000B42  EF9B  F005         	goto	u2045
  6078   000B46  5017               	movf	??___flmul^0,w,c
  6079   000B48  2622               	addwf	___flmul@prod^0,f,c
  6080   000B4A  5018               	movf	(??___flmul+1)^0,w,c
  6081   000B4C  2223               	addwfc	(___flmul@prod+1)^0,f,c
  6082   000B4E  5019               	movf	(??___flmul+2)^0,w,c
  6083   000B50  2224               	addwfc	(___flmul@prod+2)^0,f,c
  6084   000B52  501A               	movf	(??___flmul+3)^0,w,c
  6085   000B54  2225               	addwfc	(___flmul@prod+3)^0,f,c
  6086   000B56  C01E  F01F         	movff	___flmul@grs+2,___flmul@grs+3
  6087   000B5A  C01D  F01E         	movff	___flmul@grs+1,___flmul@grs+2
  6088   000B5E  C01C  F01D         	movff	___flmul@grs,___flmul@grs+1
  6089   000B62  6A1C               	clrf	___flmul@grs^0,c
  6090   000B64  5020               	movf	___flmul@aexp^0,w,c
  6091   000B66  C021  F017         	movff	___flmul@bexp,??___flmul
  6092   000B6A  6A18               	clrf	(??___flmul+1)^0,c
  6093   000B6C  2617               	addwf	??___flmul^0,f,c
  6094   000B6E  0E00               	movlw	0
  6095   000B70  2218               	addwfc	(??___flmul+1)^0,f,c
  6096   000B72  0E82               	movlw	130
  6097   000B74  2417               	addwf	??___flmul^0,w,c
  6098   000B76  6E26               	movwf	___flmul@temp^0,c
  6099   000B78  0EFF               	movlw	255
  6100   000B7A  2018               	addwfc	(??___flmul+1)^0,w,c
  6101   000B7C  6E27               	movwf	(___flmul@temp+1)^0,c
  6102   000B7E  EFD6  F005         	goto	l2706
  6103   000B82                     l2700:
  6104   000B82  90D8               	bcf	status,0,c
  6105   000B84  3622               	rlcf	___flmul@prod^0,f,c
  6106   000B86  3623               	rlcf	(___flmul@prod+1)^0,f,c
  6107   000B88  3624               	rlcf	(___flmul@prod+2)^0,f,c
  6108   000B8A  3625               	rlcf	(___flmul@prod+3)^0,f,c
  6109   000B8C  AE1F               	btfss	(___flmul@grs+3)^0,7,c
  6110   000B8E  EFCB  F005         	goto	u2051
  6111   000B92  EFCD  F005         	goto	u2050
  6112   000B96                     u2051:
  6113   000B96  EFCE  F005         	goto	l988
  6114   000B9A                     u2050:
  6115   000B9A  8022               	bsf	___flmul@prod^0,0,c
  6116   000B9C                     l988:
  6117   000B9C  90D8               	bcf	status,0,c
  6118   000B9E  361C               	rlcf	___flmul@grs^0,f,c
  6119   000BA0  361D               	rlcf	(___flmul@grs+1)^0,f,c
  6120   000BA2  361E               	rlcf	(___flmul@grs+2)^0,f,c
  6121   000BA4  361F               	rlcf	(___flmul@grs+3)^0,f,c
  6122   000BA6  0626               	decf	___flmul@temp^0,f,c
  6123   000BA8  A0D8               	btfss	status,0,c
  6124   000BAA  0627               	decf	(___flmul@temp+1)^0,f,c
  6125   000BAC                     l2706:
  6126   000BAC  AE24               	btfss	(___flmul@prod+2)^0,7,c
  6127   000BAE  EFDB  F005         	goto	u2061
  6128   000BB2  EFDD  F005         	goto	u2060
  6129   000BB6                     u2061:
  6130   000BB6  EFC1  F005         	goto	l2700
  6131   000BBA                     u2060:
  6132   000BBA  6A20               	clrf	___flmul@aexp^0,c
  6133   000BBC  AE1F               	btfss	(___flmul@grs+3)^0,7,c
  6134   000BBE  EFE3  F005         	goto	u2071
  6135   000BC2  EFE5  F005         	goto	u2070
  6136   000BC6                     u2071:
  6137   000BC6  EF09  F006         	goto	l990
  6138   000BCA                     u2070:
  6139   000BCA  0EFF               	movlw	255
  6140   000BCC  141C               	andwf	___flmul@grs^0,w,c
  6141   000BCE  6E17               	movwf	??___flmul^0,c
  6142   000BD0  0EFF               	movlw	255
  6143   000BD2  141D               	andwf	(___flmul@grs+1)^0,w,c
  6144   000BD4  6E18               	movwf	(??___flmul+1)^0,c
  6145   000BD6  0EFF               	movlw	255
  6146   000BD8  141E               	andwf	(___flmul@grs+2)^0,w,c
  6147   000BDA  6E19               	movwf	(??___flmul+2)^0,c
  6148   000BDC  0E7F               	movlw	127
  6149   000BDE  141F               	andwf	(___flmul@grs+3)^0,w,c
  6150   000BE0  6E1A               	movwf	(??___flmul+3)^0,c
  6151   000BE2  5017               	movf	??___flmul^0,w,c
  6152   000BE4  1018               	iorwf	(??___flmul+1)^0,w,c
  6153   000BE6  1019               	iorwf	(??___flmul+2)^0,w,c
  6154   000BE8  101A               	iorwf	(??___flmul+3)^0,w,c
  6155   000BEA  B4D8               	btfsc	status,2,c
  6156   000BEC  EFFA  F005         	goto	u2081
  6157   000BF0  EFFC  F005         	goto	u2080
  6158   000BF4                     u2081:
  6159   000BF4  EF00  F006         	goto	l991
  6160   000BF8                     u2080:
  6161   000BF8                     l2710:
  6162   000BF8  0E01               	movlw	1
  6163   000BFA  6E20               	movwf	___flmul@aexp^0,c
  6164   000BFC  EF09  F006         	goto	l990
  6165   000C00                     l991:
  6166   000C00  A022               	btfss	___flmul@prod^0,0,c
  6167   000C02  EF05  F006         	goto	u2091
  6168   000C06  EF07  F006         	goto	u2090
  6169   000C0A                     u2091:
  6170   000C0A  EF09  F006         	goto	l990
  6171   000C0E                     u2090:
  6172   000C0E  EFFC  F005         	goto	l2710
  6173   000C12                     l990:
  6174   000C12  5020               	movf	___flmul@aexp^0,w,c
  6175   000C14  B4D8               	btfsc	status,2,c
  6176   000C16  EF0F  F006         	goto	u2101
  6177   000C1A  EF11  F006         	goto	u2100
  6178   000C1E                     u2101:
  6179   000C1E  EF35  F006         	goto	l2722
  6180   000C22                     u2100:
  6181   000C22  0E01               	movlw	1
  6182   000C24  2622               	addwf	___flmul@prod^0,f,c
  6183   000C26  0E00               	movlw	0
  6184   000C28  2223               	addwfc	(___flmul@prod+1)^0,f,c
  6185   000C2A  2224               	addwfc	(___flmul@prod+2)^0,f,c
  6186   000C2C  2225               	addwfc	(___flmul@prod+3)^0,f,c
  6187   000C2E  A025               	btfss	(___flmul@prod+3)^0,0,c
  6188   000C30  EF1C  F006         	goto	u2111
  6189   000C34  EF1E  F006         	goto	u2110
  6190   000C38                     u2111:
  6191   000C38  EF35  F006         	goto	l2722
  6192   000C3C                     u2110:
  6193   000C3C  C022  F017         	movff	___flmul@prod,??___flmul
  6194   000C40  C023  F018         	movff	___flmul@prod+1,??___flmul+1
  6195   000C44  C024  F019         	movff	___flmul@prod+2,??___flmul+2
  6196   000C48  C025  F01A         	movff	___flmul@prod+3,??___flmul+3
  6197   000C4C  341A               	rlcf	(??___flmul+3)^0,w,c
  6198   000C4E  321A               	rrcf	(??___flmul+3)^0,f,c
  6199   000C50  3219               	rrcf	(??___flmul+2)^0,f,c
  6200   000C52  3218               	rrcf	(??___flmul+1)^0,f,c
  6201   000C54  3217               	rrcf	??___flmul^0,f,c
  6202   000C56  C017  F022         	movff	??___flmul,___flmul@prod
  6203   000C5A  C018  F023         	movff	??___flmul+1,___flmul@prod+1
  6204   000C5E  C019  F024         	movff	??___flmul+2,___flmul@prod+2
  6205   000C62  C01A  F025         	movff	??___flmul+3,___flmul@prod+3
  6206   000C66  4A26               	infsnz	___flmul@temp^0,f,c
  6207   000C68  2A27               	incf	(___flmul@temp+1)^0,f,c
  6208   000C6A                     l2722:
  6209   000C6A  BE27               	btfsc	(___flmul@temp+1)^0,7,c
  6210   000C6C  EF40  F006         	goto	u2121
  6211   000C70  5027               	movf	(___flmul@temp+1)^0,w,c
  6212   000C72  E108               	bnz	u2120
  6213   000C74  2826               	incf	___flmul@temp^0,w,c
  6214   000C76  A0D8               	btfss	status,0,c
  6215   000C78  EF40  F006         	goto	u2121
  6216   000C7C  EF42  F006         	goto	u2120
  6217   000C80                     u2121:
  6218   000C80  EF4C  F006         	goto	l2726
  6219   000C84                     u2120:
  6220   000C84  0E00               	movlw	0
  6221   000C86  6E22               	movwf	___flmul@prod^0,c
  6222   000C88  0E00               	movlw	0
  6223   000C8A  6E23               	movwf	(___flmul@prod+1)^0,c
  6224   000C8C  0E80               	movlw	128
  6225   000C8E  6E24               	movwf	(___flmul@prod+2)^0,c
  6226   000C90  0E7F               	movlw	127
  6227   000C92  6E25               	movwf	(___flmul@prod+3)^0,c
  6228   000C94  EF79  F006         	goto	l2740
  6229   000C98                     l2726:
  6230   000C98  BE27               	btfsc	(___flmul@temp+1)^0,7,c
  6231   000C9A  EF59  F006         	goto	u2130
  6232   000C9E  5027               	movf	(___flmul@temp+1)^0,w,c
  6233   000CA0  E106               	bnz	u2131
  6234   000CA2  0426               	decf	___flmul@temp^0,w,c
  6235   000CA4  B0D8               	btfsc	status,0,c
  6236   000CA6  EF57  F006         	goto	u2131
  6237   000CAA  EF59  F006         	goto	u2130
  6238   000CAE                     u2131:
  6239   000CAE  EF64  F006         	goto	l998
  6240   000CB2                     u2130:
  6241   000CB2  0E00               	movlw	0
  6242   000CB4  6E22               	movwf	___flmul@prod^0,c
  6243   000CB6  0E00               	movlw	0
  6244   000CB8  6E23               	movwf	(___flmul@prod+1)^0,c
  6245   000CBA  0E00               	movlw	0
  6246   000CBC  6E24               	movwf	(___flmul@prod+2)^0,c
  6247   000CBE  0E00               	movlw	0
  6248   000CC0  6E25               	movwf	(___flmul@prod+3)^0,c
  6249   000CC2  6A1B               	clrf	___flmul@sign^0,c
  6250   000CC4  EF79  F006         	goto	l2740
  6251   000CC8                     l998:
  6252   000CC8  C026  F021         	movff	___flmul@temp,___flmul@bexp
  6253   000CCC  0EFF               	movlw	255
  6254   000CCE  1622               	andwf	___flmul@prod^0,f,c
  6255   000CD0  0EFF               	movlw	255
  6256   000CD2  1623               	andwf	(___flmul@prod+1)^0,f,c
  6257   000CD4  0E7F               	movlw	127
  6258   000CD6  1624               	andwf	(___flmul@prod+2)^0,f,c
  6259   000CD8  0E00               	movlw	0
  6260   000CDA  1625               	andwf	(___flmul@prod+3)^0,f,c
  6261   000CDC  A021               	btfss	___flmul@bexp^0,0,c
  6262   000CDE  EF73  F006         	goto	u2141
  6263   000CE2  EF75  F006         	goto	u2140
  6264   000CE6                     u2141:
  6265   000CE6  EF76  F006         	goto	l2738
  6266   000CEA                     u2140:
  6267   000CEA  8E24               	bsf	(___flmul@prod+2)^0,7,c
  6268   000CEC                     l2738:
  6269   000CEC  90D8               	bcf	status,0,c
  6270   000CEE  3021               	rrcf	___flmul@bexp^0,w,c
  6271   000CF0  6E25               	movwf	(___flmul@prod+3)^0,c
  6272   000CF2                     l2740:
  6273   000CF2  501B               	movf	___flmul@sign^0,w,c
  6274   000CF4  1225               	iorwf	(___flmul@prod+3)^0,f,c
  6275   000CF6  C022  F00F         	movff	___flmul@prod,?___flmul
  6276   000CFA  C023  F010         	movff	___flmul@prod+1,?___flmul+1
  6277   000CFE  C024  F011         	movff	___flmul@prod+2,?___flmul+2
  6278   000D02  C025  F012         	movff	___flmul@prod+3,?___flmul+3
  6279   000D06                     l985:
  6280   000D06  0012               	return		;funcret
  6281   000D08                     __end_of___flmul:
  6282                           	callstack 0
  6283                           
  6284 ;; *************** function ___fldiv *****************
  6285 ;; Defined at:
  6286 ;;		line 11 in file "C:\Program Files\Microchip\xc8\v3.10\pic\sources\c99\common\sprcdiv.c"
  6287 ;; Parameters:    Size  Location     Type
  6288 ;;  b               4   39[COMRAM] unsigned char 
  6289 ;;  a               4   43[COMRAM] unsigned char 
  6290 ;; Auto vars:     Size  Location     Type
  6291 ;;  grs             4   58[COMRAM] unsigned long 
  6292 ;;  rem             4   51[COMRAM] unsigned long 
  6293 ;;  new_exp         2   56[COMRAM] short 
  6294 ;;  aexp            1   63[COMRAM] unsigned char 
  6295 ;;  bexp            1   62[COMRAM] unsigned char 
  6296 ;;  sign            1   55[COMRAM] unsigned char 
  6297 ;; Return value:  Size  Location     Type
  6298 ;;                  4   39[COMRAM] unsigned char 
  6299 ;; Registers used:
  6300 ;;		wreg, status,2, status,0
  6301 ;; Tracked objects:
  6302 ;;		On entry : 0/0
  6303 ;;		On exit  : 0/0
  6304 ;;		Unchanged: 0/0
  6305 ;; Data sizes:     COMRAM   BANK0   BANK1   BANK2   BANK3   BANK4   BANK5   BANK6   BANK7
  6306 ;;      Params:         8       0       0       0       0       0       0       0       0
  6307 ;;      Locals:        13       0       0       0       0       0       0       0       0
  6308 ;;      Temps:          4       0       0       0       0       0       0       0       0
  6309 ;;      Totals:        25       0       0       0       0       0       0       0       0
  6310 ;;Total ram usage:       25 bytes
  6311 ;; Hardware stack levels used: 1
  6312 ;; This function calls:
  6313 ;;		Nothing
  6314 ;; This function is called by:
  6315 ;;		_leer_temperatura
  6316 ;;		_BME280_ReadHumidity
  6317 ;; This function uses a non-reentrant model
  6318 ;;
  6319                           
  6320                           	psect	text35
  6321   000D08                     __ptext35:
  6322                           	callstack 0
  6323   000D08                     ___fldiv:
  6324                           	callstack 29
  6325   000D08  502B               	movf	(___fldiv@b+3)^0,w,c
  6326   000D0A  0B80               	andlw	128
  6327   000D0C  6E38               	movwf	___fldiv@sign^0,c
  6328   000D0E  502B               	movf	(___fldiv@b+3)^0,w,c
  6329   000D10  242B               	addwf	(___fldiv@b+3)^0,w,c
  6330   000D12  6E3F               	movwf	___fldiv@bexp^0,c
  6331   000D14  AE2A               	btfss	(___fldiv@b+2)^0,7,c
  6332   000D16  EF8F  F006         	goto	u1731
  6333   000D1A  EF91  F006         	goto	u1730
  6334   000D1E                     u1731:
  6335   000D1E  EF92  F006         	goto	l2488
  6336   000D22                     u1730:
  6337   000D22  803F               	bsf	___fldiv@bexp^0,0,c
  6338   000D24                     l2488:
  6339   000D24  503F               	movf	___fldiv@bexp^0,w,c
  6340   000D26  B4D8               	btfsc	status,2,c
  6341   000D28  EF98  F006         	goto	u1741
  6342   000D2C  EF9A  F006         	goto	u1740
  6343   000D30                     u1741:
  6344   000D30  EFAE  F006         	goto	l2498
  6345   000D34                     u1740:
  6346   000D34  283F               	incf	___fldiv@bexp^0,w,c
  6347   000D36  A4D8               	btfss	status,2,c
  6348   000D38  EFA0  F006         	goto	u1751
  6349   000D3C  EFA2  F006         	goto	u1750
  6350   000D40                     u1751:
  6351   000D40  EFAA  F006         	goto	l2494
  6352   000D44                     u1750:
  6353   000D44  0E00               	movlw	0
  6354   000D46  6E28               	movwf	___fldiv@b^0,c
  6355   000D48  0E00               	movlw	0
  6356   000D4A  6E29               	movwf	(___fldiv@b+1)^0,c
  6357   000D4C  0E00               	movlw	0
  6358   000D4E  6E2A               	movwf	(___fldiv@b+2)^0,c
  6359   000D50  0E00               	movlw	0
  6360   000D52  6E2B               	movwf	(___fldiv@b+3)^0,c
  6361   000D54                     l2494:
  6362   000D54  8E2A               	bsf	(___fldiv@b+2)^0,7,c
  6363   000D56  6A2B               	clrf	(___fldiv@b+3)^0,c
  6364   000D58  EFB6  F006         	goto	l2500
  6365   000D5C                     l2498:
  6366   000D5C  0E00               	movlw	0
  6367   000D5E  6E28               	movwf	___fldiv@b^0,c
  6368   000D60  0E00               	movlw	0
  6369   000D62  6E29               	movwf	(___fldiv@b+1)^0,c
  6370   000D64  0E00               	movlw	0
  6371   000D66  6E2A               	movwf	(___fldiv@b+2)^0,c
  6372   000D68  0E00               	movlw	0
  6373   000D6A  6E2B               	movwf	(___fldiv@b+3)^0,c
  6374   000D6C                     l2500:
  6375   000D6C  502F               	movf	(___fldiv@a+3)^0,w,c
  6376   000D6E  0B80               	andlw	128
  6377   000D70  1A38               	xorwf	___fldiv@sign^0,f,c
  6378   000D72  502F               	movf	(___fldiv@a+3)^0,w,c
  6379   000D74  242F               	addwf	(___fldiv@a+3)^0,w,c
  6380   000D76  6E40               	movwf	___fldiv@aexp^0,c
  6381   000D78  AE2E               	btfss	(___fldiv@a+2)^0,7,c
  6382   000D7A  EFC1  F006         	goto	u1761
  6383   000D7E  EFC3  F006         	goto	u1760
  6384   000D82                     u1761:
  6385   000D82  EFC4  F006         	goto	l2508
  6386   000D86                     u1760:
  6387   000D86  8040               	bsf	___fldiv@aexp^0,0,c
  6388   000D88                     l2508:
  6389   000D88  5040               	movf	___fldiv@aexp^0,w,c
  6390   000D8A  B4D8               	btfsc	status,2,c
  6391   000D8C  EFCA  F006         	goto	u1771
  6392   000D90  EFCC  F006         	goto	u1770
  6393   000D94                     u1771:
  6394   000D94  EFE0  F006         	goto	l2518
  6395   000D98                     u1770:
  6396   000D98  2840               	incf	___fldiv@aexp^0,w,c
  6397   000D9A  A4D8               	btfss	status,2,c
  6398   000D9C  EFD2  F006         	goto	u1781
  6399   000DA0  EFD4  F006         	goto	u1780
  6400   000DA4                     u1781:
  6401   000DA4  EFDC  F006         	goto	l2514
  6402   000DA8                     u1780:
  6403   000DA8  0E00               	movlw	0
  6404   000DAA  6E2C               	movwf	___fldiv@a^0,c
  6405   000DAC  0E00               	movlw	0
  6406   000DAE  6E2D               	movwf	(___fldiv@a+1)^0,c
  6407   000DB0  0E00               	movlw	0
  6408   000DB2  6E2E               	movwf	(___fldiv@a+2)^0,c
  6409   000DB4  0E00               	movlw	0
  6410   000DB6  6E2F               	movwf	(___fldiv@a+3)^0,c
  6411   000DB8                     l2514:
  6412   000DB8  8E2E               	bsf	(___fldiv@a+2)^0,7,c
  6413   000DBA  6A2F               	clrf	(___fldiv@a+3)^0,c
  6414   000DBC  EFE8  F006         	goto	l2520
  6415   000DC0                     l2518:
  6416   000DC0  0E00               	movlw	0
  6417   000DC2  6E2C               	movwf	___fldiv@a^0,c
  6418   000DC4  0E00               	movlw	0
  6419   000DC6  6E2D               	movwf	(___fldiv@a+1)^0,c
  6420   000DC8  0E00               	movlw	0
  6421   000DCA  6E2E               	movwf	(___fldiv@a+2)^0,c
  6422   000DCC  0E00               	movlw	0
  6423   000DCE  6E2F               	movwf	(___fldiv@a+3)^0,c
  6424   000DD0                     l2520:
  6425   000DD0  502C               	movf	___fldiv@a^0,w,c
  6426   000DD2  102D               	iorwf	(___fldiv@a+1)^0,w,c
  6427   000DD4  102E               	iorwf	(___fldiv@a+2)^0,w,c
  6428   000DD6  102F               	iorwf	(___fldiv@a+3)^0,w,c
  6429   000DD8  A4D8               	btfss	status,2,c
  6430   000DDA  EFF1  F006         	goto	u1791
  6431   000DDE  EFF3  F006         	goto	u1790
  6432   000DE2                     u1791:
  6433   000DE2  EF0B  F007         	goto	l2532
  6434   000DE6                     u1790:
  6435   000DE6  0E00               	movlw	0
  6436   000DE8  6E28               	movwf	___fldiv@b^0,c
  6437   000DEA  0E00               	movlw	0
  6438   000DEC  6E29               	movwf	(___fldiv@b+1)^0,c
  6439   000DEE  0E00               	movlw	0
  6440   000DF0  6E2A               	movwf	(___fldiv@b+2)^0,c
  6441   000DF2  0E00               	movlw	0
  6442   000DF4  6E2B               	movwf	(___fldiv@b+3)^0,c
  6443   000DF6  0E80               	movlw	128
  6444   000DF8  122A               	iorwf	(___fldiv@b+2)^0,f,c
  6445   000DFA  0E7F               	movlw	127
  6446   000DFC  122B               	iorwf	(___fldiv@b+3)^0,f,c
  6447   000DFE                     l2526:
  6448   000DFE  5038               	movf	___fldiv@sign^0,w,c
  6449   000E00  122B               	iorwf	(___fldiv@b+3)^0,f,c
  6450   000E02  C028  F028         	movff	___fldiv@b,?___fldiv
  6451   000E06  C029  F029         	movff	___fldiv@b+1,?___fldiv+1
  6452   000E0A  C02A  F02A         	movff	___fldiv@b+2,?___fldiv+2
  6453   000E0E  C02B  F02B         	movff	___fldiv@b+3,?___fldiv+3
  6454   000E12  EF4A  F008         	goto	l949
  6455   000E16                     l2532:
  6456   000E16  503F               	movf	___fldiv@bexp^0,w,c
  6457   000E18  A4D8               	btfss	status,2,c
  6458   000E1A  EF11  F007         	goto	u1801
  6459   000E1E  EF13  F007         	goto	u1800
  6460   000E22                     u1801:
  6461   000E22  EF1D  F007         	goto	l2540
  6462   000E26                     u1800:
  6463   000E26  0E00               	movlw	0
  6464   000E28  6E28               	movwf	?___fldiv^0,c
  6465   000E2A  0E00               	movlw	0
  6466   000E2C  6E29               	movwf	(?___fldiv+1)^0,c
  6467   000E2E  0E00               	movlw	0
  6468   000E30  6E2A               	movwf	(?___fldiv+2)^0,c
  6469   000E32  0E00               	movlw	0
  6470   000E34  6E2B               	movwf	(?___fldiv+3)^0,c
  6471   000E36  EF4A  F008         	goto	l949
  6472   000E3A                     l2540:
  6473   000E3A  5040               	movf	___fldiv@aexp^0,w,c
  6474   000E3C  C03F  F030         	movff	___fldiv@bexp,??___fldiv
  6475   000E40  6A31               	clrf	(??___fldiv+1)^0,c
  6476   000E42  5E30               	subwf	??___fldiv^0,f,c
  6477   000E44  0E00               	movlw	0
  6478   000E46  5A31               	subwfb	(??___fldiv+1)^0,f,c
  6479   000E48  0E7F               	movlw	127
  6480   000E4A  2430               	addwf	??___fldiv^0,w,c
  6481   000E4C  6E39               	movwf	___fldiv@new_exp^0,c
  6482   000E4E  0E00               	movlw	0
  6483   000E50  2031               	addwfc	(??___fldiv+1)^0,w,c
  6484   000E52  6E3A               	movwf	(___fldiv@new_exp+1)^0,c
  6485   000E54  C028  F034         	movff	___fldiv@b,___fldiv@rem
  6486   000E58  C029  F035         	movff	___fldiv@b+1,___fldiv@rem+1
  6487   000E5C  C02A  F036         	movff	___fldiv@b+2,___fldiv@rem+2
  6488   000E60  C02B  F037         	movff	___fldiv@b+3,___fldiv@rem+3
  6489   000E64  0E00               	movlw	0
  6490   000E66  6E28               	movwf	___fldiv@b^0,c
  6491   000E68  0E00               	movlw	0
  6492   000E6A  6E29               	movwf	(___fldiv@b+1)^0,c
  6493   000E6C  0E00               	movlw	0
  6494   000E6E  6E2A               	movwf	(___fldiv@b+2)^0,c
  6495   000E70  0E00               	movlw	0
  6496   000E72  6E2B               	movwf	(___fldiv@b+3)^0,c
  6497   000E74  0E00               	movlw	0
  6498   000E76  6E3B               	movwf	___fldiv@grs^0,c
  6499   000E78  0E00               	movlw	0
  6500   000E7A  6E3C               	movwf	(___fldiv@grs+1)^0,c
  6501   000E7C  0E00               	movlw	0
  6502   000E7E  6E3D               	movwf	(___fldiv@grs+2)^0,c
  6503   000E80  0E00               	movlw	0
  6504   000E82  6E3E               	movwf	(___fldiv@grs+3)^0,c
  6505   000E84  6A40               	clrf	___fldiv@aexp^0,c
  6506   000E86  EF7D  F007         	goto	l951
  6507   000E8A                     l2550:
  6508   000E8A  5040               	movf	___fldiv@aexp^0,w,c
  6509   000E8C  B4D8               	btfsc	status,2,c
  6510   000E8E  EF4B  F007         	goto	u1811
  6511   000E92  EF4D  F007         	goto	u1810
  6512   000E96                     u1811:
  6513   000E96  EF64  F007         	goto	l2558
  6514   000E9A                     u1810:
  6515   000E9A  90D8               	bcf	status,0,c
  6516   000E9C  3634               	rlcf	___fldiv@rem^0,f,c
  6517   000E9E  3635               	rlcf	(___fldiv@rem+1)^0,f,c
  6518   000EA0  3636               	rlcf	(___fldiv@rem+2)^0,f,c
  6519   000EA2  3637               	rlcf	(___fldiv@rem+3)^0,f,c
  6520   000EA4  90D8               	bcf	status,0,c
  6521   000EA6  3628               	rlcf	___fldiv@b^0,f,c
  6522   000EA8  3629               	rlcf	(___fldiv@b+1)^0,f,c
  6523   000EAA  362A               	rlcf	(___fldiv@b+2)^0,f,c
  6524   000EAC  362B               	rlcf	(___fldiv@b+3)^0,f,c
  6525   000EAE  AE3E               	btfss	(___fldiv@grs+3)^0,7,c
  6526   000EB0  EF5C  F007         	goto	u1821
  6527   000EB4  EF5E  F007         	goto	u1820
  6528   000EB8                     u1821:
  6529   000EB8  EF5F  F007         	goto	l954
  6530   000EBC                     u1820:
  6531   000EBC  8028               	bsf	___fldiv@b^0,0,c
  6532   000EBE                     l954:
  6533   000EBE  90D8               	bcf	status,0,c
  6534   000EC0  363B               	rlcf	___fldiv@grs^0,f,c
  6535   000EC2  363C               	rlcf	(___fldiv@grs+1)^0,f,c
  6536   000EC4  363D               	rlcf	(___fldiv@grs+2)^0,f,c
  6537   000EC6  363E               	rlcf	(___fldiv@grs+3)^0,f,c
  6538   000EC8                     l2558:
  6539   000EC8  502C               	movf	___fldiv@a^0,w,c
  6540   000ECA  5C34               	subwf	___fldiv@rem^0,w,c
  6541   000ECC  502D               	movf	(___fldiv@a+1)^0,w,c
  6542   000ECE  5835               	subwfb	(___fldiv@rem+1)^0,w,c
  6543   000ED0  502E               	movf	(___fldiv@a+2)^0,w,c
  6544   000ED2  5836               	subwfb	(___fldiv@rem+2)^0,w,c
  6545   000ED4  502F               	movf	(___fldiv@a+3)^0,w,c
  6546   000ED6  5837               	subwfb	(___fldiv@rem+3)^0,w,c
  6547   000ED8  A0D8               	btfss	status,0,c
  6548   000EDA  EF71  F007         	goto	u1831
  6549   000EDE  EF73  F007         	goto	u1830
  6550   000EE2                     u1831:
  6551   000EE2  EF7C  F007         	goto	l2564
  6552   000EE6                     u1830:
  6553   000EE6  8C3E               	bsf	(___fldiv@grs+3)^0,6,c
  6554   000EE8  502C               	movf	___fldiv@a^0,w,c
  6555   000EEA  5E34               	subwf	___fldiv@rem^0,f,c
  6556   000EEC  502D               	movf	(___fldiv@a+1)^0,w,c
  6557   000EEE  5A35               	subwfb	(___fldiv@rem+1)^0,f,c
  6558   000EF0  502E               	movf	(___fldiv@a+2)^0,w,c
  6559   000EF2  5A36               	subwfb	(___fldiv@rem+2)^0,f,c
  6560   000EF4  502F               	movf	(___fldiv@a+3)^0,w,c
  6561   000EF6  5A37               	subwfb	(___fldiv@rem+3)^0,f,c
  6562   000EF8                     l2564:
  6563   000EF8  2A40               	incf	___fldiv@aexp^0,f,c
  6564   000EFA                     l951:
  6565   000EFA  0E19               	movlw	25
  6566   000EFC  6440               	cpfsgt	___fldiv@aexp^0,c
  6567   000EFE  EF83  F007         	goto	u1841
  6568   000F02  EF85  F007         	goto	u1840
  6569   000F06                     u1841:
  6570   000F06  EF45  F007         	goto	l2550
  6571   000F0A                     u1840:
  6572   000F0A  5034               	movf	___fldiv@rem^0,w,c
  6573   000F0C  1035               	iorwf	(___fldiv@rem+1)^0,w,c
  6574   000F0E  1036               	iorwf	(___fldiv@rem+2)^0,w,c
  6575   000F10  1037               	iorwf	(___fldiv@rem+3)^0,w,c
  6576   000F12  B4D8               	btfsc	status,2,c
  6577   000F14  EF8E  F007         	goto	u1851
  6578   000F18  EF90  F007         	goto	u1850
  6579   000F1C                     u1851:
  6580   000F1C  EFA8  F007         	goto	l2576
  6581   000F20                     u1850:
  6582   000F20  803B               	bsf	___fldiv@grs^0,0,c
  6583   000F22  EFA8  F007         	goto	l2576
  6584   000F26                     l2570:
  6585   000F26  90D8               	bcf	status,0,c
  6586   000F28  3628               	rlcf	___fldiv@b^0,f,c
  6587   000F2A  3629               	rlcf	(___fldiv@b+1)^0,f,c
  6588   000F2C  362A               	rlcf	(___fldiv@b+2)^0,f,c
  6589   000F2E  362B               	rlcf	(___fldiv@b+3)^0,f,c
  6590   000F30  AE3E               	btfss	(___fldiv@grs+3)^0,7,c
  6591   000F32  EF9D  F007         	goto	u1861
  6592   000F36  EF9F  F007         	goto	u1860
  6593   000F3A                     u1861:
  6594   000F3A  EFA0  F007         	goto	l960
  6595   000F3E                     u1860:
  6596   000F3E  8028               	bsf	___fldiv@b^0,0,c
  6597   000F40                     l960:
  6598   000F40  90D8               	bcf	status,0,c
  6599   000F42  363B               	rlcf	___fldiv@grs^0,f,c
  6600   000F44  363C               	rlcf	(___fldiv@grs+1)^0,f,c
  6601   000F46  363D               	rlcf	(___fldiv@grs+2)^0,f,c
  6602   000F48  363E               	rlcf	(___fldiv@grs+3)^0,f,c
  6603   000F4A  0639               	decf	___fldiv@new_exp^0,f,c
  6604   000F4C  A0D8               	btfss	status,0,c
  6605   000F4E  063A               	decf	(___fldiv@new_exp+1)^0,f,c
  6606   000F50                     l2576:
  6607   000F50  AE2A               	btfss	(___fldiv@b+2)^0,7,c
  6608   000F52  EFAD  F007         	goto	u1871
  6609   000F56  EFAF  F007         	goto	u1870
  6610   000F5A                     u1871:
  6611   000F5A  EF93  F007         	goto	l2570
  6612   000F5E                     u1870:
  6613   000F5E  6A40               	clrf	___fldiv@aexp^0,c
  6614   000F60  AE3E               	btfss	(___fldiv@grs+3)^0,7,c
  6615   000F62  EFB5  F007         	goto	u1881
  6616   000F66  EFB7  F007         	goto	u1880
  6617   000F6A                     u1881:
  6618   000F6A  EFDB  F007         	goto	l962
  6619   000F6E                     u1880:
  6620   000F6E  0EFF               	movlw	255
  6621   000F70  143B               	andwf	___fldiv@grs^0,w,c
  6622   000F72  6E30               	movwf	??___fldiv^0,c
  6623   000F74  0EFF               	movlw	255
  6624   000F76  143C               	andwf	(___fldiv@grs+1)^0,w,c
  6625   000F78  6E31               	movwf	(??___fldiv+1)^0,c
  6626   000F7A  0EFF               	movlw	255
  6627   000F7C  143D               	andwf	(___fldiv@grs+2)^0,w,c
  6628   000F7E  6E32               	movwf	(??___fldiv+2)^0,c
  6629   000F80  0E7F               	movlw	127
  6630   000F82  143E               	andwf	(___fldiv@grs+3)^0,w,c
  6631   000F84  6E33               	movwf	(??___fldiv+3)^0,c
  6632   000F86  5030               	movf	??___fldiv^0,w,c
  6633   000F88  1031               	iorwf	(??___fldiv+1)^0,w,c
  6634   000F8A  1032               	iorwf	(??___fldiv+2)^0,w,c
  6635   000F8C  1033               	iorwf	(??___fldiv+3)^0,w,c
  6636   000F8E  B4D8               	btfsc	status,2,c
  6637   000F90  EFCC  F007         	goto	u1891
  6638   000F94  EFCE  F007         	goto	u1890
  6639   000F98                     u1891:
  6640   000F98  EFD2  F007         	goto	l963
  6641   000F9C                     u1890:
  6642   000F9C                     l2580:
  6643   000F9C  0E01               	movlw	1
  6644   000F9E  6E40               	movwf	___fldiv@aexp^0,c
  6645   000FA0  EFDB  F007         	goto	l962
  6646   000FA4                     l963:
  6647   000FA4  A028               	btfss	___fldiv@b^0,0,c
  6648   000FA6  EFD7  F007         	goto	u1901
  6649   000FAA  EFD9  F007         	goto	u1900
  6650   000FAE                     u1901:
  6651   000FAE  EFDB  F007         	goto	l962
  6652   000FB2                     u1900:
  6653   000FB2  EFCE  F007         	goto	l2580
  6654   000FB6                     l962:
  6655   000FB6  5040               	movf	___fldiv@aexp^0,w,c
  6656   000FB8  B4D8               	btfsc	status,2,c
  6657   000FBA  EFE1  F007         	goto	u1911
  6658   000FBE  EFE3  F007         	goto	u1910
  6659   000FC2                     u1911:
  6660   000FC2  EF07  F008         	goto	l2592
  6661   000FC6                     u1910:
  6662   000FC6  0E01               	movlw	1
  6663   000FC8  2628               	addwf	___fldiv@b^0,f,c
  6664   000FCA  0E00               	movlw	0
  6665   000FCC  2229               	addwfc	(___fldiv@b+1)^0,f,c
  6666   000FCE  222A               	addwfc	(___fldiv@b+2)^0,f,c
  6667   000FD0  222B               	addwfc	(___fldiv@b+3)^0,f,c
  6668   000FD2  A02B               	btfss	(___fldiv@b+3)^0,0,c
  6669   000FD4  EFEE  F007         	goto	u1921
  6670   000FD8  EFF0  F007         	goto	u1920
  6671   000FDC                     u1921:
  6672   000FDC  EF07  F008         	goto	l2592
  6673   000FE0                     u1920:
  6674   000FE0  C028  F030         	movff	___fldiv@b,??___fldiv
  6675   000FE4  C029  F031         	movff	___fldiv@b+1,??___fldiv+1
  6676   000FE8  C02A  F032         	movff	___fldiv@b+2,??___fldiv+2
  6677   000FEC  C02B  F033         	movff	___fldiv@b+3,??___fldiv+3
  6678   000FF0  3433               	rlcf	(??___fldiv+3)^0,w,c
  6679   000FF2  3233               	rrcf	(??___fldiv+3)^0,f,c
  6680   000FF4  3232               	rrcf	(??___fldiv+2)^0,f,c
  6681   000FF6  3231               	rrcf	(??___fldiv+1)^0,f,c
  6682   000FF8  3230               	rrcf	??___fldiv^0,f,c
  6683   000FFA  C030  F028         	movff	??___fldiv,___fldiv@b
  6684   000FFE  C031  F029         	movff	??___fldiv+1,___fldiv@b+1
  6685   001002  C032  F02A         	movff	??___fldiv+2,___fldiv@b+2
  6686   001006  C033  F02B         	movff	??___fldiv+3,___fldiv@b+3
  6687   00100A  4A39               	infsnz	___fldiv@new_exp^0,f,c
  6688   00100C  2A3A               	incf	(___fldiv@new_exp+1)^0,f,c
  6689   00100E                     l2592:
  6690   00100E  BE3A               	btfsc	(___fldiv@new_exp+1)^0,7,c
  6691   001010  EF12  F008         	goto	u1931
  6692   001014  503A               	movf	(___fldiv@new_exp+1)^0,w,c
  6693   001016  E108               	bnz	u1930
  6694   001018  2839               	incf	___fldiv@new_exp^0,w,c
  6695   00101A  A0D8               	btfss	status,0,c
  6696   00101C  EF12  F008         	goto	u1931
  6697   001020  EF14  F008         	goto	u1930
  6698   001024                     u1931:
  6699   001024  EF1F  F008         	goto	l2596
  6700   001028                     u1930:
  6701   001028  0E00               	movlw	0
  6702   00102A  6E3A               	movwf	(___fldiv@new_exp+1)^0,c
  6703   00102C  6839               	setf	___fldiv@new_exp^0,c
  6704   00102E  0E00               	movlw	0
  6705   001030  6E28               	movwf	___fldiv@b^0,c
  6706   001032  0E00               	movlw	0
  6707   001034  6E29               	movwf	(___fldiv@b+1)^0,c
  6708   001036  0E00               	movlw	0
  6709   001038  6E2A               	movwf	(___fldiv@b+2)^0,c
  6710   00103A  0E00               	movlw	0
  6711   00103C  6E2B               	movwf	(___fldiv@b+3)^0,c
  6712   00103E                     l2596:
  6713   00103E  BE3A               	btfsc	(___fldiv@new_exp+1)^0,7,c
  6714   001040  EF2C  F008         	goto	u1940
  6715   001044  503A               	movf	(___fldiv@new_exp+1)^0,w,c
  6716   001046  E106               	bnz	u1941
  6717   001048  0439               	decf	___fldiv@new_exp^0,w,c
  6718   00104A  B0D8               	btfsc	status,0,c
  6719   00104C  EF2A  F008         	goto	u1941
  6720   001050  EF2C  F008         	goto	u1940
  6721   001054                     u1941:
  6722   001054  EF38  F008         	goto	l2602
  6723   001058                     u1940:
  6724   001058  6A3A               	clrf	(___fldiv@new_exp+1)^0,c
  6725   00105A  0E00               	movlw	0
  6726   00105C  6E39               	movwf	___fldiv@new_exp^0,c
  6727   00105E  0E00               	movlw	0
  6728   001060  6E28               	movwf	___fldiv@b^0,c
  6729   001062  0E00               	movlw	0
  6730   001064  6E29               	movwf	(___fldiv@b+1)^0,c
  6731   001066  0E00               	movlw	0
  6732   001068  6E2A               	movwf	(___fldiv@b+2)^0,c
  6733   00106A  0E00               	movlw	0
  6734   00106C  6E2B               	movwf	(___fldiv@b+3)^0,c
  6735   00106E  6A38               	clrf	___fldiv@sign^0,c
  6736   001070                     l2602:
  6737   001070  C039  F03F         	movff	___fldiv@new_exp,___fldiv@bexp
  6738   001074  A03F               	btfss	___fldiv@bexp^0,0,c
  6739   001076  EF3F  F008         	goto	u1951
  6740   00107A  EF41  F008         	goto	u1950
  6741   00107E                     u1951:
  6742   00107E  EF44  F008         	goto	l2608
  6743   001082                     u1950:
  6744   001082  8E2A               	bsf	(___fldiv@b+2)^0,7,c
  6745   001084  EF45  F008         	goto	l2610
  6746   001088                     l2608:
  6747   001088  9E2A               	bcf	(___fldiv@b+2)^0,7,c
  6748   00108A                     l2610:
  6749   00108A  90D8               	bcf	status,0,c
  6750   00108C  303F               	rrcf	___fldiv@bexp^0,w,c
  6751   00108E  6E2B               	movwf	(___fldiv@b+3)^0,c
  6752   001090  EFFF  F006         	goto	l2526
  6753   001094                     l949:
  6754   001094  0012               	return		;funcret
  6755   001096                     __end_of___fldiv:
  6756                           	callstack 0
  6757                           
  6758 ;; *************** function _BME280_Read *****************
  6759 ;; Defined at:
  6760 ;;		line 23 in file "bme280.c"
  6761 ;; Parameters:    Size  Location     Type
  6762 ;;  reg             1    wreg     unsigned char 
  6763 ;; Auto vars:     Size  Location     Type
  6764 ;;  reg             1    4[COMRAM] unsigned char 
  6765 ;;  data            1    5[COMRAM] unsigned char 
  6766 ;; Return value:  Size  Location     Type
  6767 ;;                  1    wreg      unsigned char 
  6768 ;; Registers used:
  6769 ;;		wreg, status,2, status,0, cstack
  6770 ;; Tracked objects:
  6771 ;;		On entry : 0/0
  6772 ;;		On exit  : 0/0
  6773 ;;		Unchanged: 0/0
  6774 ;; Data sizes:     COMRAM   BANK0   BANK1   BANK2   BANK3   BANK4   BANK5   BANK6   BANK7
  6775 ;;      Params:         0       0       0       0       0       0       0       0       0
  6776 ;;      Locals:         2       0       0       0       0       0       0       0       0
  6777 ;;      Temps:          0       0       0       0       0       0       0       0       0
  6778 ;;      Totals:         2       0       0       0       0       0       0       0       0
  6779 ;;Total ram usage:        2 bytes
  6780 ;; Hardware stack levels used: 1
  6781 ;; Hardware stack levels required when called: 1
  6782 ;; This function calls:
  6783 ;;		_I2C_Read
  6784 ;;		_I2C_Start
  6785 ;;		_I2C_Stop
  6786 ;;		_I2C_Write
  6787 ;; This function is called by:
  6788 ;;		_BME280_ReadHumidity
  6789 ;; This function uses a non-reentrant model
  6790 ;;
  6791                           
  6792                           	psect	text36
  6793   002132                     __ptext36:
  6794                           	callstack 0
  6795   002132                     _BME280_Read:
  6796                           	callstack 28
  6797                           
  6798                           ;incstack = 0
  6799                           ;BME280_Read@reg stored from wreg
  6800   002132  6E05               	movwf	BME280_Read@reg^0,c
  6801   002134                     
  6802                           ;bme280.c: 23: unsigned char BME280_Read(unsigned char reg);bme280.c: 24: {;bme280.c: 25
      +                          :     unsigned char data;;bme280.c: 27:     I2C_Start();
  6803   002134  ECAF  F010         	call	_I2C_Start	;wreg free
  6804   002138                     
  6805                           ;bme280.c: 28:     I2C_Write(0x76 << 1);
  6806   002138  0EEC               	movlw	236
  6807   00213A  EC3C  F00F         	call	_I2C_Write
  6808   00213E                     
  6809                           ;bme280.c: 29:     I2C_Write(reg);
  6810   00213E  5005               	movf	BME280_Read@reg^0,w,c
  6811   002140  EC3C  F00F         	call	_I2C_Write
  6812                           
  6813                           ;bme280.c: 31:     I2C_Start();
  6814   002144  ECAF  F010         	call	_I2C_Start	;wreg free
  6815   002148                     
  6816                           ;bme280.c: 32:     I2C_Write((0x76 << 1) | 1);
  6817   002148  0EED               	movlw	237
  6818   00214A  EC3C  F00F         	call	_I2C_Write
  6819   00214E                     
  6820                           ;bme280.c: 33:     data = I2C_Read(0);
  6821   00214E  0E00               	movlw	0
  6822   002150  EC2E  F00E         	call	_I2C_Read
  6823   002154  6E06               	movwf	BME280_Read@data^0,c
  6824                           
  6825                           ;bme280.c: 34:     I2C_Stop();
  6826   002156  EC01  F011         	call	_I2C_Stop	;wreg free
  6827   00215A                     
  6828                           ;bme280.c: 36:     return data;
  6829   00215A  5006               	movf	BME280_Read@data^0,w,c
  6830   00215C  0012               	return		;funcret
  6831   00215E                     __end_of_BME280_Read:
  6832                           	callstack 0
  6833                           
  6834 ;; *************** function _I2C_Read *****************
  6835 ;; Defined at:
  6836 ;;		line 53 in file "i2c.c"
  6837 ;; Parameters:    Size  Location     Type
  6838 ;;  ack             1    wreg     unsigned char 
  6839 ;; Auto vars:     Size  Location     Type
  6840 ;;  ack             1    1[COMRAM] unsigned char 
  6841 ;;  i               1    3[COMRAM] unsigned char 
  6842 ;;  data            1    2[COMRAM] unsigned char 
  6843 ;; Return value:  Size  Location     Type
  6844 ;;                  1    wreg      unsigned char 
  6845 ;; Registers used:
  6846 ;;		wreg, status,2, status,0
  6847 ;; Tracked objects:
  6848 ;;		On entry : 0/0
  6849 ;;		On exit  : 0/0
  6850 ;;		Unchanged: 0/0
  6851 ;; Data sizes:     COMRAM   BANK0   BANK1   BANK2   BANK3   BANK4   BANK5   BANK6   BANK7
  6852 ;;      Params:         0       0       0       0       0       0       0       0       0
  6853 ;;      Locals:         3       0       0       0       0       0       0       0       0
  6854 ;;      Temps:          1       0       0       0       0       0       0       0       0
  6855 ;;      Totals:         4       0       0       0       0       0       0       0       0
  6856 ;;Total ram usage:        4 bytes
  6857 ;; Hardware stack levels used: 1
  6858 ;; This function calls:
  6859 ;;		Nothing
  6860 ;; This function is called by:
  6861 ;;		_BME280_Read
  6862 ;; This function uses a non-reentrant model
  6863 ;;
  6864                           
  6865                           	psect	text37
  6866   001C5C                     __ptext37:
  6867                           	callstack 0
  6868   001C5C                     _I2C_Read:
  6869                           	callstack 28
  6870                           
  6871                           ;incstack = 0
  6872                           ;I2C_Read@ack stored from wreg
  6873   001C5C  6E02               	movwf	I2C_Read@ack^0,c
  6874   001C5E                     
  6875                           ;i2c.c: 54:     unsigned char data = 0;
  6876   001C5E  6A03               	clrf	I2C_Read@data^0,c
  6877                           
  6878                           ;i2c.c: 55:     unsigned char i;;i2c.c: 56:     TRISBbits.TRISB1 = 1;
  6879   001C60  8293               	bsf	147,1,c	;volatile
  6880                           
  6881                           ;i2c.c: 57:     for (i = 0; i < 8; i++) {
  6882   001C62  6A04               	clrf	I2C_Read@i^0,c
  6883   001C64                     l2278:
  6884                           
  6885                           ;i2c.c: 58:         data <<= 1;
  6886   001C64  90D8               	bcf	status,0,c
  6887   001C66  3603               	rlcf	I2C_Read@data^0,f,c
  6888   001C68                     
  6889                           ;i2c.c: 59:         _delay((unsigned long)((5)*(8000000/4000000.0)));
  6890   001C68  0E03               	movlw	3
  6891   001C6A                     u2587:
  6892   001C6A  2EE8               	decfsz	wreg,f,c
  6893   001C6C  D7FE               	bra	u2587
  6894   001C6E  0000               	nop	
  6895   001C70                     
  6896                           ;i2c.c: 60:         LATBbits.LATB0 = 1; _delay((unsigned long)((5)*(8000000/4000000.0)))
      +                          ;
  6897   001C70  808A               	bsf	138,0,c	;volatile
  6898   001C72  0E03               	movlw	3
  6899   001C74                     u2597:
  6900   001C74  2EE8               	decfsz	wreg,f,c
  6901   001C76  D7FE               	bra	u2597
  6902   001C78  0000               	nop	
  6903   001C7A                     
  6904                           ;i2c.c: 61:         if (PORTBbits.RB1) data |= 0x01;
  6905   001C7A  A281               	btfss	129,1,c	;volatile
  6906   001C7C  EF42  F00E         	goto	u1471
  6907   001C80  EF44  F00E         	goto	u1470
  6908   001C84                     u1471:
  6909   001C84  EF45  F00E         	goto	l2290
  6910   001C88                     u1470:
  6911   001C88  8003               	bsf	I2C_Read@data^0,0,c
  6912   001C8A                     l2290:
  6913                           
  6914                           ;i2c.c: 62:         LATBbits.LATB0 = 0; _delay((unsigned long)((5)*(8000000/4000000.0)))
      +                          ;
  6915   001C8A  908A               	bcf	138,0,c	;volatile
  6916   001C8C  0E03               	movlw	3
  6917   001C8E                     u2607:
  6918   001C8E  2EE8               	decfsz	wreg,f,c
  6919   001C90  D7FE               	bra	u2607
  6920   001C92  0000               	nop	
  6921   001C94                     
  6922                           ;i2c.c: 63:     }
  6923   001C94  2A04               	incf	I2C_Read@i^0,f,c
  6924   001C96  0E07               	movlw	7
  6925   001C98  6404               	cpfsgt	I2C_Read@i^0,c
  6926   001C9A  EF51  F00E         	goto	u1481
  6927   001C9E  EF53  F00E         	goto	u1480
  6928   001CA2                     u1481:
  6929   001CA2  EF32  F00E         	goto	l2278
  6930   001CA6                     u1480:
  6931   001CA6                     
  6932                           ;i2c.c: 64:     TRISBbits.TRISB1 = 0;
  6933   001CA6  9293               	bcf	147,1,c	;volatile
  6934   001CA8                     
  6935                           ;i2c.c: 65:     LATBbits.LATB1 = (ack) ? 0 : 1;
  6936   001CA8  5002               	movf	I2C_Read@ack^0,w,c
  6937   001CAA  B4D8               	btfsc	status,2,c
  6938   001CAC  EF5A  F00E         	goto	u1491
  6939   001CB0  EF5E  F00E         	goto	u1490
  6940   001CB4                     u1491:
  6941   001CB4  6A01               	clrf	??_I2C_Read^0,c
  6942   001CB6  2A01               	incf	??_I2C_Read^0,f,c
  6943   001CB8  EF5F  F00E         	goto	u1508
  6944   001CBC                     u1490:
  6945   001CBC  6A01               	clrf	??_I2C_Read^0,c
  6946   001CBE                     u1508:
  6947   001CBE  4601               	rlncf	??_I2C_Read^0,f,c
  6948   001CC0  508A               	movf	138,w,c	;volatile
  6949   001CC2  1801               	xorwf	??_I2C_Read^0,w,c
  6950   001CC4  0BFD               	andlw	-3
  6951   001CC6  1801               	xorwf	??_I2C_Read^0,w,c
  6952   001CC8  6E8A               	movwf	138,c	;volatile
  6953   001CCA                     
  6954                           ;i2c.c: 66:     _delay((unsigned long)((5)*(8000000/4000000.0)));
  6955   001CCA  0E03               	movlw	3
  6956   001CCC                     u2617:
  6957   001CCC  2EE8               	decfsz	wreg,f,c
  6958   001CCE  D7FE               	bra	u2617
  6959   001CD0  0000               	nop	
  6960   001CD2                     
  6961                           ;i2c.c: 67:     LATBbits.LATB0 = 1; _delay((unsigned long)((5)*(8000000/4000000.0)));
  6962   001CD2  808A               	bsf	138,0,c	;volatile
  6963   001CD4  0E03               	movlw	3
  6964   001CD6                     u2627:
  6965   001CD6  2EE8               	decfsz	wreg,f,c
  6966   001CD8  D7FE               	bra	u2627
  6967   001CDA  0000               	nop	
  6968   001CDC                     
  6969                           ;i2c.c: 68:     LATBbits.LATB0 = 0;
  6970   001CDC  908A               	bcf	138,0,c	;volatile
  6971   001CDE                     
  6972                           ;i2c.c: 69:     LATBbits.LATB1 = 1; _delay((unsigned long)((5)*(8000000/4000000.0)));
  6973   001CDE  828A               	bsf	138,1,c	;volatile
  6974   001CE0  0E03               	movlw	3
  6975   001CE2                     u2637:
  6976   001CE2  2EE8               	decfsz	wreg,f,c
  6977   001CE4  D7FE               	bra	u2637
  6978   001CE6  0000               	nop	
  6979   001CE8                     
  6980                           ;i2c.c: 70:     return data;
  6981   001CE8  5003               	movf	I2C_Read@data^0,w,c
  6982   001CEA  0012               	return		;funcret
  6983   001CEC                     __end_of_I2C_Read:
  6984                           	callstack 0
  6985                           
  6986 ;; *************** function _BME280_Init *****************
  6987 ;; Defined at:
  6988 ;;		line 42 in file "bme280.c"
  6989 ;; Parameters:    Size  Location     Type
  6990 ;;		None
  6991 ;; Auto vars:     Size  Location     Type
  6992 ;;		None
  6993 ;; Return value:  Size  Location     Type
  6994 ;;                  1    wreg      void 
  6995 ;; Registers used:
  6996 ;;		wreg, status,2, status,0, cstack
  6997 ;; Tracked objects:
  6998 ;;		On entry : 0/0
  6999 ;;		On exit  : 0/0
  7000 ;;		Unchanged: 0/0
  7001 ;; Data sizes:     COMRAM   BANK0   BANK1   BANK2   BANK3   BANK4   BANK5   BANK6   BANK7
  7002 ;;      Params:         0       0       0       0       0       0       0       0       0
  7003 ;;      Locals:         0       0       0       0       0       0       0       0       0
  7004 ;;      Temps:          0       0       0       0       0       0       0       0       0
  7005 ;;      Totals:         0       0       0       0       0       0       0       0       0
  7006 ;;Total ram usage:        0 bytes
  7007 ;; Hardware stack levels used: 1
  7008 ;; Hardware stack levels required when called: 2
  7009 ;; This function calls:
  7010 ;;		_BME280_Write
  7011 ;; This function is called by:
  7012 ;;		_main
  7013 ;; This function uses a non-reentrant model
  7014 ;;
  7015                           
  7016                           	psect	text38
  7017   00229C                     __ptext38:
  7018                           	callstack 0
  7019   00229C                     _BME280_Init:
  7020                           	callstack 28
  7021   00229C                     
  7022                           ;bme280.c: 44:     BME280_Write(0xF2, 0x01);
  7023   00229C  0E01               	movlw	1
  7024   00229E  6E04               	movwf	BME280_Write@data^0,c
  7025   0022A0  0EF2               	movlw	242
  7026   0022A2  EC3F  F011         	call	_BME280_Write
  7027                           
  7028                           ;bme280.c: 45:     BME280_Write(0xF4, 0x27);
  7029   0022A6  0E27               	movlw	39
  7030   0022A8  6E04               	movwf	BME280_Write@data^0,c
  7031   0022AA  0EF4               	movlw	244
  7032   0022AC  EC3F  F011         	call	_BME280_Write
  7033   0022B0  0012               	return		;funcret
  7034   0022B2                     __end_of_BME280_Init:
  7035                           	callstack 0
  7036                           
  7037 ;; *************** function _BME280_Write *****************
  7038 ;; Defined at:
  7039 ;;		line 11 in file "bme280.c"
  7040 ;; Parameters:    Size  Location     Type
  7041 ;;  reg             1    wreg     unsigned char 
  7042 ;;  data            1    3[COMRAM] unsigned char 
  7043 ;; Auto vars:     Size  Location     Type
  7044 ;;  reg             1    4[COMRAM] unsigned char 
  7045 ;; Return value:  Size  Location     Type
  7046 ;;                  1    wreg      void 
  7047 ;; Registers used:
  7048 ;;		wreg, status,2, status,0, cstack
  7049 ;; Tracked objects:
  7050 ;;		On entry : 0/0
  7051 ;;		On exit  : 0/0
  7052 ;;		Unchanged: 0/0
  7053 ;; Data sizes:     COMRAM   BANK0   BANK1   BANK2   BANK3   BANK4   BANK5   BANK6   BANK7
  7054 ;;      Params:         1       0       0       0       0       0       0       0       0
  7055 ;;      Locals:         1       0       0       0       0       0       0       0       0
  7056 ;;      Temps:          0       0       0       0       0       0       0       0       0
  7057 ;;      Totals:         2       0       0       0       0       0       0       0       0
  7058 ;;Total ram usage:        2 bytes
  7059 ;; Hardware stack levels used: 1
  7060 ;; Hardware stack levels required when called: 1
  7061 ;; This function calls:
  7062 ;;		_I2C_Start
  7063 ;;		_I2C_Stop
  7064 ;;		_I2C_Write
  7065 ;; This function is called by:
  7066 ;;		_BME280_Init
  7067 ;; This function uses a non-reentrant model
  7068 ;;
  7069                           
  7070                           	psect	text39
  7071   00227E                     __ptext39:
  7072                           	callstack 0
  7073   00227E                     _BME280_Write:
  7074                           	callstack 28
  7075                           
  7076                           ;incstack = 0
  7077                           ;BME280_Write@reg stored from wreg
  7078   00227E  6E05               	movwf	BME280_Write@reg^0,c
  7079   002280                     
  7080                           ;bme280.c: 11: void BME280_Write(unsigned char reg, unsigned char data);bme280.c: 12: {;
      +                          bme280.c: 13:     I2C_Start();
  7081   002280  ECAF  F010         	call	_I2C_Start	;wreg free
  7082   002284                     
  7083                           ;bme280.c: 14:     I2C_Write(0x76 << 1);
  7084   002284  0EEC               	movlw	236
  7085   002286  EC3C  F00F         	call	_I2C_Write
  7086   00228A                     
  7087                           ;bme280.c: 15:     I2C_Write(reg);
  7088   00228A  5005               	movf	BME280_Write@reg^0,w,c
  7089   00228C  EC3C  F00F         	call	_I2C_Write
  7090   002290                     
  7091                           ;bme280.c: 16:     I2C_Write(data);
  7092   002290  5004               	movf	BME280_Write@data^0,w,c
  7093   002292  EC3C  F00F         	call	_I2C_Write
  7094   002296                     
  7095                           ;bme280.c: 17:     I2C_Stop();
  7096   002296  EC01  F011         	call	_I2C_Stop	;wreg free
  7097   00229A  0012               	return		;funcret
  7098   00229C                     __end_of_BME280_Write:
  7099                           	callstack 0
  7100                           
  7101 ;; *************** function _I2C_Write *****************
  7102 ;; Defined at:
  7103 ;;		line 38 in file "i2c.c"
  7104 ;; Parameters:    Size  Location     Type
  7105 ;;  data            1    wreg     unsigned char 
  7106 ;; Auto vars:     Size  Location     Type
  7107 ;;  data            1    1[COMRAM] unsigned char 
  7108 ;;  i               1    2[COMRAM] unsigned char 
  7109 ;; Return value:  Size  Location     Type
  7110 ;;                  1    wreg      void 
  7111 ;; Registers used:
  7112 ;;		wreg, status,2, status,0
  7113 ;; Tracked objects:
  7114 ;;		On entry : 0/0
  7115 ;;		On exit  : 0/0
  7116 ;;		Unchanged: 0/0
  7117 ;; Data sizes:     COMRAM   BANK0   BANK1   BANK2   BANK3   BANK4   BANK5   BANK6   BANK7
  7118 ;;      Params:         0       0       0       0       0       0       0       0       0
  7119 ;;      Locals:         2       0       0       0       0       0       0       0       0
  7120 ;;      Temps:          1       0       0       0       0       0       0       0       0
  7121 ;;      Totals:         3       0       0       0       0       0       0       0       0
  7122 ;;Total ram usage:        3 bytes
  7123 ;; Hardware stack levels used: 1
  7124 ;; This function calls:
  7125 ;;		Nothing
  7126 ;; This function is called by:
  7127 ;;		_OLED_Command
  7128 ;;		_OLED_Data
  7129 ;;		_BME280_Write
  7130 ;;		_BME280_Read
  7131 ;; This function uses a non-reentrant model
  7132 ;;
  7133                           
  7134                           	psect	text40
  7135   001E78                     __ptext40:
  7136                           	callstack 0
  7137   001E78                     _I2C_Write:
  7138                           	callstack 27
  7139                           
  7140                           ;incstack = 0
  7141                           ;I2C_Write@data stored from wreg
  7142   001E78  6E02               	movwf	I2C_Write@data^0,c
  7143   001E7A                     
  7144                           ;i2c.c: 39:     unsigned char i;;i2c.c: 40:     for (i = 0; i < 8; i++) {
  7145   001E7A  6A03               	clrf	I2C_Write@i^0,c
  7146   001E7C                     l2152:
  7147                           
  7148                           ;i2c.c: 41:         LATBbits.LATB1 = (data & 0x80) ? 1 : 0;
  7149   001E7C  BE02               	btfsc	I2C_Write@data^0,7,c
  7150   001E7E  EF43  F00F         	goto	u1271
  7151   001E82  EF47  F00F         	goto	u1270
  7152   001E86                     u1271:
  7153   001E86  6A01               	clrf	??_I2C_Write^0,c
  7154   001E88  2A01               	incf	??_I2C_Write^0,f,c
  7155   001E8A  EF48  F00F         	goto	u1288
  7156   001E8E                     u1270:
  7157   001E8E  6A01               	clrf	??_I2C_Write^0,c
  7158   001E90                     u1288:
  7159   001E90  4601               	rlncf	??_I2C_Write^0,f,c
  7160   001E92  508A               	movf	138,w,c	;volatile
  7161   001E94  1801               	xorwf	??_I2C_Write^0,w,c
  7162   001E96  0BFD               	andlw	-3
  7163   001E98  1801               	xorwf	??_I2C_Write^0,w,c
  7164   001E9A  6E8A               	movwf	138,c	;volatile
  7165                           
  7166                           ;i2c.c: 42:         data <<= 1;
  7167   001E9C  90D8               	bcf	status,0,c
  7168   001E9E  3602               	rlcf	I2C_Write@data^0,f,c
  7169   001EA0                     
  7170                           ;i2c.c: 43:         _delay((unsigned long)((5)*(8000000/4000000.0)));
  7171   001EA0  0E03               	movlw	3
  7172   001EA2                     u2647:
  7173   001EA2  2EE8               	decfsz	wreg,f,c
  7174   001EA4  D7FE               	bra	u2647
  7175   001EA6  0000               	nop	
  7176   001EA8                     
  7177                           ;i2c.c: 44:         LATBbits.LATB0 = 1; _delay((unsigned long)((5)*(8000000/4000000.0)))
      +                          ;
  7178   001EA8  808A               	bsf	138,0,c	;volatile
  7179   001EAA  0E03               	movlw	3
  7180   001EAC                     u2657:
  7181   001EAC  2EE8               	decfsz	wreg,f,c
  7182   001EAE  D7FE               	bra	u2657
  7183   001EB0  0000               	nop	
  7184   001EB2                     
  7185                           ;i2c.c: 45:         LATBbits.LATB0 = 0; _delay((unsigned long)((5)*(8000000/4000000.0)))
      +                          ;
  7186   001EB2  908A               	bcf	138,0,c	;volatile
  7187   001EB4  0E03               	movlw	3
  7188   001EB6                     u2667:
  7189   001EB6  2EE8               	decfsz	wreg,f,c
  7190   001EB8  D7FE               	bra	u2667
  7191   001EBA  0000               	nop	
  7192                           
  7193                           ;i2c.c: 46:     }
  7194   001EBC  2A03               	incf	I2C_Write@i^0,f,c
  7195   001EBE  0E07               	movlw	7
  7196   001EC0  6403               	cpfsgt	I2C_Write@i^0,c
  7197   001EC2  EF65  F00F         	goto	u1291
  7198   001EC6  EF67  F00F         	goto	u1290
  7199   001ECA                     u1291:
  7200   001ECA  EF3E  F00F         	goto	l2152
  7201   001ECE                     u1290:
  7202   001ECE                     
  7203                           ;i2c.c: 47:     TRISBbits.TRISB1 = 1; _delay((unsigned long)((5)*(8000000/4000000.0)));
  7204   001ECE  8293               	bsf	147,1,c	;volatile
  7205   001ED0  0E03               	movlw	3
  7206   001ED2                     u2677:
  7207   001ED2  2EE8               	decfsz	wreg,f,c
  7208   001ED4  D7FE               	bra	u2677
  7209   001ED6  0000               	nop	
  7210   001ED8                     
  7211                           ;i2c.c: 48:     LATBbits.LATB0 = 1; _delay((unsigned long)((5)*(8000000/4000000.0)));
  7212   001ED8  808A               	bsf	138,0,c	;volatile
  7213   001EDA  0E03               	movlw	3
  7214   001EDC                     u2687:
  7215   001EDC  2EE8               	decfsz	wreg,f,c
  7216   001EDE  D7FE               	bra	u2687
  7217   001EE0  0000               	nop	
  7218   001EE2                     
  7219                           ;i2c.c: 49:     LATBbits.LATB0 = 0;
  7220   001EE2  908A               	bcf	138,0,c	;volatile
  7221   001EE4                     
  7222                           ;i2c.c: 50:     TRISBbits.TRISB1 = 0; _delay((unsigned long)((5)*(8000000/4000000.0)));
  7223   001EE4  9293               	bcf	147,1,c	;volatile
  7224   001EE6  0E03               	movlw	3
  7225   001EE8                     u2697:
  7226   001EE8  2EE8               	decfsz	wreg,f,c
  7227   001EEA  D7FE               	bra	u2697
  7228   001EEC  0000               	nop	
  7229   001EEE  0012               	return		;funcret
  7230   001EF0                     __end_of_I2C_Write:
  7231                           	callstack 0
  7232                           
  7233 ;; *************** function _I2C_Stop *****************
  7234 ;; Defined at:
  7235 ;;		line 31 in file "i2c.c"
  7236 ;; Parameters:    Size  Location     Type
  7237 ;;		None
  7238 ;; Auto vars:     Size  Location     Type
  7239 ;;		None
  7240 ;; Return value:  Size  Location     Type
  7241 ;;                  1    wreg      void 
  7242 ;; Registers used:
  7243 ;;		wreg
  7244 ;; Tracked objects:
  7245 ;;		On entry : 0/0
  7246 ;;		On exit  : 0/0
  7247 ;;		Unchanged: 0/0
  7248 ;; Data sizes:     COMRAM   BANK0   BANK1   BANK2   BANK3   BANK4   BANK5   BANK6   BANK7
  7249 ;;      Params:         0       0       0       0       0       0       0       0       0
  7250 ;;      Locals:         0       0       0       0       0       0       0       0       0
  7251 ;;      Temps:          0       0       0       0       0       0       0       0       0
  7252 ;;      Totals:         0       0       0       0       0       0       0       0       0
  7253 ;;Total ram usage:        0 bytes
  7254 ;; Hardware stack levels used: 1
  7255 ;; This function calls:
  7256 ;;		Nothing
  7257 ;; This function is called by:
  7258 ;;		_OLED_Command
  7259 ;;		_OLED_Data
  7260 ;;		_BME280_Write
  7261 ;;		_BME280_Read
  7262 ;; This function uses a non-reentrant model
  7263 ;;
  7264                           
  7265                           	psect	text41
  7266   002202                     __ptext41:
  7267                           	callstack 0
  7268   002202                     _I2C_Stop:
  7269                           	callstack 27
  7270   002202                     
  7271                           ;i2c.c: 32:     TRISBbits.TRISB1 = 0;
  7272   002202  9293               	bcf	147,1,c	;volatile
  7273                           
  7274                           ;i2c.c: 33:     LATBbits.LATB1 = 0; _delay((unsigned long)((5)*(8000000/4000000.0)));
  7275   002204  928A               	bcf	138,1,c	;volatile
  7276   002206  0E03               	movlw	3
  7277   002208                     u2707:
  7278   002208  2EE8               	decfsz	wreg,f,c
  7279   00220A  D7FE               	bra	u2707
  7280   00220C  0000               	nop	
  7281   00220E                     
  7282                           ;i2c.c: 34:     LATBbits.LATB0 = 1; _delay((unsigned long)((5)*(8000000/4000000.0)));
  7283   00220E  808A               	bsf	138,0,c	;volatile
  7284   002210  0E03               	movlw	3
  7285   002212                     u2717:
  7286   002212  2EE8               	decfsz	wreg,f,c
  7287   002214  D7FE               	bra	u2717
  7288   002216  0000               	nop	
  7289   002218                     
  7290                           ;i2c.c: 35:     LATBbits.LATB1 = 1; _delay((unsigned long)((5)*(8000000/4000000.0)));
  7291   002218  828A               	bsf	138,1,c	;volatile
  7292   00221A  0E03               	movlw	3
  7293   00221C                     u2727:
  7294   00221C  2EE8               	decfsz	wreg,f,c
  7295   00221E  D7FE               	bra	u2727
  7296   002220  0000               	nop	
  7297   002222  0012               	return		;funcret
  7298   002224                     __end_of_I2C_Stop:
  7299                           	callstack 0
  7300                           
  7301 ;; *************** function _I2C_Start *****************
  7302 ;; Defined at:
  7303 ;;		line 23 in file "i2c.c"
  7304 ;; Parameters:    Size  Location     Type
  7305 ;;		None
  7306 ;; Auto vars:     Size  Location     Type
  7307 ;;		None
  7308 ;; Return value:  Size  Location     Type
  7309 ;;                  1    wreg      void 
  7310 ;; Registers used:
  7311 ;;		wreg
  7312 ;; Tracked objects:
  7313 ;;		On entry : 0/0
  7314 ;;		On exit  : 0/0
  7315 ;;		Unchanged: 0/0
  7316 ;; Data sizes:     COMRAM   BANK0   BANK1   BANK2   BANK3   BANK4   BANK5   BANK6   BANK7
  7317 ;;      Params:         0       0       0       0       0       0       0       0       0
  7318 ;;      Locals:         0       0       0       0       0       0       0       0       0
  7319 ;;      Temps:          0       0       0       0       0       0       0       0       0
  7320 ;;      Totals:         0       0       0       0       0       0       0       0       0
  7321 ;;Total ram usage:        0 bytes
  7322 ;; Hardware stack levels used: 1
  7323 ;; This function calls:
  7324 ;;		Nothing
  7325 ;; This function is called by:
  7326 ;;		_OLED_Command
  7327 ;;		_OLED_Data
  7328 ;;		_BME280_Write
  7329 ;;		_BME280_Read
  7330 ;; This function uses a non-reentrant model
  7331 ;;
  7332                           
  7333                           	psect	text42
  7334   00215E                     __ptext42:
  7335                           	callstack 0
  7336   00215E                     _I2C_Start:
  7337                           	callstack 27
  7338   00215E                     
  7339                           ;i2c.c: 24:     TRISBbits.TRISB1 = 0;
  7340   00215E  9293               	bcf	147,1,c	;volatile
  7341                           
  7342                           ;i2c.c: 25:     LATBbits.LATB1 = 1; _delay((unsigned long)((5)*(8000000/4000000.0)));
  7343   002160  828A               	bsf	138,1,c	;volatile
  7344   002162  0E03               	movlw	3
  7345   002164                     u2737:
  7346   002164  2EE8               	decfsz	wreg,f,c
  7347   002166  D7FE               	bra	u2737
  7348   002168  0000               	nop	
  7349   00216A                     
  7350                           ;i2c.c: 26:     LATBbits.LATB0 = 1; _delay((unsigned long)((5)*(8000000/4000000.0)));
  7351   00216A  808A               	bsf	138,0,c	;volatile
  7352   00216C  0E03               	movlw	3
  7353   00216E                     u2747:
  7354   00216E  2EE8               	decfsz	wreg,f,c
  7355   002170  D7FE               	bra	u2747
  7356   002172  0000               	nop	
  7357   002174                     
  7358                           ;i2c.c: 27:     LATBbits.LATB1 = 0; _delay((unsigned long)((5)*(8000000/4000000.0)));
  7359   002174  928A               	bcf	138,1,c	;volatile
  7360   002176  0E03               	movlw	3
  7361   002178                     u2757:
  7362   002178  2EE8               	decfsz	wreg,f,c
  7363   00217A  D7FE               	bra	u2757
  7364   00217C  0000               	nop	
  7365   00217E                     
  7366                           ;i2c.c: 28:     LATBbits.LATB0 = 0; _delay((unsigned long)((5)*(8000000/4000000.0)));
  7367   00217E  908A               	bcf	138,0,c	;volatile
  7368   002180  0E03               	movlw	3
  7369   002182                     u2767:
  7370   002182  2EE8               	decfsz	wreg,f,c
  7371   002184  D7FE               	bra	u2767
  7372   002186  0000               	nop	
  7373   002188  0012               	return		;funcret
  7374   00218A                     __end_of_I2C_Start:
  7375                           	callstack 0
  7376                           
  7377                           	psect	rparam
  7378   000001                     ___rparam_used  equ	1
  7379   000000                     ___param_bank   equ	0
  7380   000000                     __Lparam        equ	__Lrparam
  7381   000000                     __Hparam        equ	__Hrparam
  7382                           
  7383                           	psect	config
  7384                           
  7385                           ;Config register CONFIG1L @ 0x300000
  7386                           ;	unspecified, using default values
  7387                           ;	PLL Prescaler Selection bits
  7388                           ;	PLLDIV = 0x0, unprogrammed default
  7389                           ;	System Clock Postscaler Selection bits
  7390                           ;	CPUDIV = 0x0, unprogrammed default
  7391                           ;	USB Clock Selection bit (used in Full-Speed USB mode only; UCFG:FSEN = 1)
  7392                           ;	USBDIV = 0x0, unprogrammed default
  7393   300000                     	org	3145728
  7394   300000  00                 	db	0
  7395                           
  7396                           ;Config register CONFIG1H @ 0x300001
  7397                           ;	Oscillator Selection bits
  7398                           ;	FOSC = INTOSCIO_EC, Internal oscillator, port function on RA6, EC used by USB (INTIO)
  7399                           ;	Fail-Safe Clock Monitor Enable bit
  7400                           ;	FCMEN = 0x0, unprogrammed default
  7401                           ;	Internal/External Oscillator Switchover bit
  7402                           ;	IESO = 0x0, unprogrammed default
  7403   300001                     	org	3145729
  7404   300001  08                 	db	8
  7405                           
  7406                           ;Config register CONFIG2L @ 0x300002
  7407                           ;	unspecified, using default values
  7408                           ;	Power-up Timer Enable bit
  7409                           ;	PWRT = 0x1, unprogrammed default
  7410                           ;	Brown-out Reset Enable bits
  7411                           ;	BOR = 0x3, unprogrammed default
  7412                           ;	Brown-out Reset Voltage bits
  7413                           ;	BORV = 0x3, unprogrammed default
  7414                           ;	USB Voltage Regulator Enable bit
  7415                           ;	VREGEN = 0x0, unprogrammed default
  7416   300002                     	org	3145730
  7417   300002  1F                 	db	31
  7418                           
  7419                           ;Config register CONFIG2H @ 0x300003
  7420                           ;	Watchdog Timer Enable bit
  7421                           ;	WDT = OFF, WDT disabled (control is placed on the SWDTEN bit)
  7422                           ;	Watchdog Timer Postscale Select bits
  7423                           ;	WDTPS = 0xF, unprogrammed default
  7424   300003                     	org	3145731
  7425   300003  1E                 	db	30
  7426                           
  7427                           ; Padding undefined space
  7428   300004                     	org	3145732
  7429   300004  FF                 	db	255
  7430                           
  7431                           ;Config register CONFIG3H @ 0x300005
  7432                           ;	CCP2 MUX bit
  7433                           ;	CCP2MX = 0x1, unprogrammed default
  7434                           ;	PORTB A/D Enable bit
  7435                           ;	PBADEN = OFF, PORTB<4:0> pins are configured as digital I/O on Reset
  7436                           ;	Low-Power Timer 1 Oscillator Enable bit
  7437                           ;	LPT1OSC = 0x0, unprogrammed default
  7438                           ;	MCLR Pin Enable bit
  7439                           ;	MCLRE = ON, MCLR pin enabled; RE3 input pin disabled
  7440   300005                     	org	3145733
  7441   300005  81                 	db	129
  7442                           
  7443                           ;Config register CONFIG4L @ 0x300006
  7444                           ;	Stack Full/Underflow Reset Enable bit
  7445                           ;	STVREN = 0x1, unprogrammed default
  7446                           ;	Single-Supply ICSP Enable bit
  7447                           ;	LVP = OFF, Single-Supply ICSP disabled
  7448                           ;	Dedicated In-Circuit Debug/Programming Port (ICPORT) Enable bit
  7449                           ;	ICPRT = 0x0, unprogrammed default
  7450                           ;	Extended Instruction Set Enable bit
  7451                           ;	XINST = 0x0, unprogrammed default
  7452                           ;	Background Debugger Enable bit
  7453                           ;	DEBUG = 0x1, unprogrammed default
  7454   300006                     	org	3145734
  7455   300006  81                 	db	129
  7456                           
  7457                           ; Padding undefined space
  7458   300007                     	org	3145735
  7459   300007  FF                 	db	255
  7460                           tosu	equ	0xFFF
  7461                           tosh	equ	0xFFE
  7462                           tosl	equ	0xFFD
  7463                           stkptr	equ	0xFFC
  7464                           pclatu	equ	0xFFB
  7465                           pclath	equ	0xFFA
  7466                           pcl	equ	0xFF9
  7467                           tblptru	equ	0xFF8
  7468                           tblptrh	equ	0xFF7
  7469                           tblptrl	equ	0xFF6
  7470                           tablat	equ	0xFF5
  7471                           prodh	equ	0xFF4
  7472                           prodl	equ	0xFF3
  7473                           indf0	equ	0xFEF
  7474                           postinc0	equ	0xFEE
  7475                           postdec0	equ	0xFED
  7476                           preinc0	equ	0xFEC
  7477                           plusw0	equ	0xFEB
  7478                           fsr0h	equ	0xFEA
  7479                           fsr0l	equ	0xFE9
  7480                           wreg	equ	0xFE8
  7481                           indf1	equ	0xFE7
  7482                           postinc1	equ	0xFE6
  7483                           postdec1	equ	0xFE5
  7484                           preinc1	equ	0xFE4
  7485                           plusw1	equ	0xFE3
  7486                           fsr1h	equ	0xFE2
  7487                           fsr1l	equ	0xFE1
  7488                           bsr	equ	0xFE0
  7489                           indf2	equ	0xFDF
  7490                           postinc2	equ	0xFDE
  7491                           postdec2	equ	0xFDD
  7492                           preinc2	equ	0xFDC
  7493                           plusw2	equ	0xFDB
  7494                           fsr2h	equ	0xFDA
  7495                           fsr2l	equ	0xFD9
  7496                           status	equ	0xFD8

Data Sizes:
    Strings     24
    Constant    200
    Data        0
    BSS         43
    Persistent  0
    Stack       0

Auto Spaces:
    Space          Size  Autos    Used
    COMRAM           95     76      87
    BANK0           160     24      56
    BANK1           256      0       0
    BANK2           256      0       0
    BANK3           256      0       0
    BANK4           256      0       0
    BANK5           256      0       0
    BANK6           256      0       0
    BANK7           256      0       0

Pointer List with Targets:

    f$.$buffer	PTR unsigned char  size(1) Largest target is 12
		 -> main@buffer(BANK0[12]), 

    f$.$source	PTR const unsigned char  size(2) Largest target is 0

    fputc@fp	PTR struct _IO_FILE size(1) Largest target is 11
		 -> sprintf@f(COMRAM[11]), 

    fputc@fp$.$buffer	PTR unsigned char  size(1) Largest target is 12
		 -> main@buffer(BANK0[12]), 

    fputc@fp$.$source	PTR const unsigned char  size(2) Largest target is 0

    OLED_WriteString@str	PTR unsigned char  size(1) Largest target is 12
		 -> main@buffer(BANK0[12]), 

    S1205$buffer	PTR unsigned char  size(1) Largest target is 12
		 -> main@buffer(BANK0[12]), 

    S1205$source	PTR const unsigned char  size(2) Largest target is 0

    sprintf@ap	PTR void [1] size(1) Largest target is 2
		 -> ?_sprintf(COMRAM[2]), 

    sprintf@fmt	PTR const unsigned char  size(1) Largest target is 7
		 -> STR_1(CODE[7]), STR_2(CODE[7]), STR_3(CODE[5]), STR_4(CODE[5]), 

    sprintf@s	PTR unsigned char  size(1) Largest target is 12
		 -> main@buffer(BANK0[12]), 

    vfpfcnvrt@ap	PTR PTR void  size(1) Largest target is 1
		 -> sprintf@ap(COMRAM[1]), 

    vfpfcnvrt@cp	PTR unsigned char  size(1) Largest target is 7
		 -> STR_1(CODE[7]), STR_2(CODE[7]), STR_3(CODE[5]), STR_4(CODE[5]), 

    vfpfcnvrt@fmt	PTR PTR unsigned char  size(1) Largest target is 1
		 -> vfprintf@cfmt(COMRAM[1]), 

    vfpfcnvrt@fp	PTR struct _IO_FILE size(1) Largest target is 11
		 -> sprintf@f(COMRAM[11]), 

    vfprintf@ap	PTR PTR void  size(1) Largest target is 1
		 -> sprintf@ap(COMRAM[1]), 

    vfprintf@cfmt	PTR unsigned char  size(1) Largest target is 7
		 -> STR_1(CODE[7]), STR_2(CODE[7]), STR_3(CODE[5]), STR_4(CODE[5]), 

    vfprintf@fmt	PTR const unsigned char  size(1) Largest target is 7
		 -> STR_1(CODE[7]), STR_2(CODE[7]), STR_3(CODE[5]), STR_4(CODE[5]), 

    vfprintf@fp	PTR struct _IO_FILE size(1) Largest target is 11
		 -> sprintf@f(COMRAM[11]), 


Critical Paths under _main in COMRAM

    _main->_BME280_ReadHumidity
    _sprintf->_vfprintf
    _vfprintf->_vfpfcnvrt
    _vfpfcnvrt->_abs
    _abs->___awmod
    _leer_temperatura->___fldiv
    _leer_luz->_leer_adc
    _leer_aire->_leer_adc
    _control_temperatura->___flge
    _control_humedad->___flge
    _control_aire->_set_PWM_duty
    _OLED_WriteString->_OLED_WriteChar
    _OLED_WriteChar->_OLED_Data
    _OLED_Init->_OLED_Command
    _OLED_ClearLine->_OLED_SetCursor
    _OLED_SetCursor->_OLED_Command
    _OLED_Clear->_OLED_Command
    _OLED_Clear->_OLED_Data
    _OLED_Data->_I2C_Write
    _OLED_Command->_I2C_Write
    _BME280_ReadHumidity->___fldiv
    ___flmul->___xxtofl
    ___fldiv->___flmul
    _BME280_Read->_I2C_Read
    _BME280_Init->_BME280_Write
    _BME280_Write->_I2C_Write

Critical Paths under _main in BANK0

    None.

Critical Paths under _main in BANK1

    None.

Critical Paths under _main in BANK2

    None.

Critical Paths under _main in BANK3

    None.

Critical Paths under _main in BANK4

    None.

Critical Paths under _main in BANK5

    None.

Critical Paths under _main in BANK6

    None.

Critical Paths under _main in BANK7

    None.

Call Graph Tables:

 ---------------------------------------------------------------------------------
 (Depth) Function   	        Calls       Base Space   Used Autos Params    Refs
 ---------------------------------------------------------------------------------
 (0) _main                                                26    26      0   10971
                                             74 COMRAM     2     2      0
                                              0 BANK0     24    24      0
                        _BME280_Init
                _BME280_ReadHumidity
                           _I2C_Init
                         _OLED_Clear
                     _OLED_ClearLine
                          _OLED_Init
                     _OLED_SetCursor
                   _OLED_WriteString
                            ___fltol
                       _control_aire
                    _control_humedad
                        _control_luz
                _control_temperatura
                           _init_ADC
                           _init_PWM
                          _leer_aire
                           _leer_luz
                   _leer_temperatura
                              _setup
                            _sprintf
 ---------------------------------------------------------------------------------
 (1) _sprintf                                             18    14      4    1837
                                             25 COMRAM    16    12      4
                            ___fltol (ARG)
                           _vfprintf
 ---------------------------------------------------------------------------------
 (2) _vfprintf                                             4     1      3    1630
                                             21 COMRAM     4     1      3
                          _vfpfcnvrt
 ---------------------------------------------------------------------------------
 (3) _vfpfcnvrt                                           11     8      3    1502
                                             10 COMRAM    11     8      3
                            ___awdiv
                            ___awmod
                                _abs
                              _fputc
 ---------------------------------------------------------------------------------
 (4) _fputc                                                8     5      3     232
                                              0 COMRAM     8     5      3
                              _putch
 ---------------------------------------------------------------------------------
 (5) _putch                                                1     1      0       0
 ---------------------------------------------------------------------------------
 (4) _abs                                                  4     2      2      67
                                              6 COMRAM     4     2      2
                            ___awmod (ARG)
 ---------------------------------------------------------------------------------
 (4) ___awmod                                              6     2      4     298
                                              0 COMRAM     6     2      4
 ---------------------------------------------------------------------------------
 (4) ___awdiv                                              8     4      4     302
                                              0 COMRAM     8     4      4
 ---------------------------------------------------------------------------------
 (1) _setup                                                0     0      0       0
 ---------------------------------------------------------------------------------
 (1) _leer_temperatura                                     6     2      4    2981
                                             64 COMRAM     6     2      4
                            ___fldiv
                            ___flmul
                           ___xxtofl
                           _leer_adc
 ---------------------------------------------------------------------------------
 (1) _leer_luz                                             2     0      2      25
                                              4 COMRAM     2     0      2
                           _leer_adc
 ---------------------------------------------------------------------------------
 (1) _leer_aire                                            2     0      2      25
                                              4 COMRAM     2     0      2
                           _leer_adc
 ---------------------------------------------------------------------------------
 (2) _leer_adc                                             4     2      2      25
                                              0 COMRAM     4     2      2
 ---------------------------------------------------------------------------------
 (1) _init_PWM                                             0     0      0       0
 ---------------------------------------------------------------------------------
 (1) _init_ADC                                             0     0      0       0
 ---------------------------------------------------------------------------------
 (1) _control_temperatura                                  4     0      4     235
                                             12 COMRAM     4     0      4
                             ___flge
 ---------------------------------------------------------------------------------
 (1) _control_luz                                          2     0      2      45
                                              0 COMRAM     2     0      2
 ---------------------------------------------------------------------------------
 (1) _control_humedad                                      4     0      4     306
                                             12 COMRAM     4     0      4
                             ___flge
                       _set_PWM_duty
 ---------------------------------------------------------------------------------
 (2) ___flge                                              12     4      8     190
                                              0 COMRAM    12     4      8
 ---------------------------------------------------------------------------------
 (1) _control_aire                                         2     0      2      94
                                              4 COMRAM     2     0      2
                       _set_PWM_duty
 ---------------------------------------------------------------------------------
 (2) _set_PWM_duty                                         4     2      2      71
                                              0 COMRAM     4     2      2
 ---------------------------------------------------------------------------------
 (1) ___fltol                                             10     6      4     231
                                              0 COMRAM    10     6      4
 ---------------------------------------------------------------------------------
 (1) _OLED_WriteString                                     1     0      1     542
                                              9 COMRAM     1     0      1
                     _OLED_WriteChar
 ---------------------------------------------------------------------------------
 (2) _OLED_WriteChar                                       5     5      0     493
                                              4 COMRAM     5     5      0
                          _OLED_Data
 ---------------------------------------------------------------------------------
 (1) _OLED_Init                                            2     2      0     106
                                              4 COMRAM     2     2      0
                       _OLED_Command
 ---------------------------------------------------------------------------------
 (1) _OLED_ClearLine                                       2     2      0     372
                                              6 COMRAM     2     2      0
                          _OLED_Data
                     _OLED_SetCursor
 ---------------------------------------------------------------------------------
 (2) _OLED_SetCursor                                       2     1      1     191
                                              4 COMRAM     2     1      1
                       _OLED_Command
 ---------------------------------------------------------------------------------
 (1) _OLED_Clear                                           2     2      0     258
                                              4 COMRAM     2     2      0
                       _OLED_Command
                          _OLED_Data
 ---------------------------------------------------------------------------------
 (3) _OLED_Data                                            1     1      0     106
                                              3 COMRAM     1     1      0
                          _I2C_Start
                           _I2C_Stop
                          _I2C_Write
 ---------------------------------------------------------------------------------
 (3) _OLED_Command                                         1     1      0     106
                                              3 COMRAM     1     1      0
                          _I2C_Start
                           _I2C_Stop
                          _I2C_Write
 ---------------------------------------------------------------------------------
 (1) _I2C_Init                                             0     0      0       0
 ---------------------------------------------------------------------------------
 (1) _BME280_ReadHumidity                                 10     6      4    3231
                                             64 COMRAM    10     6      4
                        _BME280_Read
                            ___fldiv
                            ___flmul
                           ___xxtofl
 ---------------------------------------------------------------------------------
 (2) ___xxtofl                                            14    10      4     338
                                              0 COMRAM    14    10      4
 ---------------------------------------------------------------------------------
 (2) ___flmul                                             25    17      8    1470
                                             14 COMRAM    25    17      8
                           ___xxtofl (ARG)
 ---------------------------------------------------------------------------------
 (2) ___fldiv                                             25    17      8    1125
                                             39 COMRAM    25    17      8
                            ___flmul (ARG)
                           ___xxtofl (ARG)
 ---------------------------------------------------------------------------------
 (2) _BME280_Read                                          2     2      0     229
                                              4 COMRAM     2     2      0
                           _I2C_Read
                          _I2C_Start
                           _I2C_Stop
                          _I2C_Write
 ---------------------------------------------------------------------------------
 (3) _I2C_Read                                             4     4      0     100
                                              0 COMRAM     4     4      0
 ---------------------------------------------------------------------------------
 (1) _BME280_Init                                          0     0      0     130
                       _BME280_Write
 ---------------------------------------------------------------------------------
 (2) _BME280_Write                                         2     1      1     130
                                              3 COMRAM     2     1      1
                          _I2C_Start
                           _I2C_Stop
                          _I2C_Write
 ---------------------------------------------------------------------------------
 (4) _I2C_Write                                            3     3      0      77
                                              0 COMRAM     3     3      0
 ---------------------------------------------------------------------------------
 (4) _I2C_Stop                                             0     0      0       0
 ---------------------------------------------------------------------------------
 (4) _I2C_Start                                            0     0      0       0
 ---------------------------------------------------------------------------------
 Estimated maximum stack depth 5
 ---------------------------------------------------------------------------------

 Call Graph Graphs:

 _main (ROOT)
   _BME280_Init
     _BME280_Write
       _I2C_Start
       _I2C_Stop
       _I2C_Write
   _BME280_ReadHumidity
     _BME280_Read
       _I2C_Read
       _I2C_Start
       _I2C_Stop
       _I2C_Write
     ___fldiv
       ___flmul (ARG)
         ___xxtofl (ARG)
       ___xxtofl (ARG)
     ___flmul
     ___xxtofl
   _I2C_Init
   _OLED_Clear
     _OLED_Command
       _I2C_Start
       _I2C_Stop
       _I2C_Write
     _OLED_Data
       _I2C_Start
       _I2C_Stop
       _I2C_Write
   _OLED_ClearLine
     _OLED_Data
     _OLED_SetCursor
       _OLED_Command
   _OLED_Init
     _OLED_Command
   _OLED_SetCursor
   _OLED_WriteString
     _OLED_WriteChar
       _OLED_Data
   ___fltol
   _control_aire
     _set_PWM_duty
   _control_humedad
     ___flge
     _set_PWM_duty
   _control_luz
   _control_temperatura
     ___flge
   _init_ADC
   _init_PWM
   _leer_aire
     _leer_adc
   _leer_luz
     _leer_adc
   _leer_temperatura
     ___fldiv
     ___flmul
     ___xxtofl
     _leer_adc
   _setup
   _sprintf
     ___fltol (ARG)
     _vfprintf (ARG)
       _vfpfcnvrt
         ___awdiv
         ___awmod
         _abs
           ___awmod (ARG)
         _fputc
           _putch

Address spaces:
Name               Size   Autos  Total    Usage
BIGRAM            2047      0       0      0.0%
BITBANK7           256      0       0      0.0%
BANK7              256      0       0      0.0%
BITBANK6           256      0       0      0.0%
BANK6              256      0       0      0.0%
BITBANK5           256      0       0      0.0%
BANK5              256      0       0      0.0%
BITBANK4           256      0       0      0.0%
BANK4              256      0       0      0.0%
BITBANK3           256      0       0      0.0%
BANK3              256      0       0      0.0%
BITBANK2           256      0       0      0.0%
BANK2              256      0       0      0.0%
BITBANK1           256      0       0      0.0%
BANK1              256      0       0      0.0%
BITBANK0           160      0       0      0.0%
BANK0              160     24      56     35.0%
BITCOMRAM           95      0       0      0.0%
COMRAM              95     76      87     91.6%
BITBIGSFRh          66      0       0      0.0%
BITBIGSFRlh         59      0       0      0.0%
BITBIGSFRll         33      0       0      0.0%
STACK                0      0       0      0.0%
DATA                 0      0     143      0.0%


Microchip Technology PIC18 Macro Assembler V3.10 build 20250813170317 
Symbol Table                                                                                   Fri May  1 21:11:20 2026

             OLED_ClearLine@linea 0007                      ___fldiv@aexp 0040                      ___fldiv@bexp 003F  
                    ___fldiv@sign 0038                                l53 22EA                                l81 2074  
                              l84 2094                                l92 22C4                                l78 230E  
                              l95 22D8                                l89 1DF6                      ___awdiv@sign 0006  
                             l123 1FC2                               l204 2056                               l212 2240  
                             l117 1F60                               l109 1C5A                               l144 22F8  
                             l161 2304                               l209 21DA                               l129 1E76  
                             l234 21B2                               l171 1ECE                               l251 22B0  
                             l164 2188                               l172 1EEE                               l228 16D2  
                             l148 200E                               l245 229A                               l254 1D72  
                   _contador_aire 0055                               l167 2222                               l176 1CA6  
                             l248 215C                               l193 227C                               l178 1CEA  
                             l611 1B12                               l196 225E                               l199 19A4  
                             l632 1896                               l637 18DC                               l664 17D8  
                             l598 1A64                               l951 0EFA                               l960 0F40  
                             l961 0F5E                               l962 0FB6                               l954 0EBE  
                             l963 0FA4                               l949 1094                               l981 09A6  
                             l990 0C12                               l991 0C00                               l985 0D06  
                             l988 0B9C                               l989 0BBA                               l998 0CC8  
                             _PR2 0FCB                               _abs 20CE                  ??_OLED_SetCursor 0006  
                    ___awmod@sign 0006                               wreg 0FE8                      ___flmul@aexp 0020  
                    ___flmul@bexp 0021          __end_of_OLED_WriteString 21B4                      ___flmul@sign 001B  
                    ___flmul@temp 0026                      ___flmul@prod 0022                      _BME280_Write 227E  
                    ___fltol@exp1 000A                              l1022 12C6                              l1120 2310  
                            l1025 1422                              ?_abs 0007                              l1036 13BA  
                            l1029 135E                              l1109 1BBC                              l1045 2130  
                            l3000 21C8                              l2200 1A18                              l2130 2162  
                            l3002 21CA                              l2202 1A2E                              l2210 1A44  
                            l1090 20CC                              l3010 2116                              l1083 126E  
                            l2132 216A                              l2140 2206                              l2300 1CCA  
                            l3020 219A                              l2212 1A54                              l2204 1A36  
                            l2220 1A68                              l3012 2126                              l3004 2102  
                            l3100 14D6                              l2134 2174                              l2142 220E  
                            l2310 1CE0                              l2302 1CD2                              l3022 219C  
                            l3030 16FE                              l2214 1A5C                              l2206 1A38  
                            l2230 1A98                              l2222 1A76                              l1094 20E8  
                            l3006 210A                              l3110 151C                              l3102 14DC  
                            l2136 217E                              l2128 215E                              l2144 2218  
                            l2160 1EB2                              l2152 1E7C                              l2312 1CE8  
                            l2304 1CD4                              l2320 226C                              l3016 218A  
                            l3040 174C                              l3032 1728                              l3024 16D4  
                            l2400 2072                              l2208 1A3E                              l2240 1ADE  
                            l2232 1AAA                              l2224 1A7E                              l3008 2110  
                            l3120 1566                              l3112 1526                              l3104 14E6  
                            l1097 2100                              l2138 2202                              l2170 1EE2  
                            l2162 1EB4                              l2154 1EA0                              l2146 1E7A  
                            l2306 1CDC                              l2322 2272                              l2330 224E  
                            l3018 218E                              l3050 1778                              l3034 172A  
                            l3026 16EA                              l2410 1FE2                              l2402 2082  
                            l2250 1B0A                              l2242 1AE6                              l2234 1AB2  
                            l2226 1A82                              l2218 1A66                              l3130 15A6  
                            l3122 157A                              l3114 154E                              l3106 150E  
                            l2172 1EE4                              l2164 1EBE                              l2156 1EA8  
                            l2308 1CDE                              l2500 0D6C                              l2324 2278  
                            l2316 2262                              l2332 2254                              l2420 15F0  
                            l3060 17A8                              l3036 173A                              l2412 1FFA  
                            l2180 19BE                              l2244 1AEC                              l2236 1ABA  
                            l2228 1A90                              l2260 1B3E                              l2340 10BC  
                            l3132 15AE                              l3124 1582                              l3116 1556  
                            l3108 1516                              l2166 1ED0                              l2158 1EAA  
                            l2510 0D98                              l2502 0D72                              l2318 2266  
                            l2334 225A                              l2326 2244                              l2430 1640  
                            l2422 1600                              l2414 15CE                              l3062 17B8  
                            l3046 1764                              l3038 173E                              l2406 1FC4  
                            l2190 19E2                              l2182 19C2                              l2174 19A6  
                            l2238 1AC8                              l2246 1AF2                              l2270 20DC  
                            l2262 1B5A                              l2254 1B14                              l2350 1104  
                            l2342 10C6                              l3126 1588                              l3118 155C  
                            l3070 1428                              l2168 1ED8                              l2280 1C68  
                            l2272 1C5E                              l2600 106E                              l2520 0DD0  
                            l2512 0DA8                              l2504 0D78                              l2328 2248  
                            l2440 1688                              l2432 1650                              l2424 1610  
                            l2416 15D4                              l3064 17C8                              l3056 178C  
                            l3048 176E                              l2408 1FDC                              l2192 19F4  
                            l2184 19D0                              l2176 19A8                              l2248 1B02  
                            l2264 1B8C                              l2256 1B24                              l2360 1186  
                            l2352 111C                              l2344 10CA                              l2336 1096  
                            l3128 1592                              l3080 144E                              l3072 143E  
                            l2290 1C8A                              l2282 1C70                              l2610 108A  
                            l2602 1070                              l2522 0DE6                              l2514 0DB8  
                            l2506 0D86                              l2450 16A2                              l2442 169A  
                            l2434 1662                              l2426 1620                              l2418 15E6  
                            l3058 1798                              l2194 19FC                              l2186 19D8  
                            l2178 19B6                              l2258 1B34                              l2370 11DA  
                            l2362 1198                              l2354 1126                              l2346 10D4  
                            l2338 10B4                              l3090 1482                              l3082 1452  
                            l3074 1442                              l2460 2284                              l2292 1C8C  
                            l2284 1C72                              l2604 1074                              l2540 0E3A  
                            l2524 0DF6                              l2532 0E16                              l2516 0DBA  
                            l2508 0D88                              l2700 0B82                              l2620 08EE  
                            l2452 16BA                              l2436 166C                              l2428 1630  
                            l2444 16A0                              l2196 1A04                              l2188 19DC  
                            l2268 20CE                              l2380 1232                              l2372 11F4  
                            l2364 11A8                              l2356 113E                              l2348 10EC  
                            l3092 1496                              l3084 1456                              l3076 1446  
                            l3068 1424                              l2462 228A                              l2294 1C94  
                            l2286 1C7A                              l2278 1C64                              l2470 2138  
                            l2606 1082                              l2550 0E8A                              l2542 0E54  
                            l2534 0E26                              l2526 0DFE                              l2518 0DC0  
                            l2710 0BF8                              l2702 0B8C                              l2630 092E  
                            l2622 08FC                              l2454 16BC                              l2438 167E  
                            l2198 1A12                              l2366 11B8                              l2374 11F6  
                            l2358 116C                              l3094 14AA                              l3086 146A  
                            l3078 144A                              l2464 2290                              l2296 1C96  
                            l2288 1C88                              l2472 213E                              l2608 1088  
                            l2560 0EE6                              l2552 0E9A                              l2544 0E64  
                            l2536 0E26                              l2528 0E02                              l2720 0C66  
                            l2704 0B9A                              l2640 095E                              l2632 0934  
                            l2624 08FE                              l2800 13CA                              l2456 16CC  
                            l2384 1244                              l2368 11C8                              l2376 120C  
                            l3096 14B6                              l3088 1476                              l2466 2296  
                            l2458 2280                              l2298 1CA8                              l2474 2148  
                            l2570 0F26                              l2562 0EE8                              l2554 0EAE  
                            l2546 0E74                              l2490 0D34                              l2482 0D08  
                            l2730 0CC2                              l2714 0C22                              l2722 0C6A  
                            l2706 0BAC                              l2650 0996                              l2642 0960  
                            l2634 0944                              l2626 090E                              l2618 08E2  
                            l2810 1412                              l2802 13CE                              l2394 2226  
                            l2378 122A                              l3098 14C2                              l2476 214E  
                            l2468 2134                              l2580 0F9C                              l2572 0F30  
                            l2564 0EF8                              l2556 0EBC                              l2548 0E84  
                            l2492 0D44                              l2484 0D14                              l2732 0CCC  
                            l2740 0CF2                              l2724 0C84                              l2716 0C2E  
                            l2708 0BCA                              l2660 09E6                              l2652 09B6  
                            l2644 0970                              l2636 094A                              l2628 091E  
                            l2804 13F2                              l2900 2040                              l2396 2058  
                            l2388 1250                              l2820 20C6                              l2478 215A  
                            l2590 100A                              l2574 0F3E                              l2566 0F0A  
                            l2558 0EC8                              l2494 0D54                              l2486 0D22  
                            l2742 0CF6                              l2734 0CDC                              l2726 0C98  
                            l2718 0C3C                              l2670 0A36                              l2662 09F0  
                            l2654 09C6                              l2646 0980                              l2638 0950  
                            l2806 1402                              l2902 2044                              l2750 1818  
                            l2910 22F0                              l2398 206A                              l2830 22E2  
                            l2814 2096                              l2904 229C                              l2584 0FC6  
                            l2592 100E                              l2568 0F20                              l2576 0F50  
                            l2496 0D56                              l2488 0D24                              l2736 0CEA  
                            l2728 0CB2                              l2680 0A78                              l2672 0A42  
                            l2664 0A06                              l2648 0990                              l2808 1410  
                            l2840 18FC                              l2760 1884                              l2752 1846  
                            l2912 1D74                              l2832 22E4                              l2824 22DA  
                            l2816 209E                              l2594 1028                              l2586 0FD2  
                            l2578 0F6E                              l2498 0D5C                              l2738 0CEC  
                            l2690 0ADA                              l2682 0A88                              l2674 0A50  
                            l2666 0A12                              l2658 09DA                              l2770 1282  
                            l2930 1D08                              l2834 22FA                              l2850 191A  
                            l2842 1902                              l2762 18D4                              l2754 1856  
                            l2746 17DA                              l2906 2306                              l2922 22C6  
                            l2914 1D86                              l2826 22DE                              l2818 20AE  
                            l2596 103E                              l2588 0FE0                              l2692 0AF6  
                            l2684 0AA2                              l2676 0A5C                              l2668 0A2A  
                            l2780 1300                              l2772 1290                              l2860 1938  
                            l2852 1920                              l2844 1908                              l2836 18DE  
                            l2764 18DA                              l2756 1864                              l2748 1808  
                            l2940 1C04                              l2908 22EC                              l2828 22E0  
                            l2598 1058                              l2694 0B20                              l2686 0AB2  
                            l2678 0A6C                              l2790 1354                              l2782 1308  
                            l2774 12D6                              l2926 1CEC                              l2870 1956  
                            l2862 193E                              l2854 1926                              l2846 190E  
                            l2838 18F6                              l2758 1876                              l2950 1EF0  
                            l2942 1C0E                              l2934 1BBE                              l2918 22B2  
                            l2696 0B56                              l2688 0ACE                              l2792 1390  
                            l2784 1314                              l2776 12EC                              l2768 1272  
                            l2928 1CFC                              l2880 1974                              l2872 195C  
                            l2864 1944                              l2856 192C                              l2848 1914  
                            l2960 1F3C                              l2952 1F02                              l2944 1C20  
                            l2936 1BD0                              l2698 0B64                              l2794 139C  
                            l2786 1346                              l2890 2010                              l2882 197A  
                            l2874 1962                              l2866 194A                              l2858 1932  
                            l2970 1F82                              l2962 1F58                              l2954 1F1E  
                            l2946 1C52                              l2938 1C02                              l2796 13AA  
                            l2788 1348                              l2892 2034                              l2884 1980  
                            l2876 1968                              l2868 1950                              l2980 1FB6  
                            l2972 1F8C                              l2964 1F5A                              l2956 1F20  
                            l2948 1C54                              l2798 13C8                              l2990 21B6  
                            l2886 1986                              l2878 196E                              l2974 1FA8  
                            l2966 1F62                              l2982 1DF8                              l2958 1F2A  
                            l2992 21C0                              l2888 198C                              l2968 1F7E  
                            l2976 1FAE                              l2984 1E2A                              l2898 203A  
                            l2978 1FB4                              l2986 1E38                              l2988 1E6A  
                    ?_control_luz 0001                              l2998 21C2                              STR_1 08D0  
                            STR_2 08C9                              STR_3 08D7                              STR_4 08DC  
                            u2000 0970                              u2001 096C                              u2010 0980  
                            u2011 097C                              u2100 0C22                              u2020 09B6  
                            u1300 19B6                              u2101 0C1E                              u2021 09B2  
                            u1301 19B2                              u2110 0C3C                              u2030 09C6  
                            u1310 19D0                              u2111 0C38                              u2031 09C2  
                            u1311 19CC                       ?_OLED_Clear 0001                              u2120 0C84  
                            u2040 0B40                              u2200 1282                              u1320 19F4  
                            u1400 1ADE                              u2121 0C80                              u2201 127E  
                            u1321 19F0                              u1401 1ADA                              u2130 0CB2  
                            u2050 0B9A                              u2210 1290                              u1330 1A12  
                            u1410 1B02                              u2131 0CAE                              u2051 0B96  
                            u2211 128C                              u1331 1A0E                              u1411 1AFE  
                            u2140 0CEA                              u2060 0BBA                              u2220 12EC  
                            u1340 1A2E                              u1420 1B24                              u2300 20C6  
                            u2141 0CE6                              u2061 0BB6                              u2045 0B36  
                            u2221 12E8                              u1341 1A2A                              u1421 1B20  
                            u2301 20C2                              u1270 1E8E                              u2070 0BCA  
                            u2230 1342                              u2310 2056                              u2150 1808  
                            u1350 1A54                              u1430 1B34                              u1510 10B4  
                            u1271 1E86                              u2071 0BC6                              u2231 133E  
                            u2311 2052                              u2151 1804                              u1351 1A50  
                            u1431 1B30                              u1511 10B0                              u2080 0BF8  
                            u2240 138C                              u2400 1F7E                              u2160 1846  
                            u2320 1BD0                              u1360 1A76                              u1440 1B5A  
                            u1600 1208                              u1520 10EC                              _LATD 0F8C  
                            u2081 0BF4                              u2241 1388                              u2401 1F7A  
                            u2161 1842                              u2321 1BCC                              u1361 1A72  
                            u1441 1B56                              u1601 1204                              u1521 10E8  
                            u1290 1ECE                              u2090 0C0E                              u2250 13AA  
                            u2410 1FA8                              u2170 1864                              u2330 1C02  
                            u1370 1A90                              u1450 1B8C                              u1610 122A  
                            u1530 1104                              u1291 1ECA                              u2091 0C0A  
                            u2251 13A6                              u2411 1FA4                              u2171 1860  
                            u2331 1BFE                              u1371 1A8C                              u1451 1B88  
                            u1611 1226                              u1531 1100                              u1508 1CBE  
                            u2260 13BA                              u1700 167E                              u2500 1788  
                            u2180 1884                              u2420 1E2A                              u2340 1C20  
                            u1620 2082                              u1380 1AAA                              u1460 20DC  
                            u1540 113A                              u2261 13B6                              u1701 167A  
                            u2501 1784                              u2181 1880                              u2421 1E26  
                            u2341 1C1C                              u1621 207E                              u1381 1AA6  
                            u1461 20D8                              u1541 1134                              u1470 1C88  
                            u2270 13C8                              u1710 169A                              u2510 17A8  
                            u1630 1FDC                              u2190 18D4                              u2430 1E6A  
                            u2350 1C52                              u1390 1AC8                              u1550 113C  
                            u1471 1C84                              u2271 13C4                              u1711 1696  
                            u2511 17A4                              u1631 1FD8                              u2191 18D0  
                            u2431 1E66                              u2351 1C4E                              u1391 1AC4  
                            u1288 1E90                              u1480 1CA6                              u1800 0E26  
                            u2280 1402                              u2440 21DA                              u1720 16CC  
                            u1640 15E6                              u2520 17B8                              u2360 1F02  
                            u1560 1198                              u1481 1CA2                              u1801 0E22  
                            u2281 13FE                              u2441 21D6                              u1721 16C8  
                            u1641 15E2                              u2521 17B4                              u2361 1EFE  
                            u1561 1194                              u1490 1CBC                              u1810 0E9A  
                            u1730 0D22                              u2290 1410                              u1650 1600  
                            u2450 21B2                              u2370 1F1E                              u1570 11A8  
                            u1491 1CB4                              u1811 0E96                              u1731 0D1E  
                            u2291 140C                              u1651 15FC                              u2451 21AE  
                            u2371 1F1A                              u1571 11A4                              u1900 0FB2  
                            u1820 0EBC                              u1740 0D34                              u1660 1610  
                            u2460 16EA                              u2380 1F3C                              u1580 11B8  
                            u1901 0FAE                              u1821 0EB8                              u1741 0D30  
                            u1661 160C                              u2461 16E6                              u2381 1F38  
                            u1581 11B4                              u1910 0FC6                              u1830 0EE6  
                            u1750 0D44                              u1670 1630                              u2470 171E  
                            u2390 1F58                              u1590 11C8                              u2607 1C8E  
                            u1911 0FC2                              u1831 0EE2                              u1751 0D40  
                            u1671 162C                              u2391 1F54                              u1591 11C4  
                            u1920 0FE0                              u1840 0F0A                              u1760 0D86  
                            u1680 1640                              u2480 174C                              u2617 1CCC  
                            u1921 0FDC                              u1841 0F06                              u1761 0D82  
                            u1681 163C                              u2481 1748                              u2537 1432  
                            u1930 1028                              u1850 0F20                              u1770 0D98  
                            u1690 1662                              u2490 1760                              u2707 2208  
                            u2627 1CD6                              u1931 1024                              u1851 0F1C  
                            u1771 0D94                              u1691 165E                              u2491 175C  
                            u2475 1714                              u2547 15B8                              u1940 1058  
                            u1860 0F3E                              u1780 0DA8                              u2717 2212  
                            u2637 1CE2                              u1941 1054                              u1861 0F3A  
                            u1781 0DA4                              u2557 206C                              u1950 1082  
                            u1870 0F5E                              u1790 0DE6                              u2727 221C  
                            u2647 1EA2                              u1951 107E                              u1871 0F5A  
                            u1791 0DE2                              u2567 18E8                              u1880 0F6E  
                            u1960 08FC                              u2737 2164                              u2657 1EAC  
                            u1881 0F6A                              u1961 08F8                              u2577 1996  
                            u1890 0F9C                              u1970 090E                              u2747 216E  
                            u2667 1EB6                              u2587 1C6A                              u1891 0F98  
                            u1971 090A                              u1980 091E                              u2757 2178  
                            u2677 1ED2                              u2597 1C74                              u1981 091A  
                            u1990 095E                              u2767 2182                              u2687 1EDC  
                            u1991 095A                              u2697 1EE8                       main@humedad 0090  
                            abs@a 0007                              _dbuf 0060                              _main 1424  
                            _prec 004F                  __end_of_I2C_Init 2306                  __end_of_I2C_Read 1CEC  
                            fsr1h 0FE2                              fsr2h 0FDA                              indf2 0FDF  
                            fsr1l 0FE1                              fsr2l 0FD9                  __end_of_I2C_Stop 2224  
             _control_temperatura 1BBE                              prodh 0FF4                              prodl 0FF3  
                            start 7FFC                   ___fldiv@new_exp 0039               OLED_WriteString@str 000A  
                    ___param_bank 0000                  ??_OLED_WriteChar 0005                             ??_abs 0009  
                   ?_control_aire 0005                     ___fltol@sign1 0009                             ?_main 0001  
                 __end_of___fldiv 1096                   __end_of___awdiv 1A66                   __end_of___awmod 1B14  
                 __end_of___flmul 0D08                   __end_of___fltol 17DA                   ___awdiv@divisor 0003  
                           _T2CON 0FCA              ?_control_temperatura 000D                   ___awdiv@counter 0005  
                    vfpfcnvrt@fmt 000C                             _TRISA 0F92                             _TRISB 0F93  
                           _TRISD 0F95                   __end_of_font5x7 08C9                             _flags 0057  
                           _fputc 1B14                             _setup 22DA                             _width 004D  
                           _putch 2310                 __end_of_I2C_Start 218A                 __end_of_I2C_Write 1EF0  
                           tablat 0FF5                             status 0FD8                   __end_of_sprintf 2132  
                _leer_temperatura 1D74                   __initialization 21DC                      __end_of_main 15CC  
                  ??_control_aire 0007                            ??_main 004B             ??_control_temperatura 0011  
                   __activetblptr 0001                         I2C_Read@i 0004                            _ADCON0 0FC2  
                          _ADCON1 0FC1                            _ADCON2 0FC0                            ?_fputc 0001  
                          _ADRESH 0FC4                            _ADRESL 0FC3                            _CCPR1L 0FBE  
                ___awdiv@dividend 0001                            ?_setup 0001                            ?_putch 0001  
               __end_of_OLED_Data 2260                 __end_of_OLED_Init 19A6                            _OSCCON 0FD3  
                   vfpfcnvrt@done 000F                     ?_OLED_Command 0001                  __end_of___xxtofl 1424  
               ??_control_humedad 0011                      vfprintf@cfmt 0019                            ___flge 17DA  
                       ??___fldiv 0030                         ??___awdiv 0005                  __end_of_leer_adc 2096  
                       ??___awmod 0005                         ??___flmul 0017                         ??___fltol 0005  
                __end_of_leer_luz 22C6                  __end_of_init_ADC 2310                  __end_of_init_PWM 22FA  
                     OLED_Clear@i 0005                            clear_0 21E2                            clear_1 21EE  
                ___awdiv@quotient 0007                   ___awmod@divisor 0003                            isa$std 0001  
                 ___awmod@counter 0005                            fputc@c 0001                         ?_I2C_Init 0001  
                       ?_I2C_Read 0001                         ?_I2C_Stop 0001                      __mediumconst 0800  
                          tblptrh 0FF7                            tblptrl 0FF6                            tblptru 0FF8  
                          putch@c 0001                  __end_of_vfprintf 20CE                         ??_sprintf 001E  
                      ___flge@ff1 0001                        ___flge@ff2 0005                    ??_OLED_Command 0004  
                    ___xxtofl@arg 000B                      ___xxtofl@exp 000A                      ___xxtofl@val 0001  
                      __accesstop 0060           __end_of__initialization 21F4                     ___rparam_used 0001  
             _BME280_ReadHumidity 1CEC                        ___fltol@f1 0001                    __pcstackCOMRAM 0001  
                   __end_of_fputc 1BBE                     __end_of_setup 22EC                     __end_of_putch 2312  
            ?_BME280_ReadHumidity 0041                        ??_I2C_Init 0001                        ??_I2C_Read 0001  
                      ??_I2C_Stop 0001                 ?_OLED_WriteString 000A                     ?_set_PWM_duty 0001  
                         ??_fputc 0004                           ??_setup 0001                           ??_putch 0001  
                    ??_OLED_Clear 0005                ??_OLED_WriteString 000B                        __pbssBANK0 0060  
                   ??_BME280_Init 0006                     ??_BME280_Read 0005              __end_of_control_aire 1FC4  
                    I2C_Read@data 0003                           ?___flge 0001               leer_temperatura@adc 0045  
                         _CCP1CON 0FBD                        I2C_Write@i 0003                __end_of_OLED_Clear 2058  
           ??_BME280_ReadHumidity 0045                  BME280_Write@data 0004                         ?___xxtofl 0001  
        __end_of_leer_temperatura 1DF8                    ??_set_PWM_duty 0003                         ?_leer_adc 0001  
                       ?_leer_luz 0005                         ?_init_ADC 0001                         ?_init_PWM 0001  
                       _I2C_Start 215E                         _I2C_Write 1E78                           __Hparam 0000  
                         __Lparam 0000               __end_of_BME280_Init 22B2               __end_of_BME280_Read 215E  
                         ___fldiv 0D08                           ___awdiv 19A6                           ___awmod 1A66  
                         ___flmul 08E2                           ___fltol 16D4                OLED_SetCursor@page 0005  
                       ?_vfprintf 0016                      __psmallconst 0800                 __end_of_leer_aire 22DA  
                         __pcinit 21DC                           __ramtop 0800              __end_of_OLED_Command 227E  
                         __ptext0 1424                           __ptext1 2102                           __ptext2 2096  
                         __ptext3 1096                           __ptext4 1B14                           __ptext5 2310  
                         __ptext6 20CE                           __ptext7 1A66                           __ptext8 19A6  
                         __ptext9 22DA                           _font5x7 0801            BME280_ReadHumidity@lsb 004A  
          BME280_ReadHumidity@msb 0049            BME280_ReadHumidity@raw 0047                        ??___xxtofl 0005  
                ___awmod@dividend 0001                     leer_adc@canal 0001                   _control_humedad 1DF8  
                 OLED_ClearLine@i 0008                           _sprintf 2102                           main@luz 0094  
            end_of_initialization 21F4                        ??_leer_adc 0003                        ??_leer_luz 0007  
                      ??_init_ADC 0001                        ??_init_PWM 0001                           fputc@fp 0003  
                       _OLED_Data 2242                         _OLED_Init 18DE                        ?_I2C_Start 0001  
                      ?_I2C_Write 0001                 __end_of_vfpfcnvrt 1270                           postdec2 0FDD  
                         postinc0 0FEE                           postinc1 0FE6                           postinc2 0FDE  
     __end_of_control_temperatura 1C5C                  vfpfcnvrt@convarg 0011                        ??_vfprintf 0019  
                       _PORTBbits 0F81                     ___xxtofl@sign 0009                         _TRISBbits 0F93  
                       _TRISCbits 0F94  control_temperatura@calentador_on 0053                       ___fldiv@grs 003B  
                     ___fldiv@rem 0034                   OLED_Command@cmd 0004                       _BME280_Init 229C  
                     _BME280_Read 2132                       ___flmul@grs 001C                       _CCP1CONbits 0FBD  
                      main@buffer 0080                        ?_OLED_Data 0001                        ?_OLED_Init 0001  
            __end_of_set_PWM_duty 2010                    __end_of___flge 18DE                       vfpfcnvrt@ap 000D  
                     vfpfcnvrt@cp 0010                       vfpfcnvrt@fp 000B           __end_of_control_humedad 1E78  
                    _control_aire 1F62               start_initialization 21DC                       __end_of_abs 2102  
                   ?_BME280_Write 0004                     ??_control_luz 0003                    _OLED_ClearLine 21B4  
                     ??_I2C_Start 0001                       ??_I2C_Write 0001                       vfprintf@fmt 0017  
                        ??___flge 0009                   BME280_Read@data 0006                         ___fldiv@a 002C  
                       ___fldiv@b 0028                         ___flmul@a 0013                         ___flmul@b 000F  
                     __pbssCOMRAM 004D                     __pcstackBANK0 0080                    ??_BME280_Write 0005  
               ?_leer_temperatura 0041                ??_leer_temperatura 0045            __end_of_OLED_ClearLine 21DC  
                  _OLED_SetCursor 2224                      _OLED_Command 2260                       ??_OLED_Data 0004  
                     ??_OLED_Init 0005               __end_of_control_luz 1F62                       I2C_Read@ack 0002  
                        ?___fldiv 0028                          ?___awdiv 0001       __end_of_BME280_ReadHumidity 1D74  
                        ?___awmod 0001                          ?___flmul 000F                          ?___fltol 0001  
                 BME280_Write@reg 0005                  ?_control_humedad 000D                       __smallconst 0800  
                        _I2C_Init 22FA                         _leer_aire 22C6                          _I2C_Read 1C5C  
                        _I2C_Stop 2202                    _OLED_WriteChar 15CC                 OLED_SetCursor@col 0006  
                        ?_sprintf 001A            __end_of_OLED_SetCursor 2242                   ?_OLED_ClearLine 0001  
                        _LATBbits 0F8A                          _LATDbits 0F8C                          _GO_nDONE 7E11  
                       _vfpfcnvrt 1096                        _ADCON0bits 0FC2            __end_of_OLED_WriteChar 16D4  
                      ?_leer_aire 0005                        vfpfcnvrt@c 0015                       _INTCON2bits 0FF1  
                    _set_PWM_duty 1FC4                   ?_OLED_SetCursor 0005                       _control_luz 1EF0  
                    ?_BME280_Init 0001                      ?_BME280_Read 0001                          __Hrparam 0000  
                _OLED_WriteString 218A                        vfprintf@ap 0018                          __Lrparam 0000  
                      vfprintf@fp 0016                      __Lsmallconst 0800              __end_of_BME280_Write 229C  
            control_temperatura@T 000D                    BME280_Read@reg 0005                     I2C_Write@data 0002  
                      ?_vfpfcnvrt 000B                   ?_OLED_WriteChar 0001                 control_luz@led_on 0051  
                      sprintf@fmt 001B                          ___xxtofl 1270               OLED_WriteChar@index 0006  
                        __ptext10 1D74                          __ptext11 22B2                          __ptext20 1F62  
                        __ptext12 22C6                          __ptext21 1FC4                          __ptext13 2058  
                        __ptext30 2260                          __ptext22 16D4                          __ptext14 22EC  
                        __ptext31 22FA                          __ptext23 218A                          __ptext15 2306  
                        __ptext40 1E78                          __ptext32 1CEC                          __ptext24 15CC  
                        __ptext16 1BBE                          __ptext41 2202                          __ptext33 1270  
                        __ptext25 18DE                          __ptext17 1EF0                          __ptext42 215E  
                        __ptext34 08E2                          __ptext26 21B4                          __ptext18 1DF8  
                        __ptext35 0D08                          __ptext27 2224                          __ptext19 17DA  
                        __ptext36 2132                          __ptext28 2010                          __ptext37 1C5C  
                        __ptext29 2242                          __ptext38 229C                          __ptext39 227E  
                control_aire@aire 0005                     OLED_Data@data 0004                          _leer_adc 2058  
                        _leer_luz 22B2                          _init_ADC 2306                          _init_PWM 22EC  
                 OLED_WriteChar@c 0009                   OLED_WriteChar@i 0008                          isa$xinst 0000  
                        _vfprintf 2096                          main@aire 0096                          main@temp 008C  
                     ??_leer_aire 0007                  control_humedad@H 000D                        _OLED_Clear 2010  
                       sprintf@ap 001E                       ??_vfpfcnvrt 000E                  set_PWM_duty@duty 0001  
                        sprintf@f 001F                          sprintf@s 001A                  ??_OLED_ClearLine 0007  
                  control_luz@luz 0001  
