

Microchip MPLAB XC8 Assembler V3.10 build 20250813170317 
                                                                                               Mon May  4 12:10:24 2026

Microchip MPLAB XC8 C Compiler v3.10 (Free license) build 20250813170317 Og1 
     1                           	processor	18F4550
     2                           	fnconf	rparam,??,?,0
     3                           	pagewidth 120
     4                           	opt	flic
     5                           	psect	mediumconst,global,reloc=2,class=MEDIUMCONST,space=0,delta=1,noexec
     6                           	psect	cinit,global,reloc=2,class=CODE,space=0,delta=1
     7                           	psect	cstackCOMRAM,global,class=COMRAM,space=1,delta=1,lowdata,noexec
     8                           	psect	text0,global,reloc=2,class=CODE,space=0,delta=1
     9                           	psect	text1,global,reloc=2,class=CODE,space=0,delta=1
    10                           	psect	text2,global,reloc=2,class=CODE,space=0,delta=1
    11                           	psect	text3,global,reloc=2,class=CODE,space=0,delta=1
    12                           	psect	text4,global,reloc=2,class=CODE,space=0,delta=1
    13                           	psect	text5,global,reloc=2,class=CODE,space=0,delta=1
    14                           	psect	text6,global,reloc=2,class=CODE,space=0,delta=1
    15                           	psect	text7,global,reloc=2,class=CODE,space=0,delta=1
    16                           	psect	text8,global,reloc=2,class=CODE,space=0,delta=1
    17                           	psect	text9,global,reloc=2,class=CODE,space=0,delta=1
    18                           	psect	text10,global,reloc=2,class=CODE,space=0,delta=1
    19                           	psect	text11,global,reloc=2,class=CODE,space=0,delta=1
    20                           	psect	intsave_regs,global,class=BIGRAM,space=1,delta=1,noexec
    21                           	psect	rparam,global,class=COMRAM,space=1,delta=1,noexec
    22                           	psect	config,global,abs,ovrld,class=CONFIG,space=4,delta=1,noexec
    23   000000                     
    24                           ; Generated 17/10/2023 GMT
    25                           ; 
    26                           ; Copyright © 2023, Microchip Technology Inc. and its subsidiaries ("Microchip")
    27                           ; All rights reserved.
    28                           ; 
    29                           ; This software is developed by Microchip Technology Inc. and its subsidiaries ("Microch
      +                          ip").
    30                           ; 
    31                           ; Redistribution and use in source and binary forms, with or without modification, are
    32                           ; permitted provided that the following conditions are met:
    33                           ; 
    34                           ;     1. Redistributions of source code must retain the above copyright notice, this lis
      +                          t of
    35                           ;        conditions and the following disclaimer.
    36                           ; 
    37                           ;     2. Redistributions in binary form must reproduce the above copyright notice, this 
      +                          list
    38                           ;        of conditions and the following disclaimer in the documentation and/or other
    39                           ;        materials provided with the distribution. Publication is not required when
    40                           ;        this file is used in an embedded application.
    41                           ; 
    42                           ;     3. Microchip's name may not be used to endorse or promote products derived from th
      +                          is
    43                           ;        software without specific prior written permission.
    44                           ; 
    45                           ; THIS SOFTWARE IS PROVIDED BY MICROCHIP "AS IS" AND ANY EXPRESS OR IMPLIED WARRANTIES,
    46                           ; INCLUDING, BUT NOT LIMITED TO, THE IMPLIED WARRANTIES OF MERCHANTABILITY AND FITNESS F
      +                          OR
    47                           ; PURPOSE ARE DISCLAIMED.  IN NO EVENT SHALL MICROCHIP BE LIABLE FOR ANY DIRECT, INDIREC
      +                          T,
    48                           ; INCIDENTAL, SPECIAL, EXEMPLARY, OR CONSEQUENTIAL DAMAGES (INCLUDING BUT NOT LIMITED TO
    49                           ; PROCUREMENT OF SUBSTITUTE GOODS OR SERVICES; LOSS OF USE, DATA OR PROFITS; OR BUSINESS
    50                           ; INTERRUPTION) HOWSOEVER CAUSED AND ON ANY THEORY OF LIABILITY, WHETHER IN CONTRACT, ST
      +                          RICT
    51                           ; LIABILITY, OR TORT (INCLUDING NEGLIGENCE OR OTHERWISE) ARISING IN ANY WAY OUT OF THE U
      +                          SE OF
    52                           ; THIS SOFTWARE, EVEN IF ADVISED OF THE POSSIBILITY OF SUCH DAMAGE.
    53                           ; 
    54                           ; 
    55                           ; Code-generator required, PIC18F4550 Definitions
    56                           ; 
    57                           ; SFR Addresses
    58   000FE0                     bsr             equ	4064
    59   000FE9                     fsr0            equ	4073
    60   000FEA                     fsr0h           equ	4074
    61   000FE9                     fsr0l           equ	4073
    62   000FE1                     fsr1            equ	4065
    63   000FE2                     fsr1h           equ	4066
    64   000FE1                     fsr1l           equ	4065
    65   000FD9                     fsr2            equ	4057
    66   000FDA                     fsr2h           equ	4058
    67   000FD9                     fsr2l           equ	4057
    68   000FEF                     indf0           equ	4079
    69   000FE7                     indf1           equ	4071
    70   000FDF                     indf2           equ	4063
    71   000FF2                     intcon          equ	4082
    72   000000                     nvmcon          equ	0
    73   000FF9                     pcl             equ	4089
    74   000FFA                     pclath          equ	4090
    75   000FFB                     pclatu          equ	4091
    76   000FEB                     plusw0          equ	4075
    77   000FE3                     plusw1          equ	4067
    78   000FDB                     plusw2          equ	4059
    79   000FED                     postdec0        equ	4077
    80   000FE5                     postdec1        equ	4069
    81   000FDD                     postdec2        equ	4061
    82   000FEE                     postinc0        equ	4078
    83   000FE6                     postinc1        equ	4070
    84   000FDE                     postinc2        equ	4062
    85   000FEC                     preinc0         equ	4076
    86   000FE4                     preinc1         equ	4068
    87   000FDC                     preinc2         equ	4060
    88   000FF3                     prod            equ	4083
    89   000FF4                     prodh           equ	4084
    90   000FF3                     prodl           equ	4083
    91   000FD8                     status          equ	4056
    92   000FF5                     tablat          equ	4085
    93   000FF6                     tblptr          equ	4086
    94   000FF7                     tblptrh         equ	4087
    95   000FF6                     tblptrl         equ	4086
    96   000FF8                     tblptru         equ	4088
    97   000FFD                     tosl            equ	4093
    98   000FE8                     wreg            equ	4072
    99   000F62                     SPPDATA         equ	3938	;# 
   100   000F63                     SPPCFG          equ	3939	;# 
   101   000F64                     SPPEPS          equ	3940	;# 
   102   000F65                     SPPCON          equ	3941	;# 
   103   000F66                     UFRM            equ	3942	;# 
   104   000F66                     UFRML           equ	3942	;# 
   105   000F67                     UFRMH           equ	3943	;# 
   106   000F68                     UIR             equ	3944	;# 
   107   000F69                     UIE             equ	3945	;# 
   108   000F6A                     UEIR            equ	3946	;# 
   109   000F6B                     UEIE            equ	3947	;# 
   110   000F6C                     USTAT           equ	3948	;# 
   111   000F6D                     UCON            equ	3949	;# 
   112   000F6E                     UADDR           equ	3950	;# 
   113   000F6F                     UCFG            equ	3951	;# 
   114   000F70                     UEP0            equ	3952	;# 
   115   000F71                     UEP1            equ	3953	;# 
   116   000F72                     UEP2            equ	3954	;# 
   117   000F73                     UEP3            equ	3955	;# 
   118   000F74                     UEP4            equ	3956	;# 
   119   000F75                     UEP5            equ	3957	;# 
   120   000F76                     UEP6            equ	3958	;# 
   121   000F77                     UEP7            equ	3959	;# 
   122   000F78                     UEP8            equ	3960	;# 
   123   000F79                     UEP9            equ	3961	;# 
   124   000F7A                     UEP10           equ	3962	;# 
   125   000F7B                     UEP11           equ	3963	;# 
   126   000F7C                     UEP12           equ	3964	;# 
   127   000F7D                     UEP13           equ	3965	;# 
   128   000F7E                     UEP14           equ	3966	;# 
   129   000F7F                     UEP15           equ	3967	;# 
   130   000F80                     PORTA           equ	3968	;# 
   131   000F81                     PORTB           equ	3969	;# 
   132   000F82                     PORTC           equ	3970	;# 
   133   000F83                     PORTD           equ	3971	;# 
   134   000F84                     PORTE           equ	3972	;# 
   135   000F89                     LATA            equ	3977	;# 
   136   000F8A                     LATB            equ	3978	;# 
   137   000F8B                     LATC            equ	3979	;# 
   138   000F8C                     LATD            equ	3980	;# 
   139   000F8D                     LATE            equ	3981	;# 
   140   000F92                     TRISA           equ	3986	;# 
   141   000F92                     DDRA            equ	3986	;# 
   142   000F93                     TRISB           equ	3987	;# 
   143   000F93                     DDRB            equ	3987	;# 
   144   000F94                     TRISC           equ	3988	;# 
   145   000F94                     DDRC            equ	3988	;# 
   146   000F95                     TRISD           equ	3989	;# 
   147   000F95                     DDRD            equ	3989	;# 
   148   000F96                     TRISE           equ	3990	;# 
   149   000F96                     DDRE            equ	3990	;# 
   150   000F9B                     OSCTUNE         equ	3995	;# 
   151   000F9D                     PIE1            equ	3997	;# 
   152   000F9E                     PIR1            equ	3998	;# 
   153   000F9F                     IPR1            equ	3999	;# 
   154   000FA0                     PIE2            equ	4000	;# 
   155   000FA1                     PIR2            equ	4001	;# 
   156   000FA2                     IPR2            equ	4002	;# 
   157   000FA6                     EECON1          equ	4006	;# 
   158   000FA7                     EECON2          equ	4007	;# 
   159   000FA8                     EEDATA          equ	4008	;# 
   160   000FA9                     EEADR           equ	4009	;# 
   161   000FAB                     RCSTA           equ	4011	;# 
   162   000FAB                     RCSTA1          equ	4011	;# 
   163   000FAC                     TXSTA           equ	4012	;# 
   164   000FAC                     TXSTA1          equ	4012	;# 
   165   000FAD                     TXREG           equ	4013	;# 
   166   000FAD                     TXREG1          equ	4013	;# 
   167   000FAE                     RCREG           equ	4014	;# 
   168   000FAE                     RCREG1          equ	4014	;# 
   169   000FAF                     SPBRG           equ	4015	;# 
   170   000FAF                     SPBRG1          equ	4015	;# 
   171   000FB0                     SPBRGH          equ	4016	;# 
   172   000FB1                     T3CON           equ	4017	;# 
   173   000FB2                     TMR3            equ	4018	;# 
   174   000FB2                     TMR3L           equ	4018	;# 
   175   000FB3                     TMR3H           equ	4019	;# 
   176   000FB4                     CMCON           equ	4020	;# 
   177   000FB5                     CVRCON          equ	4021	;# 
   178   000FB6                     ECCP1AS         equ	4022	;# 
   179   000FB6                     CCP1AS          equ	4022	;# 
   180   000FB7                     ECCP1DEL        equ	4023	;# 
   181   000FB7                     CCP1DEL         equ	4023	;# 
   182   000FB8                     BAUDCON         equ	4024	;# 
   183   000FB8                     BAUDCTL         equ	4024	;# 
   184   000FBA                     CCP2CON         equ	4026	;# 
   185   000FBB                     CCPR2           equ	4027	;# 
   186   000FBB                     CCPR2L          equ	4027	;# 
   187   000FBC                     CCPR2H          equ	4028	;# 
   188   000FBD                     CCP1CON         equ	4029	;# 
   189   000FBD                     ECCP1CON        equ	4029	;# 
   190   000FBE                     CCPR1           equ	4030	;# 
   191   000FBE                     CCPR1L          equ	4030	;# 
   192   000FBF                     CCPR1H          equ	4031	;# 
   193   000FC0                     ADCON2          equ	4032	;# 
   194   000FC1                     ADCON1          equ	4033	;# 
   195   000FC2                     ADCON0          equ	4034	;# 
   196   000FC3                     ADRES           equ	4035	;# 
   197   000FC3                     ADRESL          equ	4035	;# 
   198   000FC4                     ADRESH          equ	4036	;# 
   199   000FC5                     SSPCON2         equ	4037	;# 
   200   000FC6                     SSPCON1         equ	4038	;# 
   201   000FC7                     SSPSTAT         equ	4039	;# 
   202   000FC8                     SSPADD          equ	4040	;# 
   203   000FC9                     SSPBUF          equ	4041	;# 
   204   000FCA                     T2CON           equ	4042	;# 
   205   000FCB                     PR2             equ	4043	;# 
   206   000FCB                     MEMCON          equ	4043	;# 
   207   000FCC                     TMR2            equ	4044	;# 
   208   000FCD                     T1CON           equ	4045	;# 
   209   000FCE                     TMR1            equ	4046	;# 
   210   000FCE                     TMR1L           equ	4046	;# 
   211   000FCF                     TMR1H           equ	4047	;# 
   212   000FD0                     RCON            equ	4048	;# 
   213   000FD1                     WDTCON          equ	4049	;# 
   214   000FD2                     HLVDCON         equ	4050	;# 
   215   000FD2                     LVDCON          equ	4050	;# 
   216   000FD3                     OSCCON          equ	4051	;# 
   217   000FD5                     T0CON           equ	4053	;# 
   218   000FD6                     TMR0            equ	4054	;# 
   219   000FD6                     TMR0L           equ	4054	;# 
   220   000FD7                     TMR0H           equ	4055	;# 
   221   000FD8                     STATUS          equ	4056	;# 
   222   000FD9                     FSR2            equ	4057	;# 
   223   000FD9                     FSR2L           equ	4057	;# 
   224   000FDA                     FSR2H           equ	4058	;# 
   225   000FDB                     PLUSW2          equ	4059	;# 
   226   000FDC                     PREINC2         equ	4060	;# 
   227   000FDD                     POSTDEC2        equ	4061	;# 
   228   000FDE                     POSTINC2        equ	4062	;# 
   229   000FDF                     INDF2           equ	4063	;# 
   230   000FE0                     BSR             equ	4064	;# 
   231   000FE1                     FSR1            equ	4065	;# 
   232   000FE1                     FSR1L           equ	4065	;# 
   233   000FE2                     FSR1H           equ	4066	;# 
   234   000FE3                     PLUSW1          equ	4067	;# 
   235   000FE4                     PREINC1         equ	4068	;# 
   236   000FE5                     POSTDEC1        equ	4069	;# 
   237   000FE6                     POSTINC1        equ	4070	;# 
   238   000FE7                     INDF1           equ	4071	;# 
   239   000FE8                     WREG            equ	4072	;# 
   240   000FE9                     FSR0            equ	4073	;# 
   241   000FE9                     FSR0L           equ	4073	;# 
   242   000FEA                     FSR0H           equ	4074	;# 
   243   000FEB                     PLUSW0          equ	4075	;# 
   244   000FEC                     PREINC0         equ	4076	;# 
   245   000FED                     POSTDEC0        equ	4077	;# 
   246   000FEE                     POSTINC0        equ	4078	;# 
   247   000FEF                     INDF0           equ	4079	;# 
   248   000FF0                     INTCON3         equ	4080	;# 
   249   000FF1                     INTCON2         equ	4081	;# 
   250   000FF2                     INTCON          equ	4082	;# 
   251   000FF3                     PROD            equ	4083	;# 
   252   000FF3                     PRODL           equ	4083	;# 
   253   000FF4                     PRODH           equ	4084	;# 
   254   000FF5                     TABLAT          equ	4085	;# 
   255   000FF6                     TBLPTR          equ	4086	;# 
   256   000FF6                     TBLPTRL         equ	4086	;# 
   257   000FF7                     TBLPTRH         equ	4087	;# 
   258   000FF8                     TBLPTRU         equ	4088	;# 
   259   000FF9                     PCLAT           equ	4089	;# 
   260   000FF9                     PC              equ	4089	;# 
   261   000FF9                     PCL             equ	4089	;# 
   262   000FFA                     PCLATH          equ	4090	;# 
   263   000FFB                     PCLATU          equ	4091	;# 
   264   000FFC                     STKPTR          equ	4092	;# 
   265   000FFD                     TOS             equ	4093	;# 
   266   000FFD                     TOSL            equ	4093	;# 
   267   000FFE                     TOSH            equ	4094	;# 
   268   000FFF                     TOSU            equ	4095	;# 
   269   000F62                     SPPDATA         equ	3938	;# 
   270   000F63                     SPPCFG          equ	3939	;# 
   271   000F64                     SPPEPS          equ	3940	;# 
   272   000F65                     SPPCON          equ	3941	;# 
   273   000F66                     UFRM            equ	3942	;# 
   274   000F66                     UFRML           equ	3942	;# 
   275   000F67                     UFRMH           equ	3943	;# 
   276   000F68                     UIR             equ	3944	;# 
   277   000F69                     UIE             equ	3945	;# 
   278   000F6A                     UEIR            equ	3946	;# 
   279   000F6B                     UEIE            equ	3947	;# 
   280   000F6C                     USTAT           equ	3948	;# 
   281   000F6D                     UCON            equ	3949	;# 
   282   000F6E                     UADDR           equ	3950	;# 
   283   000F6F                     UCFG            equ	3951	;# 
   284   000F70                     UEP0            equ	3952	;# 
   285   000F71                     UEP1            equ	3953	;# 
   286   000F72                     UEP2            equ	3954	;# 
   287   000F73                     UEP3            equ	3955	;# 
   288   000F74                     UEP4            equ	3956	;# 
   289   000F75                     UEP5            equ	3957	;# 
   290   000F76                     UEP6            equ	3958	;# 
   291   000F77                     UEP7            equ	3959	;# 
   292   000F78                     UEP8            equ	3960	;# 
   293   000F79                     UEP9            equ	3961	;# 
   294   000F7A                     UEP10           equ	3962	;# 
   295   000F7B                     UEP11           equ	3963	;# 
   296   000F7C                     UEP12           equ	3964	;# 
   297   000F7D                     UEP13           equ	3965	;# 
   298   000F7E                     UEP14           equ	3966	;# 
   299   000F7F                     UEP15           equ	3967	;# 
   300   000F80                     PORTA           equ	3968	;# 
   301   000F81                     PORTB           equ	3969	;# 
   302   000F82                     PORTC           equ	3970	;# 
   303   000F83                     PORTD           equ	3971	;# 
   304   000F84                     PORTE           equ	3972	;# 
   305   000F89                     LATA            equ	3977	;# 
   306   000F8A                     LATB            equ	3978	;# 
   307   000F8B                     LATC            equ	3979	;# 
   308   000F8C                     LATD            equ	3980	;# 
   309   000F8D                     LATE            equ	3981	;# 
   310   000F92                     TRISA           equ	3986	;# 
   311   000F92                     DDRA            equ	3986	;# 
   312   000F93                     TRISB           equ	3987	;# 
   313   000F93                     DDRB            equ	3987	;# 
   314   000F94                     TRISC           equ	3988	;# 
   315   000F94                     DDRC            equ	3988	;# 
   316   000F95                     TRISD           equ	3989	;# 
   317   000F95                     DDRD            equ	3989	;# 
   318   000F96                     TRISE           equ	3990	;# 
   319   000F96                     DDRE            equ	3990	;# 
   320   000F9B                     OSCTUNE         equ	3995	;# 
   321   000F9D                     PIE1            equ	3997	;# 
   322   000F9E                     PIR1            equ	3998	;# 
   323   000F9F                     IPR1            equ	3999	;# 
   324   000FA0                     PIE2            equ	4000	;# 
   325   000FA1                     PIR2            equ	4001	;# 
   326   000FA2                     IPR2            equ	4002	;# 
   327   000FA6                     EECON1          equ	4006	;# 
   328   000FA7                     EECON2          equ	4007	;# 
   329   000FA8                     EEDATA          equ	4008	;# 
   330   000FA9                     EEADR           equ	4009	;# 
   331   000FAB                     RCSTA           equ	4011	;# 
   332   000FAB                     RCSTA1          equ	4011	;# 
   333   000FAC                     TXSTA           equ	4012	;# 
   334   000FAC                     TXSTA1          equ	4012	;# 
   335   000FAD                     TXREG           equ	4013	;# 
   336   000FAD                     TXREG1          equ	4013	;# 
   337   000FAE                     RCREG           equ	4014	;# 
   338   000FAE                     RCREG1          equ	4014	;# 
   339   000FAF                     SPBRG           equ	4015	;# 
   340   000FAF                     SPBRG1          equ	4015	;# 
   341   000FB0                     SPBRGH          equ	4016	;# 
   342   000FB1                     T3CON           equ	4017	;# 
   343   000FB2                     TMR3            equ	4018	;# 
   344   000FB2                     TMR3L           equ	4018	;# 
   345   000FB3                     TMR3H           equ	4019	;# 
   346   000FB4                     CMCON           equ	4020	;# 
   347   000FB5                     CVRCON          equ	4021	;# 
   348   000FB6                     ECCP1AS         equ	4022	;# 
   349   000FB6                     CCP1AS          equ	4022	;# 
   350   000FB7                     ECCP1DEL        equ	4023	;# 
   351   000FB7                     CCP1DEL         equ	4023	;# 
   352   000FB8                     BAUDCON         equ	4024	;# 
   353   000FB8                     BAUDCTL         equ	4024	;# 
   354   000FBA                     CCP2CON         equ	4026	;# 
   355   000FBB                     CCPR2           equ	4027	;# 
   356   000FBB                     CCPR2L          equ	4027	;# 
   357   000FBC                     CCPR2H          equ	4028	;# 
   358   000FBD                     CCP1CON         equ	4029	;# 
   359   000FBD                     ECCP1CON        equ	4029	;# 
   360   000FBE                     CCPR1           equ	4030	;# 
   361   000FBE                     CCPR1L          equ	4030	;# 
   362   000FBF                     CCPR1H          equ	4031	;# 
   363   000FC0                     ADCON2          equ	4032	;# 
   364   000FC1                     ADCON1          equ	4033	;# 
   365   000FC2                     ADCON0          equ	4034	;# 
   366   000FC3                     ADRES           equ	4035	;# 
   367   000FC3                     ADRESL          equ	4035	;# 
   368   000FC4                     ADRESH          equ	4036	;# 
   369   000FC5                     SSPCON2         equ	4037	;# 
   370   000FC6                     SSPCON1         equ	4038	;# 
   371   000FC7                     SSPSTAT         equ	4039	;# 
   372   000FC8                     SSPADD          equ	4040	;# 
   373   000FC9                     SSPBUF          equ	4041	;# 
   374   000FCA                     T2CON           equ	4042	;# 
   375   000FCB                     PR2             equ	4043	;# 
   376   000FCB                     MEMCON          equ	4043	;# 
   377   000FCC                     TMR2            equ	4044	;# 
   378   000FCD                     T1CON           equ	4045	;# 
   379   000FCE                     TMR1            equ	4046	;# 
   380   000FCE                     TMR1L           equ	4046	;# 
   381   000FCF                     TMR1H           equ	4047	;# 
   382   000FD0                     RCON            equ	4048	;# 
   383   000FD1                     WDTCON          equ	4049	;# 
   384   000FD2                     HLVDCON         equ	4050	;# 
   385   000FD2                     LVDCON          equ	4050	;# 
   386   000FD3                     OSCCON          equ	4051	;# 
   387   000FD5                     T0CON           equ	4053	;# 
   388   000FD6                     TMR0            equ	4054	;# 
   389   000FD6                     TMR0L           equ	4054	;# 
   390   000FD7                     TMR0H           equ	4055	;# 
   391   000FD8                     STATUS          equ	4056	;# 
   392   000FD9                     FSR2            equ	4057	;# 
   393   000FD9                     FSR2L           equ	4057	;# 
   394   000FDA                     FSR2H           equ	4058	;# 
   395   000FDB                     PLUSW2          equ	4059	;# 
   396   000FDC                     PREINC2         equ	4060	;# 
   397   000FDD                     POSTDEC2        equ	4061	;# 
   398   000FDE                     POSTINC2        equ	4062	;# 
   399   000FDF                     INDF2           equ	4063	;# 
   400   000FE0                     BSR             equ	4064	;# 
   401   000FE1                     FSR1            equ	4065	;# 
   402   000FE1                     FSR1L           equ	4065	;# 
   403   000FE2                     FSR1H           equ	4066	;# 
   404   000FE3                     PLUSW1          equ	4067	;# 
   405   000FE4                     PREINC1         equ	4068	;# 
   406   000FE5                     POSTDEC1        equ	4069	;# 
   407   000FE6                     POSTINC1        equ	4070	;# 
   408   000FE7                     INDF1           equ	4071	;# 
   409   000FE8                     WREG            equ	4072	;# 
   410   000FE9                     FSR0            equ	4073	;# 
   411   000FE9                     FSR0L           equ	4073	;# 
   412   000FEA                     FSR0H           equ	4074	;# 
   413   000FEB                     PLUSW0          equ	4075	;# 
   414   000FEC                     PREINC0         equ	4076	;# 
   415   000FED                     POSTDEC0        equ	4077	;# 
   416   000FEE                     POSTINC0        equ	4078	;# 
   417   000FEF                     INDF0           equ	4079	;# 
   418   000FF0                     INTCON3         equ	4080	;# 
   419   000FF1                     INTCON2         equ	4081	;# 
   420   000FF2                     INTCON          equ	4082	;# 
   421   000FF3                     PROD            equ	4083	;# 
   422   000FF3                     PRODL           equ	4083	;# 
   423   000FF4                     PRODH           equ	4084	;# 
   424   000FF5                     TABLAT          equ	4085	;# 
   425   000FF6                     TBLPTR          equ	4086	;# 
   426   000FF6                     TBLPTRL         equ	4086	;# 
   427   000FF7                     TBLPTRH         equ	4087	;# 
   428   000FF8                     TBLPTRU         equ	4088	;# 
   429   000FF9                     PCLAT           equ	4089	;# 
   430   000FF9                     PC              equ	4089	;# 
   431   000FF9                     PCL             equ	4089	;# 
   432   000FFA                     PCLATH          equ	4090	;# 
   433   000FFB                     PCLATU          equ	4091	;# 
   434   000FFC                     STKPTR          equ	4092	;# 
   435   000FFD                     TOS             equ	4093	;# 
   436   000FFD                     TOSL            equ	4093	;# 
   437   000FFE                     TOSH            equ	4094	;# 
   438   000FFF                     TOSU            equ	4095	;# 
   439   000F62                     SPPDATA         equ	3938	;# 
   440   000F63                     SPPCFG          equ	3939	;# 
   441   000F64                     SPPEPS          equ	3940	;# 
   442   000F65                     SPPCON          equ	3941	;# 
   443   000F66                     UFRM            equ	3942	;# 
   444   000F66                     UFRML           equ	3942	;# 
   445   000F67                     UFRMH           equ	3943	;# 
   446   000F68                     UIR             equ	3944	;# 
   447   000F69                     UIE             equ	3945	;# 
   448   000F6A                     UEIR            equ	3946	;# 
   449   000F6B                     UEIE            equ	3947	;# 
   450   000F6C                     USTAT           equ	3948	;# 
   451   000F6D                     UCON            equ	3949	;# 
   452   000F6E                     UADDR           equ	3950	;# 
   453   000F6F                     UCFG            equ	3951	;# 
   454   000F70                     UEP0            equ	3952	;# 
   455   000F71                     UEP1            equ	3953	;# 
   456   000F72                     UEP2            equ	3954	;# 
   457   000F73                     UEP3            equ	3955	;# 
   458   000F74                     UEP4            equ	3956	;# 
   459   000F75                     UEP5            equ	3957	;# 
   460   000F76                     UEP6            equ	3958	;# 
   461   000F77                     UEP7            equ	3959	;# 
   462   000F78                     UEP8            equ	3960	;# 
   463   000F79                     UEP9            equ	3961	;# 
   464   000F7A                     UEP10           equ	3962	;# 
   465   000F7B                     UEP11           equ	3963	;# 
   466   000F7C                     UEP12           equ	3964	;# 
   467   000F7D                     UEP13           equ	3965	;# 
   468   000F7E                     UEP14           equ	3966	;# 
   469   000F7F                     UEP15           equ	3967	;# 
   470   000F80                     PORTA           equ	3968	;# 
   471   000F81                     PORTB           equ	3969	;# 
   472   000F82                     PORTC           equ	3970	;# 
   473   000F83                     PORTD           equ	3971	;# 
   474   000F84                     PORTE           equ	3972	;# 
   475   000F89                     LATA            equ	3977	;# 
   476   000F8A                     LATB            equ	3978	;# 
   477   000F8B                     LATC            equ	3979	;# 
   478   000F8C                     LATD            equ	3980	;# 
   479   000F8D                     LATE            equ	3981	;# 
   480   000F92                     TRISA           equ	3986	;# 
   481   000F92                     DDRA            equ	3986	;# 
   482   000F93                     TRISB           equ	3987	;# 
   483   000F93                     DDRB            equ	3987	;# 
   484   000F94                     TRISC           equ	3988	;# 
   485   000F94                     DDRC            equ	3988	;# 
   486   000F95                     TRISD           equ	3989	;# 
   487   000F95                     DDRD            equ	3989	;# 
   488   000F96                     TRISE           equ	3990	;# 
   489   000F96                     DDRE            equ	3990	;# 
   490   000F9B                     OSCTUNE         equ	3995	;# 
   491   000F9D                     PIE1            equ	3997	;# 
   492   000F9E                     PIR1            equ	3998	;# 
   493   000F9F                     IPR1            equ	3999	;# 
   494   000FA0                     PIE2            equ	4000	;# 
   495   000FA1                     PIR2            equ	4001	;# 
   496   000FA2                     IPR2            equ	4002	;# 
   497   000FA6                     EECON1          equ	4006	;# 
   498   000FA7                     EECON2          equ	4007	;# 
   499   000FA8                     EEDATA          equ	4008	;# 
   500   000FA9                     EEADR           equ	4009	;# 
   501   000FAB                     RCSTA           equ	4011	;# 
   502   000FAB                     RCSTA1          equ	4011	;# 
   503   000FAC                     TXSTA           equ	4012	;# 
   504   000FAC                     TXSTA1          equ	4012	;# 
   505   000FAD                     TXREG           equ	4013	;# 
   506   000FAD                     TXREG1          equ	4013	;# 
   507   000FAE                     RCREG           equ	4014	;# 
   508   000FAE                     RCREG1          equ	4014	;# 
   509   000FAF                     SPBRG           equ	4015	;# 
   510   000FAF                     SPBRG1          equ	4015	;# 
   511   000FB0                     SPBRGH          equ	4016	;# 
   512   000FB1                     T3CON           equ	4017	;# 
   513   000FB2                     TMR3            equ	4018	;# 
   514   000FB2                     TMR3L           equ	4018	;# 
   515   000FB3                     TMR3H           equ	4019	;# 
   516   000FB4                     CMCON           equ	4020	;# 
   517   000FB5                     CVRCON          equ	4021	;# 
   518   000FB6                     ECCP1AS         equ	4022	;# 
   519   000FB6                     CCP1AS          equ	4022	;# 
   520   000FB7                     ECCP1DEL        equ	4023	;# 
   521   000FB7                     CCP1DEL         equ	4023	;# 
   522   000FB8                     BAUDCON         equ	4024	;# 
   523   000FB8                     BAUDCTL         equ	4024	;# 
   524   000FBA                     CCP2CON         equ	4026	;# 
   525   000FBB                     CCPR2           equ	4027	;# 
   526   000FBB                     CCPR2L          equ	4027	;# 
   527   000FBC                     CCPR2H          equ	4028	;# 
   528   000FBD                     CCP1CON         equ	4029	;# 
   529   000FBD                     ECCP1CON        equ	4029	;# 
   530   000FBE                     CCPR1           equ	4030	;# 
   531   000FBE                     CCPR1L          equ	4030	;# 
   532   000FBF                     CCPR1H          equ	4031	;# 
   533   000FC0                     ADCON2          equ	4032	;# 
   534   000FC1                     ADCON1          equ	4033	;# 
   535   000FC2                     ADCON0          equ	4034	;# 
   536   000FC3                     ADRES           equ	4035	;# 
   537   000FC3                     ADRESL          equ	4035	;# 
   538   000FC4                     ADRESH          equ	4036	;# 
   539   000FC5                     SSPCON2         equ	4037	;# 
   540   000FC6                     SSPCON1         equ	4038	;# 
   541   000FC7                     SSPSTAT         equ	4039	;# 
   542   000FC8                     SSPADD          equ	4040	;# 
   543   000FC9                     SSPBUF          equ	4041	;# 
   544   000FCA                     T2CON           equ	4042	;# 
   545   000FCB                     PR2             equ	4043	;# 
   546   000FCB                     MEMCON          equ	4043	;# 
   547   000FCC                     TMR2            equ	4044	;# 
   548   000FCD                     T1CON           equ	4045	;# 
   549   000FCE                     TMR1            equ	4046	;# 
   550   000FCE                     TMR1L           equ	4046	;# 
   551   000FCF                     TMR1H           equ	4047	;# 
   552   000FD0                     RCON            equ	4048	;# 
   553   000FD1                     WDTCON          equ	4049	;# 
   554   000FD2                     HLVDCON         equ	4050	;# 
   555   000FD2                     LVDCON          equ	4050	;# 
   556   000FD3                     OSCCON          equ	4051	;# 
   557   000FD5                     T0CON           equ	4053	;# 
   558   000FD6                     TMR0            equ	4054	;# 
   559   000FD6                     TMR0L           equ	4054	;# 
   560   000FD7                     TMR0H           equ	4055	;# 
   561   000FD8                     STATUS          equ	4056	;# 
   562   000FD9                     FSR2            equ	4057	;# 
   563   000FD9                     FSR2L           equ	4057	;# 
   564   000FDA                     FSR2H           equ	4058	;# 
   565   000FDB                     PLUSW2          equ	4059	;# 
   566   000FDC                     PREINC2         equ	4060	;# 
   567   000FDD                     POSTDEC2        equ	4061	;# 
   568   000FDE                     POSTINC2        equ	4062	;# 
   569   000FDF                     INDF2           equ	4063	;# 
   570   000FE0                     BSR             equ	4064	;# 
   571   000FE1                     FSR1            equ	4065	;# 
   572   000FE1                     FSR1L           equ	4065	;# 
   573   000FE2                     FSR1H           equ	4066	;# 
   574   000FE3                     PLUSW1          equ	4067	;# 
   575   000FE4                     PREINC1         equ	4068	;# 
   576   000FE5                     POSTDEC1        equ	4069	;# 
   577   000FE6                     POSTINC1        equ	4070	;# 
   578   000FE7                     INDF1           equ	4071	;# 
   579   000FE8                     WREG            equ	4072	;# 
   580   000FE9                     FSR0            equ	4073	;# 
   581   000FE9                     FSR0L           equ	4073	;# 
   582   000FEA                     FSR0H           equ	4074	;# 
   583   000FEB                     PLUSW0          equ	4075	;# 
   584   000FEC                     PREINC0         equ	4076	;# 
   585   000FED                     POSTDEC0        equ	4077	;# 
   586   000FEE                     POSTINC0        equ	4078	;# 
   587   000FEF                     INDF0           equ	4079	;# 
   588   000FF0                     INTCON3         equ	4080	;# 
   589   000FF1                     INTCON2         equ	4081	;# 
   590   000FF2                     INTCON          equ	4082	;# 
   591   000FF3                     PROD            equ	4083	;# 
   592   000FF3                     PRODL           equ	4083	;# 
   593   000FF4                     PRODH           equ	4084	;# 
   594   000FF5                     TABLAT          equ	4085	;# 
   595   000FF6                     TBLPTR          equ	4086	;# 
   596   000FF6                     TBLPTRL         equ	4086	;# 
   597   000FF7                     TBLPTRH         equ	4087	;# 
   598   000FF8                     TBLPTRU         equ	4088	;# 
   599   000FF9                     PCLAT           equ	4089	;# 
   600   000FF9                     PC              equ	4089	;# 
   601   000FF9                     PCL             equ	4089	;# 
   602   000FFA                     PCLATH          equ	4090	;# 
   603   000FFB                     PCLATU          equ	4091	;# 
   604   000FFC                     STKPTR          equ	4092	;# 
   605   000FFD                     TOS             equ	4093	;# 
   606   000FFD                     TOSL            equ	4093	;# 
   607   000FFE                     TOSH            equ	4094	;# 
   608   000FFF                     TOSU            equ	4095	;# 
   609                           
   610                           	psect	mediumconst
   611   007DFA                     __pmediumconst:
   612                           	callstack 0
   613   007DFA  00                 	db	0
   614   007DFB                     _font5x8:
   615                           	callstack 0
   616   007DFB  00                 	db	0
   617   007DFC  00                 	db	0
   618   007DFD  00                 	db	0
   619   007DFE  00                 	db	0
   620   007DFF  00                 	db	0
   621   007E00  00                 	db	0
   622   007E01  00                 	db	0
   623   007E02  5F                 	db	95
   624   007E03  00                 	db	0
   625   007E04  00                 	db	0
   626   007E05  00                 	db	0
   627   007E06  07                 	db	7
   628   007E07  00                 	db	0
   629   007E08  07                 	db	7
   630   007E09  00                 	db	0
   631   007E0A  14                 	db	20
   632   007E0B  7F                 	db	127
   633   007E0C  14                 	db	20
   634   007E0D  7F                 	db	127
   635   007E0E  14                 	db	20
   636   007E0F  24                 	db	36
   637   007E10  2A                 	db	42
   638   007E11  7F                 	db	127
   639   007E12  2A                 	db	42
   640   007E13  12                 	db	18
   641   007E14  23                 	db	35
   642   007E15  13                 	db	19
   643   007E16  08                 	db	8
   644   007E17  64                 	db	100
   645   007E18  62                 	db	98
   646   007E19  36                 	db	54
   647   007E1A  49                 	db	73
   648   007E1B  55                 	db	85
   649   007E1C  22                 	db	34
   650   007E1D  50                 	db	80
   651   007E1E  00                 	db	0
   652   007E1F  05                 	db	5
   653   007E20  03                 	db	3
   654   007E21  00                 	db	0
   655   007E22  00                 	db	0
   656   007E23  00                 	db	0
   657   007E24  1C                 	db	28
   658   007E25  22                 	db	34
   659   007E26  41                 	db	65
   660   007E27  00                 	db	0
   661   007E28  00                 	db	0
   662   007E29  41                 	db	65
   663   007E2A  22                 	db	34
   664   007E2B  1C                 	db	28
   665   007E2C  00                 	db	0
   666   007E2D  08                 	db	8
   667   007E2E  2A                 	db	42
   668   007E2F  1C                 	db	28
   669   007E30  2A                 	db	42
   670   007E31  08                 	db	8
   671   007E32  08                 	db	8
   672   007E33  08                 	db	8
   673   007E34  3E                 	db	62
   674   007E35  08                 	db	8
   675   007E36  08                 	db	8
   676   007E37  00                 	db	0
   677   007E38  50                 	db	80
   678   007E39  30                 	db	48
   679   007E3A  00                 	db	0
   680   007E3B  00                 	db	0
   681   007E3C  08                 	db	8
   682   007E3D  08                 	db	8
   683   007E3E  08                 	db	8
   684   007E3F  08                 	db	8
   685   007E40  08                 	db	8
   686   007E41  00                 	db	0
   687   007E42  60                 	db	96
   688   007E43  60                 	db	96
   689   007E44  00                 	db	0
   690   007E45  00                 	db	0
   691   007E46  20                 	db	32
   692   007E47  10                 	db	16
   693   007E48  08                 	db	8
   694   007E49  04                 	db	4
   695   007E4A  02                 	db	2
   696   007E4B  3E                 	db	62
   697   007E4C  51                 	db	81
   698   007E4D  49                 	db	73
   699   007E4E  45                 	db	69
   700   007E4F  3E                 	db	62
   701   007E50  00                 	db	0
   702   007E51  42                 	db	66
   703   007E52  7F                 	db	127
   704   007E53  40                 	db	64
   705   007E54  00                 	db	0
   706   007E55  42                 	db	66
   707   007E56  61                 	db	97
   708   007E57  51                 	db	81
   709   007E58  49                 	db	73
   710   007E59  46                 	db	70
   711   007E5A  21                 	db	33
   712   007E5B  41                 	db	65
   713   007E5C  45                 	db	69
   714   007E5D  4B                 	db	75
   715   007E5E  31                 	db	49
   716   007E5F  18                 	db	24
   717   007E60  14                 	db	20
   718   007E61  12                 	db	18
   719   007E62  7F                 	db	127
   720   007E63  10                 	db	16
   721   007E64  27                 	db	39
   722   007E65  45                 	db	69
   723   007E66  45                 	db	69
   724   007E67  45                 	db	69
   725   007E68  39                 	db	57
   726   007E69  3C                 	db	60
   727   007E6A  4A                 	db	74
   728   007E6B  49                 	db	73
   729   007E6C  49                 	db	73
   730   007E6D  30                 	db	48
   731   007E6E  01                 	db	1
   732   007E6F  71                 	db	113
   733   007E70  09                 	db	9
   734   007E71  05                 	db	5
   735   007E72  03                 	db	3
   736   007E73  36                 	db	54
   737   007E74  49                 	db	73
   738   007E75  49                 	db	73
   739   007E76  49                 	db	73
   740   007E77  36                 	db	54
   741   007E78  06                 	db	6
   742   007E79  49                 	db	73
   743   007E7A  49                 	db	73
   744   007E7B  29                 	db	41
   745   007E7C  1E                 	db	30
   746   007E7D  00                 	db	0
   747   007E7E  36                 	db	54
   748   007E7F  36                 	db	54
   749   007E80  00                 	db	0
   750   007E81  00                 	db	0
   751   007E82  00                 	db	0
   752   007E83  56                 	db	86
   753   007E84  36                 	db	54
   754   007E85  00                 	db	0
   755   007E86  00                 	db	0
   756   007E87  00                 	db	0
   757   007E88  08                 	db	8
   758   007E89  14                 	db	20
   759   007E8A  22                 	db	34
   760   007E8B  41                 	db	65
   761   007E8C  14                 	db	20
   762   007E8D  14                 	db	20
   763   007E8E  14                 	db	20
   764   007E8F  14                 	db	20
   765   007E90  14                 	db	20
   766   007E91  41                 	db	65
   767   007E92  22                 	db	34
   768   007E93  14                 	db	20
   769   007E94  08                 	db	8
   770   007E95  00                 	db	0
   771   007E96  02                 	db	2
   772   007E97  01                 	db	1
   773   007E98  51                 	db	81
   774   007E99  09                 	db	9
   775   007E9A  06                 	db	6
   776   007E9B  32                 	db	50
   777   007E9C  49                 	db	73
   778   007E9D  79                 	db	121
   779   007E9E  41                 	db	65
   780   007E9F  3E                 	db	62
   781   007EA0  7E                 	db	126
   782   007EA1  11                 	db	17
   783   007EA2  11                 	db	17
   784   007EA3  11                 	db	17
   785   007EA4  7E                 	db	126
   786   007EA5  7F                 	db	127
   787   007EA6  49                 	db	73
   788   007EA7  49                 	db	73
   789   007EA8  49                 	db	73
   790   007EA9  36                 	db	54
   791   007EAA  3E                 	db	62
   792   007EAB  41                 	db	65
   793   007EAC  41                 	db	65
   794   007EAD  41                 	db	65
   795   007EAE  22                 	db	34
   796   007EAF  7F                 	db	127
   797   007EB0  41                 	db	65
   798   007EB1  41                 	db	65
   799   007EB2  22                 	db	34
   800   007EB3  1C                 	db	28
   801   007EB4  7F                 	db	127
   802   007EB5  49                 	db	73
   803   007EB6  49                 	db	73
   804   007EB7  49                 	db	73
   805   007EB8  41                 	db	65
   806   007EB9  7F                 	db	127
   807   007EBA  09                 	db	9
   808   007EBB  09                 	db	9
   809   007EBC  09                 	db	9
   810   007EBD  01                 	db	1
   811   007EBE  3E                 	db	62
   812   007EBF  41                 	db	65
   813   007EC0  49                 	db	73
   814   007EC1  49                 	db	73
   815   007EC2  7A                 	db	122
   816   007EC3  7F                 	db	127
   817   007EC4  08                 	db	8
   818   007EC5  08                 	db	8
   819   007EC6  08                 	db	8
   820   007EC7  7F                 	db	127
   821   007EC8  00                 	db	0
   822   007EC9  41                 	db	65
   823   007ECA  7F                 	db	127
   824   007ECB  41                 	db	65
   825   007ECC  00                 	db	0
   826   007ECD  20                 	db	32
   827   007ECE  40                 	db	64
   828   007ECF  41                 	db	65
   829   007ED0  3F                 	db	63
   830   007ED1  01                 	db	1
   831   007ED2  7F                 	db	127
   832   007ED3  08                 	db	8
   833   007ED4  14                 	db	20
   834   007ED5  22                 	db	34
   835   007ED6  41                 	db	65
   836   007ED7  7F                 	db	127
   837   007ED8  40                 	db	64
   838   007ED9  40                 	db	64
   839   007EDA  40                 	db	64
   840   007EDB  40                 	db	64
   841   007EDC  7F                 	db	127
   842   007EDD  02                 	db	2
   843   007EDE  0C                 	db	12
   844   007EDF  02                 	db	2
   845   007EE0  7F                 	db	127
   846   007EE1  7F                 	db	127
   847   007EE2  04                 	db	4
   848   007EE3  08                 	db	8
   849   007EE4  10                 	db	16
   850   007EE5  7F                 	db	127
   851   007EE6  3E                 	db	62
   852   007EE7  41                 	db	65
   853   007EE8  41                 	db	65
   854   007EE9  41                 	db	65
   855   007EEA  3E                 	db	62
   856   007EEB  7F                 	db	127
   857   007EEC  09                 	db	9
   858   007EED  09                 	db	9
   859   007EEE  09                 	db	9
   860   007EEF  06                 	db	6
   861   007EF0  3E                 	db	62
   862   007EF1  41                 	db	65
   863   007EF2  51                 	db	81
   864   007EF3  21                 	db	33
   865   007EF4  5E                 	db	94
   866   007EF5  7F                 	db	127
   867   007EF6  09                 	db	9
   868   007EF7  19                 	db	25
   869   007EF8  29                 	db	41
   870   007EF9  46                 	db	70
   871   007EFA  46                 	db	70
   872   007EFB  49                 	db	73
   873   007EFC  49                 	db	73
   874   007EFD  49                 	db	73
   875   007EFE  31                 	db	49
   876   007EFF  01                 	db	1
   877   007F00  01                 	db	1
   878   007F01  7F                 	db	127
   879   007F02  01                 	db	1
   880   007F03  01                 	db	1
   881   007F04  3F                 	db	63
   882   007F05  40                 	db	64
   883   007F06  40                 	db	64
   884   007F07  40                 	db	64
   885   007F08  3F                 	db	63
   886   007F09  1F                 	db	31
   887   007F0A  20                 	db	32
   888   007F0B  40                 	db	64
   889   007F0C  20                 	db	32
   890   007F0D  1F                 	db	31
   891   007F0E  3F                 	db	63
   892   007F0F  40                 	db	64
   893   007F10  38                 	db	56
   894   007F11  40                 	db	64
   895   007F12  3F                 	db	63
   896   007F13  63                 	db	99
   897   007F14  14                 	db	20
   898   007F15  08                 	db	8
   899   007F16  14                 	db	20
   900   007F17  63                 	db	99
   901   007F18  07                 	db	7
   902   007F19  08                 	db	8
   903   007F1A  70                 	db	112
   904   007F1B  08                 	db	8
   905   007F1C  07                 	db	7
   906   007F1D  61                 	db	97
   907   007F1E  51                 	db	81
   908   007F1F  49                 	db	73
   909   007F20  45                 	db	69
   910   007F21  43                 	db	67
   911   007F22  00                 	db	0
   912   007F23  7F                 	db	127
   913   007F24  41                 	db	65
   914   007F25  41                 	db	65
   915   007F26  00                 	db	0
   916   007F27  02                 	db	2
   917   007F28  04                 	db	4
   918   007F29  08                 	db	8
   919   007F2A  10                 	db	16
   920   007F2B  20                 	db	32
   921   007F2C  00                 	db	0
   922   007F2D  41                 	db	65
   923   007F2E  41                 	db	65
   924   007F2F  7F                 	db	127
   925   007F30  00                 	db	0
   926   007F31  04                 	db	4
   927   007F32  02                 	db	2
   928   007F33  01                 	db	1
   929   007F34  02                 	db	2
   930   007F35  04                 	db	4
   931   007F36  40                 	db	64
   932   007F37  40                 	db	64
   933   007F38  40                 	db	64
   934   007F39  40                 	db	64
   935   007F3A  40                 	db	64
   936   007F3B  00                 	db	0
   937   007F3C  01                 	db	1
   938   007F3D  02                 	db	2
   939   007F3E  04                 	db	4
   940   007F3F  00                 	db	0
   941   007F40  20                 	db	32
   942   007F41  54                 	db	84
   943   007F42  54                 	db	84
   944   007F43  54                 	db	84
   945   007F44  78                 	db	120
   946   007F45  7F                 	db	127
   947   007F46  48                 	db	72
   948   007F47  44                 	db	68
   949   007F48  44                 	db	68
   950   007F49  38                 	db	56
   951   007F4A  38                 	db	56
   952   007F4B  44                 	db	68
   953   007F4C  44                 	db	68
   954   007F4D  44                 	db	68
   955   007F4E  20                 	db	32
   956   007F4F  38                 	db	56
   957   007F50  44                 	db	68
   958   007F51  44                 	db	68
   959   007F52  48                 	db	72
   960   007F53  7F                 	db	127
   961   007F54  38                 	db	56
   962   007F55  54                 	db	84
   963   007F56  54                 	db	84
   964   007F57  54                 	db	84
   965   007F58  18                 	db	24
   966   007F59  08                 	db	8
   967   007F5A  7E                 	db	126
   968   007F5B  09                 	db	9
   969   007F5C  01                 	db	1
   970   007F5D  02                 	db	2
   971   007F5E  0C                 	db	12
   972   007F5F  52                 	db	82
   973   007F60  52                 	db	82
   974   007F61  52                 	db	82
   975   007F62  3E                 	db	62
   976   007F63  7F                 	db	127
   977   007F64  08                 	db	8
   978   007F65  04                 	db	4
   979   007F66  04                 	db	4
   980   007F67  78                 	db	120
   981   007F68  00                 	db	0
   982   007F69  44                 	db	68
   983   007F6A  7D                 	db	125
   984   007F6B  40                 	db	64
   985   007F6C  00                 	db	0
   986   007F6D  20                 	db	32
   987   007F6E  40                 	db	64
   988   007F6F  44                 	db	68
   989   007F70  3D                 	db	61
   990   007F71  00                 	db	0
   991   007F72  7F                 	db	127
   992   007F73  10                 	db	16
   993   007F74  28                 	db	40
   994   007F75  44                 	db	68
   995   007F76  00                 	db	0
   996   007F77  00                 	db	0
   997   007F78  41                 	db	65
   998   007F79  7F                 	db	127
   999   007F7A  40                 	db	64
  1000   007F7B  00                 	db	0
  1001   007F7C  7C                 	db	124
  1002   007F7D  04                 	db	4
  1003   007F7E  18                 	db	24
  1004   007F7F  04                 	db	4
  1005   007F80  78                 	db	120
  1006   007F81  7C                 	db	124
  1007   007F82  08                 	db	8
  1008   007F83  04                 	db	4
  1009   007F84  04                 	db	4
  1010   007F85  78                 	db	120
  1011   007F86  38                 	db	56
  1012   007F87  44                 	db	68
  1013   007F88  44                 	db	68
  1014   007F89  44                 	db	68
  1015   007F8A  38                 	db	56
  1016   007F8B  7C                 	db	124
  1017   007F8C  14                 	db	20
  1018   007F8D  14                 	db	20
  1019   007F8E  14                 	db	20
  1020   007F8F  08                 	db	8
  1021   007F90  08                 	db	8
  1022   007F91  14                 	db	20
  1023   007F92  14                 	db	20
  1024   007F93  18                 	db	24
  1025   007F94  7C                 	db	124
  1026   007F95  7C                 	db	124
  1027   007F96  08                 	db	8
  1028   007F97  04                 	db	4
  1029   007F98  04                 	db	4
  1030   007F99  08                 	db	8
  1031   007F9A  48                 	db	72
  1032   007F9B  54                 	db	84
  1033   007F9C  54                 	db	84
  1034   007F9D  54                 	db	84
  1035   007F9E  20                 	db	32
  1036   007F9F  04                 	db	4
  1037   007FA0  3F                 	db	63
  1038   007FA1  44                 	db	68
  1039   007FA2  40                 	db	64
  1040   007FA3  20                 	db	32
  1041   007FA4  3C                 	db	60
  1042   007FA5  40                 	db	64
  1043   007FA6  40                 	db	64
  1044   007FA7  20                 	db	32
  1045   007FA8  7C                 	db	124
  1046   007FA9  1C                 	db	28
  1047   007FAA  20                 	db	32
  1048   007FAB  40                 	db	64
  1049   007FAC  20                 	db	32
  1050   007FAD  1C                 	db	28
  1051   007FAE  3C                 	db	60
  1052   007FAF  40                 	db	64
  1053   007FB0  30                 	db	48
  1054   007FB1  40                 	db	64
  1055   007FB2  3C                 	db	60
  1056   007FB3  44                 	db	68
  1057   007FB4  28                 	db	40
  1058   007FB5  10                 	db	16
  1059   007FB6  28                 	db	40
  1060   007FB7  44                 	db	68
  1061   007FB8  0C                 	db	12
  1062   007FB9  50                 	db	80
  1063   007FBA  50                 	db	80
  1064   007FBB  50                 	db	80
  1065   007FBC  3C                 	db	60
  1066   007FBD  44                 	db	68
  1067   007FBE  64                 	db	100
  1068   007FBF  54                 	db	84
  1069   007FC0  4C                 	db	76
  1070   007FC1  44                 	db	68
  1071   007FC2  00                 	db	0
  1072   007FC3  08                 	db	8
  1073   007FC4  36                 	db	54
  1074   007FC5  41                 	db	65
  1075   007FC6  00                 	db	0
  1076   007FC7  00                 	db	0
  1077   007FC8  00                 	db	0
  1078   007FC9  7F                 	db	127
  1079   007FCA  00                 	db	0
  1080   007FCB  00                 	db	0
  1081   007FCC  00                 	db	0
  1082   007FCD  41                 	db	65
  1083   007FCE  36                 	db	54
  1084   007FCF  08                 	db	8
  1085   007FD0  00                 	db	0
  1086   007FD1  08                 	db	8
  1087   007FD2  08                 	db	8
  1088   007FD3  2A                 	db	42
  1089   007FD4  1C                 	db	28
  1090   007FD5  08                 	db	8
  1091   007FD6                     __end_of_font5x8:
  1092                           	callstack 0
  1093   007C98                     _TRISB0         set	31896
  1094   007C99                     _TRISB1         set	31897
  1095   000FC9                     _SSPBUF         set	4041
  1096   000FC5                     _SSPCON2bits    set	4037
  1097   000F9E                     _PIR1bits       set	3998
  1098   000FC7                     _SSPSTAT        set	4039
  1099   000FC8                     _SSPADD         set	4040
  1100   000FC5                     _SSPCON2        set	4037
  1101   000FC6                     _SSPCON1        set	4038
  1102   000FB4                     _CMCON          set	4020
  1103   000FC1                     _ADCON1         set	4033
  1104   000FD3                     _OSCCONbits     set	4051
  1105   000FD3                     _OSCCON         set	4051
  1106   007FD6                     STR_3:
  1107   007FD6  53                 	db	83	;'S'
  1108   007FD7  69                 	db	105	;'i'
  1109   007FD8  6E                 	db	110	;'n'
  1110   007FD9  20                 	db	32
  1111   007FDA  63                 	db	99	;'c'
  1112   007FDB  72                 	db	114	;'r'
  1113   007FDC  69                 	db	105	;'i'
  1114   007FDD  73                 	db	115	;'s'
  1115   007FDE  74                 	db	116	;'t'
  1116   007FDF  61                 	db	97	;'a'
  1117   007FE0  6C                 	db	108	;'l'
  1118   007FE1  21                 	db	33
  1119   007FE2  00                 	db	0
  1120   007FE3                     STR_1:
  1121   007FE3  48                 	db	72	;'H'
  1122   007FE4  6F                 	db	111	;'o'
  1123   007FE5  6C                 	db	108	;'l'
  1124   007FE6  61                 	db	97	;'a'
  1125   007FE7  20                 	db	32
  1126   007FE8  4D                 	db	77	;'M'
  1127   007FE9  75                 	db	117	;'u'
  1128   007FEA  6E                 	db	110	;'n'
  1129   007FEB  64                 	db	100	;'d'
  1130   007FEC  6F                 	db	111	;'o'
  1131   007FED  21                 	db	33
  1132   007FEE  00                 	db	0
  1133   007FEF                     STR_2:
  1134   007FEF  50                 	db	80	;'P'
  1135   007FF0  49                 	db	73	;'I'
  1136   007FF1  43                 	db	67	;'C'
  1137   007FF2  31                 	db	49	;'1'
  1138   007FF3  38                 	db	56	;'8'
  1139   007FF4  46                 	db	70	;'F'
  1140   007FF5  34                 	db	52	;'4'
  1141   007FF6  35                 	db	53	;'5'
  1142   007FF7  35                 	db	53	;'5'
  1143   007FF8  30                 	db	48	;'0'
  1144   007FF9  00                 	db	0
  1145   007FFA  00                 	db	0	; dummy byte at the end
  1146   007DFA                     __smallconst    set	__pmediumconst
  1147   007DFA                     __mediumconst   set	__pmediumconst
  1148   000002                     __activetblptr  equ	2
  1149                           
  1150                           ; #config settings
  1151                           
  1152                           	psect	cinit
  1153   007B3A                     __pcinit:
  1154                           	callstack 0
  1155   007B3A                     start_initialization:
  1156                           	callstack 0
  1157   007B3A                     __initialization:
  1158                           	callstack 0
  1159   007B3A                     end_of_initialization:
  1160                           	callstack 0
  1161   007B3A                     __end_of__initialization:
  1162                           	callstack 0
  1163   007B3A  0E00               	movlw	low (__Lmediumconst shr (0+16))
  1164   007B3C  6EF8               	movwf	tblptru,c
  1165   007B3E  0100               	movlb	0
  1166   007B40  EF38  F03E         	goto	_main	;jump to C main() function
  1167                           
  1168                           	psect	cstackCOMRAM
  1169   000001                     __pcstackCOMRAM:
  1170                           	callstack 0
  1171   000001                     I2C_Write@data:
  1172                           	callstack 0
  1173   000001                     
  1174                           ; 1 bytes @ 0x0
  1175   000001                     	ds	1
  1176   000002                     OLED_Cmd@cmd:
  1177                           	callstack 0
  1178   000002                     OLED_Data@data:
  1179                           	callstack 0
  1180   000002                     
  1181                           ; 1 bytes @ 0x1
  1182   000002                     	ds	1
  1183   000003                     OLED_SetCursor@col:
  1184                           	callstack 0
  1185   000003                     ??_OLED_SendChar:
  1186                           
  1187                           ; 1 bytes @ 0x2
  1188   000003                     	ds	1
  1189   000004                     OLED_SetCursor@page:
  1190                           	callstack 0
  1191   000004                     
  1192                           ; 1 bytes @ 0x3
  1193   000004                     	ds	1
  1194   000005                     OLED_Clear@col:
  1195                           	callstack 0
  1196   000005                     
  1197                           ; 1 bytes @ 0x4
  1198   000005                     	ds	1
  1199   000006                     OLED_Clear@page:
  1200                           	callstack 0
  1201                           
  1202                           ; 1 bytes @ 0x5
  1203   000006                     	ds	1
  1204   000007                     OLED_SendChar@c:
  1205                           	callstack 0
  1206   000007                     ??_OLED_Init:
  1207                           
  1208                           ; 1 bytes @ 0x6
  1209   000007                     	ds	1
  1210   000008                     OLED_SendChar@i:
  1211                           	callstack 0
  1212                           
  1213                           ; 1 bytes @ 0x7
  1214   000008                     	ds	1
  1215   000009                     OLED_Print@col:
  1216                           	callstack 0
  1217                           
  1218                           ; 1 bytes @ 0x8
  1219   000009                     	ds	1
  1220   00000A                     OLED_Print@str:
  1221                           	callstack 0
  1222                           
  1223                           ; 2 bytes @ 0x9
  1224   00000A                     	ds	2
  1225   00000C                     OLED_Print@page:
  1226                           	callstack 0
  1227   00000C                     
  1228                           ; 1 bytes @ 0xB
  1229   00000C                     	ds	1
  1230   00000D                     
  1231                           ; 1 bytes @ 0xC
  1232 ;;
  1233 ;;Main: autosize = 0, tempsize = 0, incstack = 0, save=0
  1234 ;;
  1235 ;; *************** function _main *****************
  1236 ;; Defined at:
  1237 ;;		line 20 in file "man.c"
  1238 ;; Parameters:    Size  Location     Type
  1239 ;;		None
  1240 ;; Auto vars:     Size  Location     Type
  1241 ;;		None
  1242 ;; Return value:  Size  Location     Type
  1243 ;;                  1    wreg      void 
  1244 ;; Registers used:
  1245 ;;		wreg, status,2, status,0, tblptrl, tblptrh, tblptru, prodl, prodh, cstack
  1246 ;; Tracked objects:
  1247 ;;		On entry : 0/0
  1248 ;;		On exit  : 0/0
  1249 ;;		Unchanged: 0/0
  1250 ;; Data sizes:     COMRAM   BANK0   BANK1   BANK2   BANK3   BANK4   BANK5   BANK6   BANK7
  1251 ;;      Params:         0       0       0       0       0       0       0       0       0
  1252 ;;      Locals:         0       0       0       0       0       0       0       0       0
  1253 ;;      Temps:          0       0       0       0       0       0       0       0       0
  1254 ;;      Totals:         0       0       0       0       0       0       0       0       0
  1255 ;;Total ram usage:        0 bytes
  1256 ;; Hardware stack levels required when called: 5
  1257 ;; This function calls:
  1258 ;;		_I2C_Init
  1259 ;;		_OLED_Init
  1260 ;;		_OLED_Print
  1261 ;; This function is called by:
  1262 ;;		Startup code after reset
  1263 ;; This function uses a non-reentrant model
  1264 ;;
  1265                           
  1266                           	psect	text0
  1267   007C70                     __ptext0:
  1268                           	callstack 0
  1269   007C70                     _main:
  1270                           	callstack 26
  1271   007C70  0E72               	movlw	114
  1272   007C72  6ED3               	movwf	211,c	;volatile
  1273   007C74                     l19:
  1274   007C74  A4D3               	btfss	211,2,c	;volatile
  1275   007C76  EF3F  F03E         	goto	u151
  1276   007C7A  EF41  F03E         	goto	u150
  1277   007C7E                     u151:
  1278   007C7E  EF3A  F03E         	goto	l19
  1279   007C82                     u150:
  1280   007C82  0E0F               	movlw	15
  1281   007C84  6EC1               	movwf	193,c	;volatile
  1282   007C86  0E07               	movlw	7
  1283   007C88  6EB4               	movwf	180,c	;volatile
  1284   007C8A  ECB4  F03D         	call	_I2C_Init	;wreg free
  1285   007C8E  ECA3  F03E         	call	_OLED_Init	;wreg free
  1286   007C92  0E0A               	movlw	10
  1287   007C94  6E09               	movwf	OLED_Print@col^0,c
  1288   007C96  0EE3               	movlw	low STR_1
  1289   007C98  6E0A               	movwf	OLED_Print@str^0,c
  1290   007C9A  0E7F               	movlw	high STR_1
  1291   007C9C  6E0B               	movwf	(OLED_Print@str+1)^0,c
  1292   007C9E  0E00               	movlw	0
  1293   007CA0  EC17  F03E         	call	_OLED_Print
  1294   007CA4  0E0A               	movlw	10
  1295   007CA6  6E09               	movwf	OLED_Print@col^0,c
  1296   007CA8  0EEF               	movlw	low STR_2
  1297   007CAA  6E0A               	movwf	OLED_Print@str^0,c
  1298   007CAC  0E7F               	movlw	high STR_2
  1299   007CAE  6E0B               	movwf	(OLED_Print@str+1)^0,c
  1300   007CB0  0E02               	movlw	2
  1301   007CB2  EC17  F03E         	call	_OLED_Print
  1302   007CB6  0E0A               	movlw	10
  1303   007CB8  6E09               	movwf	OLED_Print@col^0,c
  1304   007CBA  0ED6               	movlw	low STR_3
  1305   007CBC  6E0A               	movwf	OLED_Print@str^0,c
  1306   007CBE  0E7F               	movlw	high STR_3
  1307   007CC0  6E0B               	movwf	(OLED_Print@str+1)^0,c
  1308   007CC2  0E04               	movlw	4
  1309   007CC4  EC17  F03E         	call	_OLED_Print
  1310   007CC8                     l22:
  1311   007CC8  EF64  F03E         	goto	l22
  1312   007CCC  EFFE  F03F         	goto	start
  1313   007CD0                     __end_of_main:
  1314                           	callstack 0
  1315                           
  1316 ;; *************** function _OLED_Print *****************
  1317 ;; Defined at:
  1318 ;;		line 69 in file "ssd1306.c"
  1319 ;; Parameters:    Size  Location     Type
  1320 ;;  page            1    wreg     unsigned char 
  1321 ;;  col             1    8[COMRAM] unsigned char 
  1322 ;;  str             2    9[COMRAM] PTR const unsigned char 
  1323 ;;		 -> STR_3(13), STR_2(11), STR_1(12), 
  1324 ;; Auto vars:     Size  Location     Type
  1325 ;;  page            1   11[COMRAM] unsigned char 
  1326 ;; Return value:  Size  Location     Type
  1327 ;;                  1    wreg      void 
  1328 ;; Registers used:
  1329 ;;		wreg, status,2, status,0, tblptrl, tblptrh, tblptru, prodl, prodh, cstack
  1330 ;; Tracked objects:
  1331 ;;		On entry : 0/0
  1332 ;;		On exit  : 0/0
  1333 ;;		Unchanged: 0/0
  1334 ;; Data sizes:     COMRAM   BANK0   BANK1   BANK2   BANK3   BANK4   BANK5   BANK6   BANK7
  1335 ;;      Params:         3       0       0       0       0       0       0       0       0
  1336 ;;      Locals:         1       0       0       0       0       0       0       0       0
  1337 ;;      Temps:          0       0       0       0       0       0       0       0       0
  1338 ;;      Totals:         4       0       0       0       0       0       0       0       0
  1339 ;;Total ram usage:        4 bytes
  1340 ;; Hardware stack levels used: 1
  1341 ;; Hardware stack levels required when called: 2
  1342 ;; This function calls:
  1343 ;;		_OLED_SendChar
  1344 ;;		_OLED_SetCursor
  1345 ;; This function is called by:
  1346 ;;		_main
  1347 ;; This function uses a non-reentrant model
  1348 ;;
  1349                           
  1350                           	psect	text1
  1351   007C2E                     __ptext1:
  1352                           	callstack 0
  1353   007C2E                     _OLED_Print:
  1354                           	callstack 28
  1355                           
  1356                           ;incstack = 0
  1357                           ;OLED_Print@page stored from wreg
  1358   007C2E  6E0C               	movwf	OLED_Print@page^0,c
  1359   007C30                     
  1360                           ;ssd1306.c: 70:     OLED_SetCursor(page, col);
  1361   007C30  C009  F003         	movff	OLED_Print@col,OLED_SetCursor@col
  1362   007C34  500C               	movf	OLED_Print@page^0,w,c
  1363   007C36  ECEB  F03D         	call	_OLED_SetCursor
  1364                           
  1365                           ;ssd1306.c: 71:     while(*str) {
  1366   007C3A  EF29  F03E         	goto	l1149
  1367   007C3E                     l1145:
  1368                           
  1369                           ;ssd1306.c: 72:         OLED_SendChar(*str++);
  1370   007C3E  C00A  FFF6         	movff	OLED_Print@str,tblptrl
  1371   007C42  C00B  FFF7         	movff	OLED_Print@str+1,tblptrh
  1372   007C46                     	if	0	;tblptru may be non-zero
  1373   007C46                     	endif
  1374   007C46                     	if	0	;tblptru may be non-zero
  1375   007C46                     	endif
  1376   007C46  0008               	tblrd		*
  1377   007C48  50F5               	movf	tablat,w,c
  1378   007C4A  EC68  F03E         	call	_OLED_SendChar
  1379   007C4E  4A0A               	infsnz	OLED_Print@str^0,f,c
  1380   007C50  2A0B               	incf	(OLED_Print@str+1)^0,f,c
  1381   007C52                     l1149:
  1382                           
  1383                           ;ssd1306.c: 71:     while(*str) {
  1384   007C52  C00A  FFF6         	movff	OLED_Print@str,tblptrl
  1385   007C56  C00B  FFF7         	movff	OLED_Print@str+1,tblptrh
  1386   007C5A                     	if	0	;tblptru may be non-zero
  1387   007C5A                     	endif
  1388   007C5A                     	if	0	;tblptru may be non-zero
  1389   007C5A                     	endif
  1390   007C5A  0008               	tblrd		*
  1391   007C5C  50F5               	movf	tablat,w,c
  1392   007C5E  0900               	iorlw	0
  1393   007C60  A4D8               	btfss	status,2,c
  1394   007C62  EF35  F03E         	goto	u141
  1395   007C66  EF37  F03E         	goto	u140
  1396   007C6A                     u141:
  1397   007C6A  EF1F  F03E         	goto	l1145
  1398   007C6E                     u140:
  1399   007C6E  0012               	return		;funcret
  1400   007C70                     __end_of_OLED_Print:
  1401                           	callstack 0
  1402                           
  1403 ;; *************** function _OLED_SendChar *****************
  1404 ;; Defined at:
  1405 ;;		line 60 in file "ssd1306.c"
  1406 ;; Parameters:    Size  Location     Type
  1407 ;;  c               1    wreg     unsigned char 
  1408 ;; Auto vars:     Size  Location     Type
  1409 ;;  c               1    6[COMRAM] unsigned char 
  1410 ;;  i               1    7[COMRAM] unsigned char 
  1411 ;; Return value:  Size  Location     Type
  1412 ;;                  1    wreg      void 
  1413 ;; Registers used:
  1414 ;;		wreg, status,2, status,0, tblptrl, tblptrh, tblptru, prodl, prodh, cstack
  1415 ;; Tracked objects:
  1416 ;;		On entry : 0/0
  1417 ;;		On exit  : 0/0
  1418 ;;		Unchanged: 0/0
  1419 ;; Data sizes:     COMRAM   BANK0   BANK1   BANK2   BANK3   BANK4   BANK5   BANK6   BANK7
  1420 ;;      Params:         0       0       0       0       0       0       0       0       0
  1421 ;;      Locals:         2       0       0       0       0       0       0       0       0
  1422 ;;      Temps:          4       0       0       0       0       0       0       0       0
  1423 ;;      Totals:         6       0       0       0       0       0       0       0       0
  1424 ;;Total ram usage:        6 bytes
  1425 ;; Hardware stack levels used: 1
  1426 ;; Hardware stack levels required when called: 1
  1427 ;; This function calls:
  1428 ;;		_OLED_Data
  1429 ;; This function is called by:
  1430 ;;		_OLED_Print
  1431 ;; This function uses a non-reentrant model
  1432 ;;
  1433                           
  1434                           	psect	text2
  1435   007CD0                     __ptext2:
  1436                           	callstack 0
  1437   007CD0                     _OLED_SendChar:
  1438                           	callstack 28
  1439                           
  1440                           ;incstack = 0
  1441                           ;OLED_SendChar@c stored from wreg
  1442   007CD0  6E07               	movwf	OLED_SendChar@c^0,c
  1443   007CD2                     
  1444                           ;ssd1306.c: 61:     unsigned char i;;ssd1306.c: 62:     if(c < 32 || c > 126) c = 32;
  1445   007CD2  0E1F               	movlw	31
  1446   007CD4  6407               	cpfsgt	OLED_SendChar@c^0,c
  1447   007CD6  EF6F  F03E         	goto	u61
  1448   007CDA  EF71  F03E         	goto	u60
  1449   007CDE                     u61:
  1450   007CDE  EF79  F03E         	goto	l961
  1451   007CE2                     u60:
  1452   007CE2  0E7E               	movlw	126
  1453   007CE4  6407               	cpfsgt	OLED_SendChar@c^0,c
  1454   007CE6  EF77  F03E         	goto	u71
  1455   007CEA  EF79  F03E         	goto	u70
  1456   007CEE                     u71:
  1457   007CEE  EF7B  F03E         	goto	l963
  1458   007CF2                     u70:
  1459   007CF2                     l961:
  1460   007CF2  0E20               	movlw	32
  1461   007CF4  6E07               	movwf	OLED_SendChar@c^0,c
  1462   007CF6                     l963:
  1463                           
  1464                           ;ssd1306.c: 63:     for(i = 0; i < 5; i++) {
  1465   007CF6  6A08               	clrf	OLED_SendChar@i^0,c
  1466   007CF8                     l969:
  1467                           
  1468                           ;ssd1306.c: 64:         OLED_Data(font5x8[c - 32][i]);
  1469   007CF8  5007               	movf	OLED_SendChar@c^0,w,c
  1470   007CFA  0D05               	mullw	5
  1471   007CFC  0EFB               	movlw	low _font5x8
  1472   007CFE  24F3               	addwf	243,w,c
  1473   007D00  6E03               	movwf	??_OLED_SendChar^0,c
  1474   007D02  0E7D               	movlw	high _font5x8
  1475   007D04  20F4               	addwfc	prodh,w,c
  1476   007D06  6E04               	movwf	(??_OLED_SendChar+1)^0,c
  1477   007D08  5008               	movf	OLED_SendChar@i^0,w,c
  1478   007D0A  2603               	addwf	??_OLED_SendChar^0,f,c
  1479   007D0C  0E00               	movlw	0
  1480   007D0E  2204               	addwfc	(??_OLED_SendChar+1)^0,f,c
  1481   007D10  0E60               	movlw	96
  1482   007D12  2403               	addwf	??_OLED_SendChar^0,w,c
  1483   007D14  6E05               	movwf	(??_OLED_SendChar+2)^0,c
  1484   007D16  0EFF               	movlw	255
  1485   007D18  2004               	addwfc	(??_OLED_SendChar+1)^0,w,c
  1486   007D1A  6E06               	movwf	(??_OLED_SendChar+3)^0,c
  1487   007D1C  C005  FFF6         	movff	??_OLED_SendChar+2,tblptrl
  1488   007D20  C006  FFF7         	movff	??_OLED_SendChar+3,tblptrh
  1489   007D24                     	if	0	;tblptru may be non-zero
  1490   007D24                     	endif
  1491   007D24                     	if	0	;tblptru may be non-zero
  1492   007D24                     	endif
  1493   007D24  0008               	tblrd		*
  1494   007D26  50F5               	movf	tablat,w,c
  1495   007D28  ECCD  F03D         	call	_OLED_Data
  1496   007D2C                     
  1497                           ;ssd1306.c: 65:     }
  1498   007D2C  2A08               	incf	OLED_SendChar@i^0,f,c
  1499   007D2E  0E04               	movlw	4
  1500   007D30  6408               	cpfsgt	OLED_SendChar@i^0,c
  1501   007D32  EF9D  F03E         	goto	u81
  1502   007D36  EF9F  F03E         	goto	u80
  1503   007D3A                     u81:
  1504   007D3A  EF7C  F03E         	goto	l969
  1505   007D3E                     u80:
  1506   007D3E                     
  1507                           ;ssd1306.c: 66:     OLED_Data(0x00);
  1508   007D3E  0E00               	movlw	0
  1509   007D40  ECCD  F03D         	call	_OLED_Data
  1510   007D44  0012               	return		;funcret
  1511   007D46                     __end_of_OLED_SendChar:
  1512                           	callstack 0
  1513                           
  1514 ;; *************** function _OLED_Init *****************
  1515 ;; Defined at:
  1516 ;;		line 21 in file "ssd1306.c"
  1517 ;; Parameters:    Size  Location     Type
  1518 ;;		None
  1519 ;; Auto vars:     Size  Location     Type
  1520 ;;		None
  1521 ;; Return value:  Size  Location     Type
  1522 ;;                  1    wreg      void 
  1523 ;; Registers used:
  1524 ;;		wreg, status,2, status,0, cstack
  1525 ;; Tracked objects:
  1526 ;;		On entry : 0/0
  1527 ;;		On exit  : 0/0
  1528 ;;		Unchanged: 0/0
  1529 ;; Data sizes:     COMRAM   BANK0   BANK1   BANK2   BANK3   BANK4   BANK5   BANK6   BANK7
  1530 ;;      Params:         0       0       0       0       0       0       0       0       0
  1531 ;;      Locals:         0       0       0       0       0       0       0       0       0
  1532 ;;      Temps:          2       0       0       0       0       0       0       0       0
  1533 ;;      Totals:         2       0       0       0       0       0       0       0       0
  1534 ;;Total ram usage:        2 bytes
  1535 ;; Hardware stack levels used: 1
  1536 ;; Hardware stack levels required when called: 4
  1537 ;; This function calls:
  1538 ;;		_OLED_Clear
  1539 ;;		_OLED_Cmd
  1540 ;; This function is called by:
  1541 ;;		_main
  1542 ;; This function uses a non-reentrant model
  1543 ;;
  1544                           
  1545                           	psect	text3
  1546   007D46                     __ptext3:
  1547                           	callstack 0
  1548   007D46                     _OLED_Init:
  1549                           	callstack 26
  1550   007D46                     
  1551                           ;ssd1306.c: 22:     _delay((unsigned long)((200)*(8000000UL/4000.0)));
  1552   007D46  0E03               	movlw	3
  1553   007D48  6E08               	movwf	(??_OLED_Init+1)^0,c
  1554   007D4A  0E08               	movlw	8
  1555   007D4C  6E07               	movwf	??_OLED_Init^0,c
  1556   007D4E  0E77               	movlw	119
  1557   007D50                     u167:
  1558   007D50  2EE8               	decfsz	wreg,f,c
  1559   007D52  D7FE               	bra	u167
  1560   007D54  2E07               	decfsz	??_OLED_Init^0,f,c
  1561   007D56  D7FC               	bra	u167
  1562   007D58  2E08               	decfsz	(??_OLED_Init+1)^0,f,c
  1563   007D5A  D7FA               	bra	u167
  1564   007D5C  0000               	nop	
  1565   007D5E                     
  1566                           ;ssd1306.c: 24:     OLED_Cmd(0xAE);
  1567   007D5E  0EAE               	movlw	174
  1568   007D60  ECDC  F03D         	call	_OLED_Cmd
  1569   007D64                     
  1570                           ;ssd1306.c: 25:     OLED_Cmd(0xD5); OLED_Cmd(0x80);
  1571   007D64  0ED5               	movlw	213
  1572   007D66  ECDC  F03D         	call	_OLED_Cmd
  1573   007D6A  0E80               	movlw	128
  1574   007D6C  ECDC  F03D         	call	_OLED_Cmd
  1575   007D70                     
  1576                           ;ssd1306.c: 26:     OLED_Cmd(0xA8); OLED_Cmd(0x3F);
  1577   007D70  0EA8               	movlw	168
  1578   007D72  ECDC  F03D         	call	_OLED_Cmd
  1579   007D76  0E3F               	movlw	63
  1580   007D78  ECDC  F03D         	call	_OLED_Cmd
  1581   007D7C                     
  1582                           ;ssd1306.c: 27:     OLED_Cmd(0xD3); OLED_Cmd(0x00);
  1583   007D7C  0ED3               	movlw	211
  1584   007D7E  ECDC  F03D         	call	_OLED_Cmd
  1585   007D82  0E00               	movlw	0
  1586   007D84  ECDC  F03D         	call	_OLED_Cmd
  1587   007D88                     
  1588                           ;ssd1306.c: 28:     OLED_Cmd(0x40);
  1589   007D88  0E40               	movlw	64
  1590   007D8A  ECDC  F03D         	call	_OLED_Cmd
  1591   007D8E                     
  1592                           ;ssd1306.c: 29:     OLED_Cmd(0x8D); OLED_Cmd(0x14);
  1593   007D8E  0E8D               	movlw	141
  1594   007D90  ECDC  F03D         	call	_OLED_Cmd
  1595   007D94  0E14               	movlw	20
  1596   007D96  ECDC  F03D         	call	_OLED_Cmd
  1597   007D9A                     
  1598                           ;ssd1306.c: 30:     OLED_Cmd(0x20); OLED_Cmd(0x00);
  1599   007D9A  0E20               	movlw	32
  1600   007D9C  ECDC  F03D         	call	_OLED_Cmd
  1601   007DA0  0E00               	movlw	0
  1602   007DA2  ECDC  F03D         	call	_OLED_Cmd
  1603   007DA6                     
  1604                           ;ssd1306.c: 31:     OLED_Cmd(0xA1);
  1605   007DA6  0EA1               	movlw	161
  1606   007DA8  ECDC  F03D         	call	_OLED_Cmd
  1607   007DAC                     
  1608                           ;ssd1306.c: 32:     OLED_Cmd(0xC8);
  1609   007DAC  0EC8               	movlw	200
  1610   007DAE  ECDC  F03D         	call	_OLED_Cmd
  1611   007DB2                     
  1612                           ;ssd1306.c: 33:     OLED_Cmd(0xDA); OLED_Cmd(0x12);
  1613   007DB2  0EDA               	movlw	218
  1614   007DB4  ECDC  F03D         	call	_OLED_Cmd
  1615   007DB8  0E12               	movlw	18
  1616   007DBA  ECDC  F03D         	call	_OLED_Cmd
  1617   007DBE                     
  1618                           ;ssd1306.c: 34:     OLED_Cmd(0x81); OLED_Cmd(0xFF);
  1619   007DBE  0E81               	movlw	129
  1620   007DC0  ECDC  F03D         	call	_OLED_Cmd
  1621   007DC4  0EFF               	movlw	255
  1622   007DC6  ECDC  F03D         	call	_OLED_Cmd
  1623   007DCA                     
  1624                           ;ssd1306.c: 35:     OLED_Cmd(0xD9); OLED_Cmd(0xF1);
  1625   007DCA  0ED9               	movlw	217
  1626   007DCC  ECDC  F03D         	call	_OLED_Cmd
  1627   007DD0  0EF1               	movlw	241
  1628   007DD2  ECDC  F03D         	call	_OLED_Cmd
  1629   007DD6                     
  1630                           ;ssd1306.c: 36:     OLED_Cmd(0xDB); OLED_Cmd(0x40);
  1631   007DD6  0EDB               	movlw	219
  1632   007DD8  ECDC  F03D         	call	_OLED_Cmd
  1633   007DDC  0E40               	movlw	64
  1634   007DDE  ECDC  F03D         	call	_OLED_Cmd
  1635   007DE2                     
  1636                           ;ssd1306.c: 37:     OLED_Cmd(0xA4);
  1637   007DE2  0EA4               	movlw	164
  1638   007DE4  ECDC  F03D         	call	_OLED_Cmd
  1639   007DE8                     
  1640                           ;ssd1306.c: 38:     OLED_Cmd(0xA6);
  1641   007DE8  0EA6               	movlw	166
  1642   007DEA  ECDC  F03D         	call	_OLED_Cmd
  1643   007DEE                     
  1644                           ;ssd1306.c: 39:     OLED_Cmd(0xAF);
  1645   007DEE  0EAF               	movlw	175
  1646   007DF0  ECDC  F03D         	call	_OLED_Cmd
  1647   007DF4                     
  1648                           ;ssd1306.c: 41:     OLED_Clear();
  1649   007DF4  ECFA  F03D         	call	_OLED_Clear	;wreg free
  1650   007DF8  0012               	return		;funcret
  1651   007DFA                     __end_of_OLED_Init:
  1652                           	callstack 0
  1653                           
  1654 ;; *************** function _OLED_Clear *****************
  1655 ;; Defined at:
  1656 ;;		line 44 in file "ssd1306.c"
  1657 ;; Parameters:    Size  Location     Type
  1658 ;;		None
  1659 ;; Auto vars:     Size  Location     Type
  1660 ;;  page            1    5[COMRAM] unsigned char 
  1661 ;;  col             1    4[COMRAM] unsigned char 
  1662 ;; Return value:  Size  Location     Type
  1663 ;;                  1    wreg      void 
  1664 ;; Registers used:
  1665 ;;		wreg, status,2, status,0, cstack
  1666 ;; Tracked objects:
  1667 ;;		On entry : 0/0
  1668 ;;		On exit  : 0/0
  1669 ;;		Unchanged: 0/0
  1670 ;; Data sizes:     COMRAM   BANK0   BANK1   BANK2   BANK3   BANK4   BANK5   BANK6   BANK7
  1671 ;;      Params:         0       0       0       0       0       0       0       0       0
  1672 ;;      Locals:         2       0       0       0       0       0       0       0       0
  1673 ;;      Temps:          0       0       0       0       0       0       0       0       0
  1674 ;;      Totals:         2       0       0       0       0       0       0       0       0
  1675 ;;Total ram usage:        2 bytes
  1676 ;; Hardware stack levels used: 1
  1677 ;; Hardware stack levels required when called: 3
  1678 ;; This function calls:
  1679 ;;		_OLED_Data
  1680 ;;		_OLED_SetCursor
  1681 ;; This function is called by:
  1682 ;;		_OLED_Init
  1683 ;; This function uses a non-reentrant model
  1684 ;;
  1685                           
  1686                           	psect	text4
  1687   007BF4                     __ptext4:
  1688                           	callstack 0
  1689   007BF4                     _OLED_Clear:
  1690                           	callstack 26
  1691   007BF4                     
  1692                           ;ssd1306.c: 45:     unsigned char page, col;;ssd1306.c: 46:     for(page = 0; page < 8; 
      +                          page++) {
  1693   007BF4  6A06               	clrf	OLED_Clear@page^0,c
  1694   007BF6                     l1071:
  1695                           
  1696                           ;ssd1306.c: 47:         OLED_SetCursor(page, 0);
  1697   007BF6  0E00               	movlw	0
  1698   007BF8  6E03               	movwf	OLED_SetCursor@col^0,c
  1699   007BFA  5006               	movf	OLED_Clear@page^0,w,c
  1700   007BFC  ECEB  F03D         	call	_OLED_SetCursor
  1701   007C00                     
  1702                           ;ssd1306.c: 48:         for(col = 0; col < 128; col++) {
  1703   007C00  6A05               	clrf	OLED_Clear@col^0,c
  1704   007C02                     l1079:
  1705                           
  1706                           ;ssd1306.c: 49:             OLED_Data(0x00);
  1707   007C02  0E00               	movlw	0
  1708   007C04  ECCD  F03D         	call	_OLED_Data
  1709   007C08                     
  1710                           ;ssd1306.c: 50:         }
  1711   007C08  2A05               	incf	OLED_Clear@col^0,f,c
  1712   007C0A  0E7F               	movlw	127
  1713   007C0C  6405               	cpfsgt	OLED_Clear@col^0,c
  1714   007C0E  EF0B  F03E         	goto	u121
  1715   007C12  EF0D  F03E         	goto	u120
  1716   007C16                     u121:
  1717   007C16  EF01  F03E         	goto	l1079
  1718   007C1A                     u120:
  1719   007C1A                     
  1720                           ;ssd1306.c: 51:     }
  1721   007C1A  2A06               	incf	OLED_Clear@page^0,f,c
  1722   007C1C  0E07               	movlw	7
  1723   007C1E  6406               	cpfsgt	OLED_Clear@page^0,c
  1724   007C20  EF14  F03E         	goto	u131
  1725   007C24  EF16  F03E         	goto	u130
  1726   007C28                     u131:
  1727   007C28  EFFB  F03D         	goto	l1071
  1728   007C2C                     u130:
  1729   007C2C  0012               	return		;funcret
  1730   007C2E                     __end_of_OLED_Clear:
  1731                           	callstack 0
  1732                           
  1733 ;; *************** function _OLED_SetCursor *****************
  1734 ;; Defined at:
  1735 ;;		line 54 in file "ssd1306.c"
  1736 ;; Parameters:    Size  Location     Type
  1737 ;;  page            1    wreg     unsigned char 
  1738 ;;  col             1    2[COMRAM] unsigned char 
  1739 ;; Auto vars:     Size  Location     Type
  1740 ;;  page            1    3[COMRAM] unsigned char 
  1741 ;; Return value:  Size  Location     Type
  1742 ;;                  1    wreg      void 
  1743 ;; Registers used:
  1744 ;;		wreg, status,2, status,0, cstack
  1745 ;; Tracked objects:
  1746 ;;		On entry : 0/0
  1747 ;;		On exit  : 0/0
  1748 ;;		Unchanged: 0/0
  1749 ;; Data sizes:     COMRAM   BANK0   BANK1   BANK2   BANK3   BANK4   BANK5   BANK6   BANK7
  1750 ;;      Params:         1       0       0       0       0       0       0       0       0
  1751 ;;      Locals:         1       0       0       0       0       0       0       0       0
  1752 ;;      Temps:          0       0       0       0       0       0       0       0       0
  1753 ;;      Totals:         2       0       0       0       0       0       0       0       0
  1754 ;;Total ram usage:        2 bytes
  1755 ;; Hardware stack levels used: 1
  1756 ;; This function calls:
  1757 ;;		_OLED_Cmd
  1758 ;; This function is called by:
  1759 ;;		_OLED_Clear
  1760 ;;		_OLED_Print
  1761 ;; This function uses a non-reentrant model
  1762 ;;
  1763                           
  1764                           	psect	text5
  1765   007BD6                     __ptext5:
  1766                           	callstack 0
  1767   007BD6                     _OLED_SetCursor:
  1768                           	callstack 28
  1769                           
  1770                           ;incstack = 0
  1771                           ;OLED_SetCursor@page stored from wreg
  1772   007BD6  6E04               	movwf	OLED_SetCursor@page^0,c
  1773   007BD8                     
  1774                           ;ssd1306.c: 55:     OLED_Cmd(0xB0 + page);
  1775   007BD8  5004               	movf	OLED_SetCursor@page^0,w,c
  1776   007BDA  0FB0               	addlw	176
  1777   007BDC  ECDC  F03D         	call	_OLED_Cmd
  1778                           
  1779                           ;ssd1306.c: 56:     OLED_Cmd(0x00 + (col & 0x0F));
  1780   007BE0  5003               	movf	OLED_SetCursor@col^0,w,c
  1781   007BE2  0B0F               	andlw	15
  1782   007BE4  ECDC  F03D         	call	_OLED_Cmd
  1783                           
  1784                           ;ssd1306.c: 57:     OLED_Cmd(0x10 + (col >> 4));
  1785   007BE8  3803               	swapf	OLED_SetCursor@col^0,w,c
  1786   007BEA  0B0F               	andlw	15
  1787   007BEC  0F10               	addlw	16
  1788   007BEE  ECDC  F03D         	call	_OLED_Cmd
  1789   007BF2  0012               	return		;funcret
  1790   007BF4                     __end_of_OLED_SetCursor:
  1791                           	callstack 0
  1792                           
  1793 ;; *************** function _OLED_Cmd *****************
  1794 ;; Defined at:
  1795 ;;		line 5 in file "ssd1306.c"
  1796 ;; Parameters:    Size  Location     Type
  1797 ;;  cmd             1    wreg     unsigned char 
  1798 ;; Auto vars:     Size  Location     Type
  1799 ;;  cmd             1    1[COMRAM] unsigned char 
  1800 ;; Return value:  Size  Location     Type
  1801 ;;                  1    wreg      void 
  1802 ;; Registers used:
  1803 ;;		wreg, status,2, cstack
  1804 ;; Tracked objects:
  1805 ;;		On entry : 0/0
  1806 ;;		On exit  : 0/0
  1807 ;;		Unchanged: 0/0
  1808 ;; Data sizes:     COMRAM   BANK0   BANK1   BANK2   BANK3   BANK4   BANK5   BANK6   BANK7
  1809 ;;      Params:         0       0       0       0       0       0       0       0       0
  1810 ;;      Locals:         1       0       0       0       0       0       0       0       0
  1811 ;;      Temps:          0       0       0       0       0       0       0       0       0
  1812 ;;      Totals:         1       0       0       0       0       0       0       0       0
  1813 ;;Total ram usage:        1 bytes
  1814 ;; Hardware stack levels used: 1
  1815 ;; This function calls:
  1816 ;;		_I2C_Start
  1817 ;;		_I2C_Stop
  1818 ;;		_I2C_Write
  1819 ;; This function is called by:
  1820 ;;		_OLED_Init
  1821 ;;		_OLED_SetCursor
  1822 ;; This function uses a non-reentrant model
  1823 ;;
  1824                           
  1825                           	psect	text6
  1826   007BB8                     __ptext6:
  1827                           	callstack 0
  1828   007BB8                     _OLED_Cmd:
  1829                           	callstack 27
  1830                           
  1831                           ;incstack = 0
  1832                           ;OLED_Cmd@cmd stored from wreg
  1833   007BB8  6E02               	movwf	OLED_Cmd@cmd^0,c
  1834   007BBA                     
  1835                           ;ssd1306.c: 6:     I2C_Start();
  1836   007BBA  ECA2  F03D         	call	_I2C_Start	;wreg free
  1837   007BBE                     
  1838                           ;ssd1306.c: 7:     I2C_Write(0x78);
  1839   007BBE  0E78               	movlw	120
  1840   007BC0  ECBF  F03D         	call	_I2C_Write
  1841   007BC4                     
  1842                           ;ssd1306.c: 8:     I2C_Write(0x00);
  1843   007BC4  0E00               	movlw	0
  1844   007BC6  ECBF  F03D         	call	_I2C_Write
  1845   007BCA                     
  1846                           ;ssd1306.c: 9:     I2C_Write(cmd);
  1847   007BCA  5002               	movf	OLED_Cmd@cmd^0,w,c
  1848   007BCC  ECBF  F03D         	call	_I2C_Write
  1849   007BD0                     
  1850                           ;ssd1306.c: 10:     I2C_Stop();
  1851   007BD0  ECAB  F03D         	call	_I2C_Stop	;wreg free
  1852   007BD4  0012               	return		;funcret
  1853   007BD6                     __end_of_OLED_Cmd:
  1854                           	callstack 0
  1855                           
  1856 ;; *************** function _OLED_Data *****************
  1857 ;; Defined at:
  1858 ;;		line 13 in file "ssd1306.c"
  1859 ;; Parameters:    Size  Location     Type
  1860 ;;  data            1    wreg     unsigned char 
  1861 ;; Auto vars:     Size  Location     Type
  1862 ;;  data            1    1[COMRAM] unsigned char 
  1863 ;; Return value:  Size  Location     Type
  1864 ;;                  1    wreg      void 
  1865 ;; Registers used:
  1866 ;;		wreg, status,2, cstack
  1867 ;; Tracked objects:
  1868 ;;		On entry : 0/0
  1869 ;;		On exit  : 0/0
  1870 ;;		Unchanged: 0/0
  1871 ;; Data sizes:     COMRAM   BANK0   BANK1   BANK2   BANK3   BANK4   BANK5   BANK6   BANK7
  1872 ;;      Params:         0       0       0       0       0       0       0       0       0
  1873 ;;      Locals:         1       0       0       0       0       0       0       0       0
  1874 ;;      Temps:          0       0       0       0       0       0       0       0       0
  1875 ;;      Totals:         1       0       0       0       0       0       0       0       0
  1876 ;;Total ram usage:        1 bytes
  1877 ;; Hardware stack levels used: 1
  1878 ;; This function calls:
  1879 ;;		_I2C_Start
  1880 ;;		_I2C_Stop
  1881 ;;		_I2C_Write
  1882 ;; This function is called by:
  1883 ;;		_OLED_Clear
  1884 ;;		_OLED_SendChar
  1885 ;; This function uses a non-reentrant model
  1886 ;;
  1887                           
  1888                           	psect	text7
  1889   007B9A                     __ptext7:
  1890                           	callstack 0
  1891   007B9A                     _OLED_Data:
  1892                           	callstack 28
  1893                           
  1894                           ;incstack = 0
  1895                           ;OLED_Data@data stored from wreg
  1896   007B9A  6E02               	movwf	OLED_Data@data^0,c
  1897   007B9C                     
  1898                           ;ssd1306.c: 14:     I2C_Start();
  1899   007B9C  ECA2  F03D         	call	_I2C_Start	;wreg free
  1900   007BA0                     
  1901                           ;ssd1306.c: 15:     I2C_Write(0x78);
  1902   007BA0  0E78               	movlw	120
  1903   007BA2  ECBF  F03D         	call	_I2C_Write
  1904   007BA6                     
  1905                           ;ssd1306.c: 16:     I2C_Write(0x40);
  1906   007BA6  0E40               	movlw	64
  1907   007BA8  ECBF  F03D         	call	_I2C_Write
  1908   007BAC                     
  1909                           ;ssd1306.c: 17:     I2C_Write(data);
  1910   007BAC  5002               	movf	OLED_Data@data^0,w,c
  1911   007BAE  ECBF  F03D         	call	_I2C_Write
  1912   007BB2                     
  1913                           ;ssd1306.c: 18:     I2C_Stop();
  1914   007BB2  ECAB  F03D         	call	_I2C_Stop	;wreg free
  1915   007BB6  0012               	return		;funcret
  1916   007BB8                     __end_of_OLED_Data:
  1917                           	callstack 0
  1918                           
  1919 ;; *************** function _I2C_Write *****************
  1920 ;; Defined at:
  1921 ;;		line 28 in file "i2c.c"
  1922 ;; Parameters:    Size  Location     Type
  1923 ;;  data            1    wreg     unsigned char 
  1924 ;; Auto vars:     Size  Location     Type
  1925 ;;  data            1    0[COMRAM] unsigned char 
  1926 ;; Return value:  Size  Location     Type
  1927 ;;                  1    wreg      unsigned char 
  1928 ;; Registers used:
  1929 ;;		wreg
  1930 ;; Tracked objects:
  1931 ;;		On entry : 0/0
  1932 ;;		On exit  : 0/0
  1933 ;;		Unchanged: 0/0
  1934 ;; Data sizes:     COMRAM   BANK0   BANK1   BANK2   BANK3   BANK4   BANK5   BANK6   BANK7
  1935 ;;      Params:         0       0       0       0       0       0       0       0       0
  1936 ;;      Locals:         1       0       0       0       0       0       0       0       0
  1937 ;;      Temps:          0       0       0       0       0       0       0       0       0
  1938 ;;      Totals:         1       0       0       0       0       0       0       0       0
  1939 ;;Total ram usage:        1 bytes
  1940 ;; Hardware stack levels used: 1
  1941 ;; This function calls:
  1942 ;;		Nothing
  1943 ;; This function is called by:
  1944 ;;		_OLED_Cmd
  1945 ;;		_OLED_Data
  1946 ;; This function uses a non-reentrant model
  1947 ;;
  1948                           
  1949                           	psect	text8
  1950   007B7E                     __ptext8:
  1951                           	callstack 0
  1952   007B7E                     _I2C_Write:
  1953                           	callstack 26
  1954                           
  1955                           ;incstack = 0
  1956                           ;I2C_Write@data stored from wreg
  1957   007B7E  6E01               	movwf	I2C_Write@data^0,c
  1958   007B80                     
  1959                           ;i2c.c: 29:     PIR1bits.SSPIF = 0;
  1960   007B80  969E               	bcf	158,3,c	;volatile
  1961   007B82                     
  1962                           ;i2c.c: 30:     SSPBUF = data;
  1963   007B82  C001  FFC9         	movff	I2C_Write@data,4041	;volatile
  1964   007B86                     l67:
  1965   007B86  A69E               	btfss	158,3,c	;volatile
  1966   007B88  EFC8  F03D         	goto	u31
  1967   007B8C  EFCA  F03D         	goto	u30
  1968   007B90                     u31:
  1969   007B90  EFC3  F03D         	goto	l67
  1970   007B94                     u30:
  1971   007B94                     
  1972                           ;i2c.c: 32:     PIR1bits.SSPIF = 0;
  1973   007B94  969E               	bcf	158,3,c	;volatile
  1974                           
  1975                           ;i2c.c: 33:     return SSPCON2bits.ACKSTAT;;	Return value of _I2C_Write is never used
  1976   007B96  50C5               	movf	197,w,c	;volatile
  1977   007B98  0012               	return		;funcret
  1978   007B9A                     __end_of_I2C_Write:
  1979                           	callstack 0
  1980                           
  1981 ;; *************** function _I2C_Stop *****************
  1982 ;; Defined at:
  1983 ;;		line 18 in file "i2c.c"
  1984 ;; Parameters:    Size  Location     Type
  1985 ;;		None
  1986 ;; Auto vars:     Size  Location     Type
  1987 ;;		None
  1988 ;; Return value:  Size  Location     Type
  1989 ;;                  1    wreg      void 
  1990 ;; Registers used:
  1991 ;;		None
  1992 ;; Tracked objects:
  1993 ;;		On entry : 0/0
  1994 ;;		On exit  : 0/0
  1995 ;;		Unchanged: 0/0
  1996 ;; Data sizes:     COMRAM   BANK0   BANK1   BANK2   BANK3   BANK4   BANK5   BANK6   BANK7
  1997 ;;      Params:         0       0       0       0       0       0       0       0       0
  1998 ;;      Locals:         0       0       0       0       0       0       0       0       0
  1999 ;;      Temps:          0       0       0       0       0       0       0       0       0
  2000 ;;      Totals:         0       0       0       0       0       0       0       0       0
  2001 ;;Total ram usage:        0 bytes
  2002 ;; Hardware stack levels used: 1
  2003 ;; This function calls:
  2004 ;;		Nothing
  2005 ;; This function is called by:
  2006 ;;		_OLED_Cmd
  2007 ;;		_OLED_Data
  2008 ;; This function uses a non-reentrant model
  2009 ;;
  2010                           
  2011                           	psect	text9
  2012   007B56                     __ptext9:
  2013                           	callstack 0
  2014   007B56                     _I2C_Stop:
  2015                           	callstack 26
  2016   007B56                     
  2017                           ;i2c.c: 19:     SSPCON2bits.PEN = 1;
  2018   007B56  84C5               	bsf	197,2,c	;volatile
  2019   007B58                     l55:
  2020   007B58  B4C5               	btfsc	197,2,c	;volatile
  2021   007B5A  EFB1  F03D         	goto	u21
  2022   007B5E  EFB3  F03D         	goto	u20
  2023   007B62                     u21:
  2024   007B62  EFAC  F03D         	goto	l55
  2025   007B66                     u20:
  2026   007B66  0012               	return		;funcret
  2027   007B68                     __end_of_I2C_Stop:
  2028                           	callstack 0
  2029                           
  2030 ;; *************** function _I2C_Start *****************
  2031 ;; Defined at:
  2032 ;;		line 13 in file "i2c.c"
  2033 ;; Parameters:    Size  Location     Type
  2034 ;;		None
  2035 ;; Auto vars:     Size  Location     Type
  2036 ;;		None
  2037 ;; Return value:  Size  Location     Type
  2038 ;;                  1    wreg      void 
  2039 ;; Registers used:
  2040 ;;		None
  2041 ;; Tracked objects:
  2042 ;;		On entry : 0/0
  2043 ;;		On exit  : 0/0
  2044 ;;		Unchanged: 0/0
  2045 ;; Data sizes:     COMRAM   BANK0   BANK1   BANK2   BANK3   BANK4   BANK5   BANK6   BANK7
  2046 ;;      Params:         0       0       0       0       0       0       0       0       0
  2047 ;;      Locals:         0       0       0       0       0       0       0       0       0
  2048 ;;      Temps:          0       0       0       0       0       0       0       0       0
  2049 ;;      Totals:         0       0       0       0       0       0       0       0       0
  2050 ;;Total ram usage:        0 bytes
  2051 ;; Hardware stack levels used: 1
  2052 ;; This function calls:
  2053 ;;		Nothing
  2054 ;; This function is called by:
  2055 ;;		_OLED_Cmd
  2056 ;;		_OLED_Data
  2057 ;; This function uses a non-reentrant model
  2058 ;;
  2059                           
  2060                           	psect	text10
  2061   007B44                     __ptext10:
  2062                           	callstack 0
  2063   007B44                     _I2C_Start:
  2064                           	callstack 26
  2065   007B44                     
  2066                           ;i2c.c: 14:     SSPCON2bits.SEN = 1;
  2067   007B44  80C5               	bsf	197,0,c	;volatile
  2068   007B46                     l49:
  2069   007B46  B0C5               	btfsc	197,0,c	;volatile
  2070   007B48  EFA8  F03D         	goto	u11
  2071   007B4C  EFAA  F03D         	goto	u10
  2072   007B50                     u11:
  2073   007B50  EFA3  F03D         	goto	l49
  2074   007B54                     u10:
  2075   007B54  0012               	return		;funcret
  2076   007B56                     __end_of_I2C_Start:
  2077                           	callstack 0
  2078                           
  2079 ;; *************** function _I2C_Init *****************
  2080 ;; Defined at:
  2081 ;;		line 3 in file "i2c.c"
  2082 ;; Parameters:    Size  Location     Type
  2083 ;;		None
  2084 ;; Auto vars:     Size  Location     Type
  2085 ;;		None
  2086 ;; Return value:  Size  Location     Type
  2087 ;;                  1    wreg      void 
  2088 ;; Registers used:
  2089 ;;		wreg, status,2
  2090 ;; Tracked objects:
  2091 ;;		On entry : 0/0
  2092 ;;		On exit  : 0/0
  2093 ;;		Unchanged: 0/0
  2094 ;; Data sizes:     COMRAM   BANK0   BANK1   BANK2   BANK3   BANK4   BANK5   BANK6   BANK7
  2095 ;;      Params:         0       0       0       0       0       0       0       0       0
  2096 ;;      Locals:         0       0       0       0       0       0       0       0       0
  2097 ;;      Temps:          0       0       0       0       0       0       0       0       0
  2098 ;;      Totals:         0       0       0       0       0       0       0       0       0
  2099 ;;Total ram usage:        0 bytes
  2100 ;; Hardware stack levels used: 1
  2101 ;; This function calls:
  2102 ;;		Nothing
  2103 ;; This function is called by:
  2104 ;;		_main
  2105 ;; This function uses a non-reentrant model
  2106 ;;
  2107                           
  2108                           	psect	text11
  2109   007B68                     __ptext11:
  2110                           	callstack 0
  2111   007B68                     _I2C_Init:
  2112                           	callstack 30
  2113   007B68                     
  2114                           ;i2c.c: 4:     TRISB1 = 1;
  2115   007B68  8293               	bsf	3987,1,c	;volatile
  2116                           
  2117                           ;i2c.c: 5:     TRISB0 = 1;
  2118   007B6A  8093               	bsf	3987,0,c	;volatile
  2119   007B6C                     
  2120                           ;i2c.c: 6:     SSPCON1 = 0x28;
  2121   007B6C  0E28               	movlw	40
  2122   007B6E  6EC6               	movwf	198,c	;volatile
  2123   007B70                     
  2124                           ;i2c.c: 7:     SSPCON2 = 0x00;
  2125   007B70  6AC5               	clrf	197,c	;volatile
  2126                           
  2127                           ;i2c.c: 8:     SSPADD = 19;
  2128   007B72  0E13               	movlw	19
  2129   007B74  6EC8               	movwf	200,c	;volatile
  2130                           
  2131                           ;i2c.c: 9:     SSPSTAT = 0x80;
  2132   007B76  0E80               	movlw	128
  2133   007B78  6EC7               	movwf	199,c	;volatile
  2134   007B7A                     
  2135                           ;i2c.c: 10:     PIR1bits.SSPIF = 0;
  2136   007B7A  969E               	bcf	158,3,c	;volatile
  2137   007B7C  0012               	return		;funcret
  2138   007B7E                     __end_of_I2C_Init:
  2139                           	callstack 0
  2140                           
  2141                           	psect	rparam
  2142   000001                     ___rparam_used  equ	1
  2143   000000                     ___param_bank   equ	0
  2144   000000                     __Lparam        equ	__Lrparam
  2145   000000                     __Hparam        equ	__Hrparam
  2146                           
  2147                           	psect	config
  2148                           
  2149                           ;Config register CONFIG1L @ 0x300000
  2150                           ;	PLL Prescaler Selection bits
  2151                           ;	PLLDIV = 1, No prescale (4 MHz oscillator input drives PLL directly)
  2152                           ;	System Clock Postscaler Selection bits
  2153                           ;	CPUDIV = OSC1_PLL2, [Primary Oscillator Src: /1][96 MHz PLL Src: /2]
  2154                           ;	USB Clock Selection bit (used in Full-Speed USB mode only; UCFG:FSEN = 1)
  2155                           ;	USBDIV = 0x0, unprogrammed default
  2156   300000                     	org	3145728
  2157   300000  00                 	db	0
  2158                           
  2159                           ;Config register CONFIG1H @ 0x300001
  2160                           ;	Oscillator Selection bits
  2161                           ;	FOSC = INTOSC_HS, Internal oscillator, HS oscillator used by USB (INTHS)
  2162                           ;	Fail-Safe Clock Monitor Enable bit
  2163                           ;	FCMEN = 0x0, unprogrammed default
  2164                           ;	Internal/External Oscillator Switchover bit
  2165                           ;	IESO = 0x0, unprogrammed default
  2166   300001                     	org	3145729
  2167   300001  0B                 	db	11
  2168                           
  2169                           ;Config register CONFIG2L @ 0x300002
  2170                           ;	Power-up Timer Enable bit
  2171                           ;	PWRT = ON, PWRT enabled
  2172                           ;	Brown-out Reset Enable bits
  2173                           ;	BOR = OFF, Brown-out Reset disabled in hardware and software
  2174                           ;	Brown-out Reset Voltage bits
  2175                           ;	BORV = 0x3, unprogrammed default
  2176                           ;	USB Voltage Regulator Enable bit
  2177                           ;	VREGEN = 0x0, unprogrammed default
  2178   300002                     	org	3145730
  2179   300002  18                 	db	24
  2180                           
  2181                           ;Config register CONFIG2H @ 0x300003
  2182                           ;	Watchdog Timer Enable bit
  2183                           ;	WDT = OFF, WDT disabled (control is placed on the SWDTEN bit)
  2184                           ;	Watchdog Timer Postscale Select bits
  2185                           ;	WDTPS = 0xF, unprogrammed default
  2186   300003                     	org	3145731
  2187   300003  1E                 	db	30
  2188                           
  2189                           ; Padding undefined space
  2190   300004                     	org	3145732
  2191   300004  FF                 	db	255
  2192                           
  2193                           ;Config register CONFIG3H @ 0x300005
  2194                           ;	CCP2 MUX bit
  2195                           ;	CCP2MX = 0x1, unprogrammed default
  2196                           ;	PORTB A/D Enable bit
  2197                           ;	PBADEN = OFF, PORTB<4:0> pins are configured as digital I/O on Reset
  2198                           ;	Low-Power Timer 1 Oscillator Enable bit
  2199                           ;	LPT1OSC = 0x0, unprogrammed default
  2200                           ;	MCLR Pin Enable bit
  2201                           ;	MCLRE = ON, MCLR pin enabled; RE3 input pin disabled
  2202   300005                     	org	3145733
  2203   300005  81                 	db	129
  2204                           
  2205                           ;Config register CONFIG4L @ 0x300006
  2206                           ;	Stack Full/Underflow Reset Enable bit
  2207                           ;	STVREN = 0x1, unprogrammed default
  2208                           ;	Single-Supply ICSP Enable bit
  2209                           ;	LVP = OFF, Single-Supply ICSP disabled
  2210                           ;	Dedicated In-Circuit Debug/Programming Port (ICPORT) Enable bit
  2211                           ;	ICPRT = 0x0, unprogrammed default
  2212                           ;	Extended Instruction Set Enable bit
  2213                           ;	XINST = 0x0, unprogrammed default
  2214                           ;	Background Debugger Enable bit
  2215                           ;	DEBUG = OFF, Background debugger disabled, RB6 and RB7 configured as general purpose I
      +                          /O pins
  2216   300006                     	org	3145734
  2217   300006  81                 	db	129
  2218                           
  2219                           ; Padding undefined space
  2220   300007                     	org	3145735
  2221   300007  FF                 	db	255
  2222                           tosu	equ	0xFFF
  2223                           tosh	equ	0xFFE
  2224                           tosl	equ	0xFFD
  2225                           stkptr	equ	0xFFC
  2226                           pclatu	equ	0xFFB
  2227                           pclath	equ	0xFFA
  2228                           pcl	equ	0xFF9
  2229                           tblptru	equ	0xFF8
  2230                           tblptrh	equ	0xFF7
  2231                           tblptrl	equ	0xFF6
  2232                           tablat	equ	0xFF5
  2233                           prodh	equ	0xFF4
  2234                           prodl	equ	0xFF3
  2235                           indf0	equ	0xFEF
  2236                           postinc0	equ	0xFEE
  2237                           postdec0	equ	0xFED
  2238                           preinc0	equ	0xFEC
  2239                           plusw0	equ	0xFEB
  2240                           fsr0h	equ	0xFEA
  2241                           fsr0l	equ	0xFE9
  2242                           wreg	equ	0xFE8
  2243                           indf1	equ	0xFE7
  2244                           postinc1	equ	0xFE6
  2245                           postdec1	equ	0xFE5
  2246                           preinc1	equ	0xFE4
  2247                           plusw1	equ	0xFE3
  2248                           fsr1h	equ	0xFE2
  2249                           fsr1l	equ	0xFE1
  2250                           bsr	equ	0xFE0
  2251                           indf2	equ	0xFDF
  2252                           postinc2	equ	0xFDE
  2253                           postdec2	equ	0xFDD
  2254                           preinc2	equ	0xFDC
  2255                           plusw2	equ	0xFDB
  2256                           fsr2h	equ	0xFDA
  2257                           fsr2l	equ	0xFD9
  2258                           status	equ	0xFD8

Data Sizes:
    Strings     36
    Constant    475
    Data        0
    BSS         0
    Persistent  0
    Stack       0

Auto Spaces:
    Space          Size  Autos    Used
    COMRAM           95     12      12
    BANK0           160      0       0
    BANK1           256      0       0
    BANK2           256      0       0
    BANK3           256      0       0
    BANK4           256      0       0
    BANK5           256      0       0
    BANK6           256      0       0
    BANK7           256      0       0

Pointer List with Targets:

    OLED_Print@str	PTR const unsigned char  size(2) Largest target is 13
		 -> STR_1(CODE[12]), STR_2(CODE[11]), STR_3(CODE[13]), 


Critical Paths under _main in COMRAM

    _main->_OLED_Print
    _OLED_Print->_OLED_SendChar
    _OLED_SendChar->_OLED_Data
    _OLED_Init->_OLED_Clear
    _OLED_Clear->_OLED_SetCursor
    _OLED_SetCursor->_OLED_Cmd
    _OLED_Cmd->_I2C_Write
    _OLED_Data->_I2C_Write

Critical Paths under _main in BANK0

    None.

Critical Paths under _main in BANK1

    None.

Critical Paths under _main in BANK2

    None.

Critical Paths under _main in BANK3

    None.

Critical Paths under _main in BANK4

    None.

Critical Paths under _main in BANK5

    None.

Critical Paths under _main in BANK6

    None.

Critical Paths under _main in BANK7

    None.

Call Graph Tables:

 ---------------------------------------------------------------------------------
 (Depth) Function   	        Calls       Base Space   Used Autos Params    Refs
 ---------------------------------------------------------------------------------
 (0) _main                                                 0     0      0     606
                           _I2C_Init
                          _OLED_Init
                         _OLED_Print
 ---------------------------------------------------------------------------------
 (1) _OLED_Print                                           4     1      3     327
                                              8 COMRAM     4     1      3
                      _OLED_SendChar
                     _OLED_SetCursor
 ---------------------------------------------------------------------------------
 (2) _OLED_SendChar                                        6     6      0     120
                                              2 COMRAM     6     6      0
                          _OLED_Data
 ---------------------------------------------------------------------------------
 (1) _OLED_Init                                            2     2      0     279
                                              6 COMRAM     2     2      0
                         _OLED_Clear
                           _OLED_Cmd
 ---------------------------------------------------------------------------------
 (2) _OLED_Clear                                           2     2      0     249
                                              4 COMRAM     2     2      0
                          _OLED_Data
                     _OLED_SetCursor
 ---------------------------------------------------------------------------------
 (3) _OLED_SetCursor                                       2     1      1     105
                                              2 COMRAM     2     1      1
                           _OLED_Cmd
 ---------------------------------------------------------------------------------
 (4) _OLED_Cmd                                             1     1      0      30
                                              1 COMRAM     1     1      0
                          _I2C_Start
                           _I2C_Stop
                          _I2C_Write
 ---------------------------------------------------------------------------------
 (3) _OLED_Data                                            1     1      0      30
                                              1 COMRAM     1     1      0
                          _I2C_Start
                           _I2C_Stop
                          _I2C_Write
 ---------------------------------------------------------------------------------
 (5) _I2C_Write                                            1     1      0      15
                                              0 COMRAM     1     1      0
 ---------------------------------------------------------------------------------
 (5) _I2C_Stop                                             0     0      0       0
 ---------------------------------------------------------------------------------
 (5) _I2C_Start                                            0     0      0       0
 ---------------------------------------------------------------------------------
 (1) _I2C_Init                                             0     0      0       0
 ---------------------------------------------------------------------------------
 Estimated maximum stack depth 5
 ---------------------------------------------------------------------------------

 Call Graph Graphs:

 _main (ROOT)
   _I2C_Init
   _OLED_Init
     _OLED_Clear
       _OLED_Data
         _I2C_Start
         _I2C_Stop
         _I2C_Write
       _OLED_SetCursor
         _OLED_Cmd
           _I2C_Start
           _I2C_Stop
           _I2C_Write
     _OLED_Cmd
   _OLED_Print
     _OLED_SendChar
       _OLED_Data
     _OLED_SetCursor

Address spaces:
Name               Size   Autos  Total    Usage
BITCOMRAM           95      0       0      0.0%
BITBANK0           160      0       0      0.0%
BITBANK1           256      0       0      0.0%
BITBANK2           256      0       0      0.0%
BITBANK3           256      0       0      0.0%
BITBANK4           256      0       0      0.0%
BITBANK5           256      0       0      0.0%
BITBANK6           256      0       0      0.0%
BITBANK7           256      0       0      0.0%
BITBIGSFRh          56      0       0      0.0%
BITBIGSFRll         51      0       0      0.0%
BITBIGSFRlh         51      0       0      0.0%
COMRAM              95     12      12     12.6%
BANK0              160      0       0      0.0%
BANK1              256      0       0      0.0%
BANK2              256      0       0      0.0%
BANK3              256      0       0      0.0%
BANK4              256      0       0      0.0%
BANK5              256      0       0      0.0%
BANK6              256      0       0      0.0%
BANK7              256      0       0      0.0%
BIGRAM            2047      0       0      0.0%
STACK                0      0       0      0.0%
DATA                 0      0      12      0.0%


Microchip Technology PIC18 Macro Assembler V3.10 build 20250813170317 
Symbol Table                                                                                   Mon May  4 12:10:24 2026

                     l22 7CC8                       l23 7CC8                       l19 7C74  
                     l52 7B54                       l46 7B7C                       l70 7B98  
                     l55 7B58                       l49 7B46                       l58 7B66  
                     l90 7BB6                       l67 7B86                       l69 7B94  
                     l93 7DF8                       l87 7BD4                       u10 7B54  
                     u11 7B50                       u20 7B66                       u21 7B62  
                     u30 7B94                       u31 7B90                       u60 7CE2  
                     u61 7CDE                       u70 7CF2                       u71 7CEE  
                     u80 7D3E                       u81 7D3A                      l100 7C2C  
                    l103 7BF2                      l111 7D44                      l117 7C6E  
                    l903 7B44                      l911 7BBA                      l905 7B56  
                    l921 7B9C                      l913 7BBE                      l907 7B80  
                    l923 7BA0                      l915 7BC4                      l909 7B82  
                    l925 7BA6                      l917 7BCA                      l927 7BAC  
                    l919 7BD0                      l929 7BB2                      l961 7CF2  
                    l971 7D2C                      l963 7CF6                      l981 7B70  
                    l973 7D2E                      l957 7CD2                      l983 7B7A  
                    l975 7D3E                      l959 7CE2                      l977 7B68  
                    l969 7CF8                      l979 7B6C                      u120 7C1A  
                    u121 7C16                      u130 7C2C                      u131 7C28  
                    u140 7C6E                      u141 7C6A                      u150 7C82  
                    u151 7C7E                      u167 7D50         ??_OLED_SetCursor 0004  
                    prod 0FF3                      wreg 0FE8                     l1101 7D7C  
                   l1111 7D9A                     l1103 7D82                     l1121 7DB8  
                   l1113 7DA0                     l1105 7D88                     l1131 7DD6  
                   l1123 7DBE                     l1115 7DA6                     l1107 7D8E  
                   l1141 7DF4                     l1133 7DDC                     l1125 7DC4  
                   l1117 7DAC                     l1109 7D94                     l1063 7BD8  
                   l1071 7BF6                     l1135 7DE2                     l1127 7DCA  
                   l1119 7DB2                     l1143 7C30                     l1151 7C70  
                   l1081 7C08                     l1073 7C00                     l1065 7BF4  
                   l1137 7DE8                     l1129 7DD0                     l1145 7C3E  
                   l1161 7CA4                     l1153 7C82                     l1083 7C0A  
                   l1139 7DEE                     l1091 7D5E                     l1147 7C4E  
                   l1163 7CB6                     l1155 7C8A                     l1085 7C1A  
                   l1093 7D64                     l1149 7C52                     l1157 7C8E  
                   l1087 7C1C                     l1079 7C02                     l1095 7D6A  
                   l1159 7C92                     l1097 7D70                     l1089 7D46  
                   l1099 7D76                     STR_1 7FE3                     STR_2 7FEF  
                   STR_3 7FD6              ?_OLED_Clear 0001              ?_OLED_Print 0009  
                   _main 7C70         __end_of_I2C_Init 7B7E         __end_of_I2C_Stop 7B68  
                   prodl 0FF3                     start 7FFC             ___param_bank 0000  
                  ?_main 0001                    _CMCON 0FB4         __end_of_OLED_Cmd 7BD6  
        __end_of_font5x8 7FD6        __end_of_I2C_Start 7B56        __end_of_I2C_Write 7B9A  
                  tablat 0FF5                    status 0FD8          __initialization 7B3A  
           __end_of_main 7CD0                   ??_main 000D            __activetblptr 0002  
                 _ADCON1 0FC1        __end_of_OLED_Data 7BB8        __end_of_OLED_Init 7DFA  
                 _OSCCON 0FD3                   _SSPADD 0FC8                   _TRISB0 7C98  
                 _TRISB1 7C99                   _SSPBUF 0FC9              OLED_Cmd@cmd 0002  
                 isa$std 0001                ?_I2C_Init 0001                ?_I2C_Stop 0001  
           __mediumconst 7DFA                   tblptrh 0FF7                   tblptrl 0FF6  
                 tblptru 0FF8               __accesstop 0060  __end_of__initialization 7B3A  
          ___rparam_used 0001                ?_OLED_Cmd 0001           __pcstackCOMRAM 0001  
             ??_I2C_Init 0001               ??_I2C_Stop 0001             ??_OLED_Clear 0005  
           ??_OLED_Print 000C            _OLED_SendChar 7CD0               ??_OLED_Cmd 0002  
     __end_of_OLED_Clear 7C2E       __end_of_OLED_Print 7C70                  _SSPCON1 0FC6  
                _SSPCON2 0FC5                  _SSPSTAT 0FC7           ?_OLED_SendChar 0001  
              _I2C_Start 7B44                _I2C_Write 7B7E                  __Hparam 0000  
                __Lparam 0000       OLED_SetCursor@page 0004                  __pcinit 7B3A  
                __ramtop 0800                  __ptext0 7C70                  __ptext1 7C2E  
                __ptext2 7CD0                  __ptext3 7D46                  __ptext4 7BF4  
                __ptext5 7BD6                  __ptext6 7BB8                  __ptext7 7B9A  
                __ptext8 7B7E                  __ptext9 7B56                  _font5x8 7DFB  
   end_of_initialization 7B3A            __Lmediumconst 7DFA                _OLED_Data 7B9A  
              _OLED_Init 7D46               ?_I2C_Start 0001               ?_I2C_Write 0001  
        ??_OLED_SendChar 0003               ?_OLED_Data 0001               ?_OLED_Init 0001  
    start_initialization 7B3A              ??_I2C_Start 0001              ??_I2C_Write 0001  
         _OLED_SetCursor 7BD6              ??_OLED_Data 0002              ??_OLED_Init 0007  
          __pmediumconst 7DFA              __smallconst 7DFA                 _I2C_Init 7B68  
               _I2C_Stop 7B56        OLED_SetCursor@col 0003   __end_of_OLED_SetCursor 7BF4  
         OLED_Clear@page 0006                 _OLED_Cmd 7BB8                 _PIR1bits 0F9E  
        ?_OLED_SetCursor 0003                 __Hrparam 0000                 __Lrparam 0000  
          I2C_Write@data 0001           OLED_SendChar@c 0007           OLED_SendChar@i 0008  
               __ptext10 7B44                 __ptext11 7B68            OLED_Data@data 0002  
  __end_of_OLED_SendChar 7D46            OLED_Clear@col 0005                 isa$xinst 0000  
         OLED_Print@page 000C               _OLED_Clear 7BF4               _OLED_Print 7C2E  
             _OSCCONbits 0FD3            OLED_Print@col 0009            OLED_Print@str 000A  
            _SSPCON2bits 0FC5  
