

Microchip MPLAB XC8 Assembler V3.10 build 20250813170317 
                                                                                               Mon May  4 18:31:28 2026

Microchip MPLAB XC8 C Compiler v3.10 (Free license) build 20250813170317 Og1 
     1                           	processor	18F4550
     2                           	fnconf	rparam,??,?,0
     3                           	pagewidth 120
     4                           	opt	flic
     5                           	psect	smallconst,global,reloc=2,class=SMALLCONST,space=0,delta=1,noexec
     6                           	psect	cinit,global,reloc=2,class=CODE,space=0,delta=1
     7                           	psect	bssCOMRAM,global,class=COMRAM,space=1,delta=1,lowdata,noexec
     8                           	psect	bssBANK0,global,class=BANK0,space=1,delta=1,lowdata,noexec
     9                           	psect	cstackBANK0,global,class=BANK0,space=1,delta=1,lowdata,noexec
    10                           	psect	cstackCOMRAM,global,class=COMRAM,space=1,delta=1,lowdata,noexec
    11                           	psect	text0,global,reloc=2,class=CODE,space=0,delta=1
    12                           	psect	text1,global,reloc=2,class=CODE,space=0,delta=1,group=3
    13                           	psect	text2,global,reloc=2,class=CODE,space=0,delta=1,group=1
    14                           	psect	text3,global,reloc=2,class=CODE,space=0,delta=1,group=1
    15                           	psect	text4,global,reloc=2,class=CODE,space=0,delta=1,group=3
    16                           	psect	text5,global,reloc=2,class=CODE,space=0,delta=1,group=3
    17                           	psect	text6,global,reloc=2,class=CODE,space=0,delta=1,group=3
    18                           	psect	text7,global,reloc=2,class=CODE,space=0,delta=1,group=2
    19                           	psect	text8,global,reloc=2,class=CODE,space=0,delta=1,group=2
    20                           	psect	text9,global,reloc=2,class=CODE,space=0,delta=1
    21                           	psect	text10,global,reloc=2,class=CODE,space=0,delta=1
    22                           	psect	text11,global,reloc=2,class=CODE,space=0,delta=1
    23                           	psect	text12,global,reloc=2,class=CODE,space=0,delta=1
    24                           	psect	text13,global,reloc=2,class=CODE,space=0,delta=1
    25                           	psect	text14,global,reloc=2,class=CODE,space=0,delta=1
    26                           	psect	text15,global,reloc=2,class=CODE,space=0,delta=1
    27                           	psect	text16,global,reloc=2,class=CODE,space=0,delta=1
    28                           	psect	text17,global,reloc=2,class=CODE,space=0,delta=1
    29                           	psect	text18,global,reloc=2,class=CODE,space=0,delta=1
    30                           	psect	text19,global,reloc=2,class=CODE,space=0,delta=1
    31                           	psect	text20,global,reloc=2,class=CODE,space=0,delta=1,group=2
    32                           	psect	text21,global,reloc=2,class=CODE,space=0,delta=1
    33                           	psect	text22,global,reloc=2,class=CODE,space=0,delta=1
    34                           	psect	text23,global,reloc=2,class=CODE,space=0,delta=1
    35                           	psect	text24,global,reloc=2,class=CODE,space=0,delta=1
    36                           	psect	text25,global,reloc=2,class=CODE,space=0,delta=1
    37                           	psect	text26,global,reloc=2,class=CODE,space=0,delta=1
    38                           	psect	text27,global,reloc=2,class=CODE,space=0,delta=1
    39                           	psect	text28,global,reloc=2,class=CODE,space=0,delta=1
    40                           	psect	text29,global,reloc=2,class=CODE,space=0,delta=1
    41                           	psect	text30,global,reloc=2,class=CODE,space=0,delta=1,group=2
    42                           	psect	text31,global,reloc=2,class=CODE,space=0,delta=1,group=2
    43                           	psect	text32,global,reloc=2,class=CODE,space=0,delta=1
    44                           	psect	text33,global,reloc=2,class=CODE,space=0,delta=1
    45                           	psect	text34,global,reloc=2,class=CODE,space=0,delta=1
    46                           	psect	text35,global,reloc=2,class=CODE,space=0,delta=1
    47                           	psect	text36,global,reloc=2,class=CODE,space=0,delta=1,group=2
    48                           	psect	text37,global,reloc=2,class=CODE,space=0,delta=1,group=2
    49                           	psect	text38,global,reloc=2,class=CODE,space=0,delta=1
    50                           	psect	text39,global,reloc=2,class=CODE,space=0,delta=1
    51                           	psect	text40,global,reloc=2,class=CODE,space=0,delta=1
    52                           	psect	text41,global,reloc=2,class=CODE,space=0,delta=1
    53                           	psect	text42,global,reloc=2,class=CODE,space=0,delta=1
    54                           	psect	intsave_regs,global,class=BIGRAM,space=1,delta=1,noexec
    55                           	psect	rparam,global,class=COMRAM,space=1,delta=1,noexec
    56                           	psect	config,global,abs,ovrld,class=CONFIG,space=4,delta=1,noexec
    57   000000                     
    58                           ; Generated 17/01/2025 GMT
    59                           ; 
    60                           ; Copyright © 2025, Microchip Technology Inc. and its subsidiaries ("Microchip")
    61                           ; All rights reserved.
    62                           ; 
    63                           ; This software is developed by Microchip Technology Inc. and its subsidiaries ("Microch
      +                          ip").
    64                           ; 
    65                           ; Redistribution and use in source and binary forms, with or without modification, are
    66                           ; permitted provided that the following conditions are met:
    67                           ; 
    68                           ;     1. Redistributions of source code must retain the above copyright notice, this lis
      +                          t of
    69                           ;        conditions and the following disclaimer.
    70                           ; 
    71                           ;     2. Redistributions in binary form must reproduce the above copyright notice, this 
      +                          list
    72                           ;        of conditions and the following disclaimer in the documentation and/or other
    73                           ;        materials provided with the distribution. Publication is not required when
    74                           ;        this file is used in an embedded application.
    75                           ; 
    76                           ;     3. Microchip's name may not be used to endorse or promote products derived from th
      +                          is
    77                           ;        software without specific prior written permission.
    78                           ; 
    79                           ; THIS SOFTWARE IS PROVIDED BY MICROCHIP "AS IS" AND ANY EXPRESS OR IMPLIED WARRANTIES,
    80                           ; INCLUDING, BUT NOT LIMITED TO, THE IMPLIED WARRANTIES OF MERCHANTABILITY AND FITNESS F
      +                          OR
    81                           ; PURPOSE ARE DISCLAIMED.  IN NO EVENT SHALL MICROCHIP BE LIABLE FOR ANY DIRECT, INDIREC
      +                          T,
    82                           ; INCIDENTAL, SPECIAL, EXEMPLARY, OR CONSEQUENTIAL DAMAGES (INCLUDING BUT NOT LIMITED TO
    83                           ; PROCUREMENT OF SUBSTITUTE GOODS OR SERVICES; LOSS OF USE, DATA OR PROFITS; OR BUSINESS
    84                           ; INTERRUPTION) HOWSOEVER CAUSED AND ON ANY THEORY OF LIABILITY, WHETHER IN CONTRACT, ST
      +                          RICT
    85                           ; LIABILITY, OR TORT (INCLUDING NEGLIGENCE OR OTHERWISE) ARISING IN ANY WAY OUT OF THE U
      +                          SE OF
    86                           ; THIS SOFTWARE, EVEN IF ADVISED OF THE POSSIBILITY OF SUCH DAMAGE.
    87                           ; 
    88                           ; 
    89                           ; Code-generator required, PIC18F4550 Definitions
    90                           ; 
    91                           ; SFR Addresses
    92   000FE0                     bsr             equ	4064
    93   000FE9                     fsr0            equ	4073
    94   000FEA                     fsr0h           equ	4074
    95   000FE9                     fsr0l           equ	4073
    96   000FE1                     fsr1            equ	4065
    97   000FE2                     fsr1h           equ	4066
    98   000FE1                     fsr1l           equ	4065
    99   000FD9                     fsr2            equ	4057
   100   000FDA                     fsr2h           equ	4058
   101   000FD9                     fsr2l           equ	4057
   102   000FEF                     indf0           equ	4079
   103   000FE7                     indf1           equ	4071
   104   000FDF                     indf2           equ	4063
   105   000FF2                     intcon          equ	4082
   106   000000                     nvmcon          equ	0
   107   000FF9                     pcl             equ	4089
   108   000FFA                     pclath          equ	4090
   109   000FFB                     pclatu          equ	4091
   110   000FEB                     plusw0          equ	4075
   111   000FE3                     plusw1          equ	4067
   112   000FDB                     plusw2          equ	4059
   113   000FED                     postdec0        equ	4077
   114   000FE5                     postdec1        equ	4069
   115   000FDD                     postdec2        equ	4061
   116   000FEE                     postinc0        equ	4078
   117   000FE6                     postinc1        equ	4070
   118   000FDE                     postinc2        equ	4062
   119   000FEC                     preinc0         equ	4076
   120   000FE4                     preinc1         equ	4068
   121   000FDC                     preinc2         equ	4060
   122   000FF3                     prod            equ	4083
   123   000FF4                     prodh           equ	4084
   124   000FF3                     prodl           equ	4083
   125   000FD8                     status          equ	4056
   126   000FF5                     tablat          equ	4085
   127   000FF6                     tblptr          equ	4086
   128   000FF7                     tblptrh         equ	4087
   129   000FF6                     tblptrl         equ	4086
   130   000FF8                     tblptru         equ	4088
   131   000FFD                     tosl            equ	4093
   132   000FE8                     wreg            equ	4072
   133   000F62                     SPPDATA         equ	3938	;# 
   134   000F63                     SPPCFG          equ	3939	;# 
   135   000F64                     SPPEPS          equ	3940	;# 
   136   000F65                     SPPCON          equ	3941	;# 
   137   000F66                     UFRM            equ	3942	;# 
   138   000F66                     UFRML           equ	3942	;# 
   139   000F67                     UFRMH           equ	3943	;# 
   140   000F68                     UIR             equ	3944	;# 
   141   000F69                     UIE             equ	3945	;# 
   142   000F6A                     UEIR            equ	3946	;# 
   143   000F6B                     UEIE            equ	3947	;# 
   144   000F6C                     USTAT           equ	3948	;# 
   145   000F6D                     UCON            equ	3949	;# 
   146   000F6E                     UADDR           equ	3950	;# 
   147   000F6F                     UCFG            equ	3951	;# 
   148   000F70                     UEP0            equ	3952	;# 
   149   000F71                     UEP1            equ	3953	;# 
   150   000F72                     UEP2            equ	3954	;# 
   151   000F73                     UEP3            equ	3955	;# 
   152   000F74                     UEP4            equ	3956	;# 
   153   000F75                     UEP5            equ	3957	;# 
   154   000F76                     UEP6            equ	3958	;# 
   155   000F77                     UEP7            equ	3959	;# 
   156   000F78                     UEP8            equ	3960	;# 
   157   000F79                     UEP9            equ	3961	;# 
   158   000F7A                     UEP10           equ	3962	;# 
   159   000F7B                     UEP11           equ	3963	;# 
   160   000F7C                     UEP12           equ	3964	;# 
   161   000F7D                     UEP13           equ	3965	;# 
   162   000F7E                     UEP14           equ	3966	;# 
   163   000F7F                     UEP15           equ	3967	;# 
   164   000F80                     PORTA           equ	3968	;# 
   165   000F81                     PORTB           equ	3969	;# 
   166   000F82                     PORTC           equ	3970	;# 
   167   000F83                     PORTD           equ	3971	;# 
   168   000F84                     PORTE           equ	3972	;# 
   169   000F89                     LATA            equ	3977	;# 
   170   000F8A                     LATB            equ	3978	;# 
   171   000F8B                     LATC            equ	3979	;# 
   172   000F8C                     LATD            equ	3980	;# 
   173   000F8D                     LATE            equ	3981	;# 
   174   000F92                     TRISA           equ	3986	;# 
   175   000F92                     DDRA            equ	3986	;# 
   176   000F93                     TRISB           equ	3987	;# 
   177   000F93                     DDRB            equ	3987	;# 
   178   000F94                     TRISC           equ	3988	;# 
   179   000F94                     DDRC            equ	3988	;# 
   180   000F95                     TRISD           equ	3989	;# 
   181   000F95                     DDRD            equ	3989	;# 
   182   000F96                     TRISE           equ	3990	;# 
   183   000F96                     DDRE            equ	3990	;# 
   184   000F9B                     OSCTUNE         equ	3995	;# 
   185   000F9D                     PIE1            equ	3997	;# 
   186   000F9E                     PIR1            equ	3998	;# 
   187   000F9F                     IPR1            equ	3999	;# 
   188   000FA0                     PIE2            equ	4000	;# 
   189   000FA1                     PIR2            equ	4001	;# 
   190   000FA2                     IPR2            equ	4002	;# 
   191   000FA6                     EECON1          equ	4006	;# 
   192   000FA7                     EECON2          equ	4007	;# 
   193   000FA8                     EEDATA          equ	4008	;# 
   194   000FA9                     EEADR           equ	4009	;# 
   195   000FAB                     RCSTA           equ	4011	;# 
   196   000FAB                     RCSTA1          equ	4011	;# 
   197   000FAC                     TXSTA           equ	4012	;# 
   198   000FAC                     TXSTA1          equ	4012	;# 
   199   000FAD                     TXREG           equ	4013	;# 
   200   000FAD                     TXREG1          equ	4013	;# 
   201   000FAE                     RCREG           equ	4014	;# 
   202   000FAE                     RCREG1          equ	4014	;# 
   203   000FAF                     SPBRG           equ	4015	;# 
   204   000FAF                     SPBRG1          equ	4015	;# 
   205   000FB0                     SPBRGH          equ	4016	;# 
   206   000FB1                     T3CON           equ	4017	;# 
   207   000FB2                     TMR3            equ	4018	;# 
   208   000FB2                     TMR3L           equ	4018	;# 
   209   000FB3                     TMR3H           equ	4019	;# 
   210   000FB4                     CMCON           equ	4020	;# 
   211   000FB5                     CVRCON          equ	4021	;# 
   212   000FB6                     ECCP1AS         equ	4022	;# 
   213   000FB6                     CCP1AS          equ	4022	;# 
   214   000FB7                     ECCP1DEL        equ	4023	;# 
   215   000FB7                     CCP1DEL         equ	4023	;# 
   216   000FB8                     BAUDCON         equ	4024	;# 
   217   000FB8                     BAUDCTL         equ	4024	;# 
   218   000FBA                     CCP2CON         equ	4026	;# 
   219   000FBB                     CCPR2           equ	4027	;# 
   220   000FBB                     CCPR2L          equ	4027	;# 
   221   000FBC                     CCPR2H          equ	4028	;# 
   222   000FBD                     CCP1CON         equ	4029	;# 
   223   000FBD                     ECCP1CON        equ	4029	;# 
   224   000FBE                     CCPR1           equ	4030	;# 
   225   000FBE                     CCPR1L          equ	4030	;# 
   226   000FBF                     CCPR1H          equ	4031	;# 
   227   000FC0                     ADCON2          equ	4032	;# 
   228   000FC1                     ADCON1          equ	4033	;# 
   229   000FC2                     ADCON0          equ	4034	;# 
   230   000FC3                     ADRES           equ	4035	;# 
   231   000FC3                     ADRESL          equ	4035	;# 
   232   000FC4                     ADRESH          equ	4036	;# 
   233   000FC5                     SSPCON2         equ	4037	;# 
   234   000FC6                     SSPCON1         equ	4038	;# 
   235   000FC7                     SSPSTAT         equ	4039	;# 
   236   000FC8                     SSPADD          equ	4040	;# 
   237   000FC9                     SSPBUF          equ	4041	;# 
   238   000FCA                     T2CON           equ	4042	;# 
   239   000FCB                     PR2             equ	4043	;# 
   240   000FCB                     MEMCON          equ	4043	;# 
   241   000FCC                     TMR2            equ	4044	;# 
   242   000FCD                     T1CON           equ	4045	;# 
   243   000FCE                     TMR1            equ	4046	;# 
   244   000FCE                     TMR1L           equ	4046	;# 
   245   000FCF                     TMR1H           equ	4047	;# 
   246   000FD0                     RCON            equ	4048	;# 
   247   000FD1                     WDTCON          equ	4049	;# 
   248   000FD2                     HLVDCON         equ	4050	;# 
   249   000FD2                     LVDCON          equ	4050	;# 
   250   000FD3                     OSCCON          equ	4051	;# 
   251   000FD5                     T0CON           equ	4053	;# 
   252   000FD6                     TMR0            equ	4054	;# 
   253   000FD6                     TMR0L           equ	4054	;# 
   254   000FD7                     TMR0H           equ	4055	;# 
   255   000FD8                     STATUS          equ	4056	;# 
   256   000FD9                     FSR2            equ	4057	;# 
   257   000FD9                     FSR2L           equ	4057	;# 
   258   000FDA                     FSR2H           equ	4058	;# 
   259   000FDB                     PLUSW2          equ	4059	;# 
   260   000FDC                     PREINC2         equ	4060	;# 
   261   000FDD                     POSTDEC2        equ	4061	;# 
   262   000FDE                     POSTINC2        equ	4062	;# 
   263   000FDF                     INDF2           equ	4063	;# 
   264   000FE0                     BSR             equ	4064	;# 
   265   000FE1                     FSR1            equ	4065	;# 
   266   000FE1                     FSR1L           equ	4065	;# 
   267   000FE2                     FSR1H           equ	4066	;# 
   268   000FE3                     PLUSW1          equ	4067	;# 
   269   000FE4                     PREINC1         equ	4068	;# 
   270   000FE5                     POSTDEC1        equ	4069	;# 
   271   000FE6                     POSTINC1        equ	4070	;# 
   272   000FE7                     INDF1           equ	4071	;# 
   273   000FE8                     WREG            equ	4072	;# 
   274   000FE9                     FSR0            equ	4073	;# 
   275   000FE9                     FSR0L           equ	4073	;# 
   276   000FEA                     FSR0H           equ	4074	;# 
   277   000FEB                     PLUSW0          equ	4075	;# 
   278   000FEC                     PREINC0         equ	4076	;# 
   279   000FED                     POSTDEC0        equ	4077	;# 
   280   000FEE                     POSTINC0        equ	4078	;# 
   281   000FEF                     INDF0           equ	4079	;# 
   282   000FF0                     INTCON3         equ	4080	;# 
   283   000FF1                     INTCON2         equ	4081	;# 
   284   000FF2                     INTCON          equ	4082	;# 
   285   000FF3                     PROD            equ	4083	;# 
   286   000FF3                     PRODL           equ	4083	;# 
   287   000FF4                     PRODH           equ	4084	;# 
   288   000FF5                     TABLAT          equ	4085	;# 
   289   000FF6                     TBLPTR          equ	4086	;# 
   290   000FF6                     TBLPTRL         equ	4086	;# 
   291   000FF7                     TBLPTRH         equ	4087	;# 
   292   000FF8                     TBLPTRU         equ	4088	;# 
   293   000FF9                     PCLAT           equ	4089	;# 
   294   000FF9                     PC              equ	4089	;# 
   295   000FF9                     PCL             equ	4089	;# 
   296   000FFA                     PCLATH          equ	4090	;# 
   297   000FFB                     PCLATU          equ	4091	;# 
   298   000FFC                     STKPTR          equ	4092	;# 
   299   000FFD                     TOS             equ	4093	;# 
   300   000FFD                     TOSL            equ	4093	;# 
   301   000FFE                     TOSH            equ	4094	;# 
   302   000FFF                     TOSU            equ	4095	;# 
   303   000F62                     SPPDATA         equ	3938	;# 
   304   000F63                     SPPCFG          equ	3939	;# 
   305   000F64                     SPPEPS          equ	3940	;# 
   306   000F65                     SPPCON          equ	3941	;# 
   307   000F66                     UFRM            equ	3942	;# 
   308   000F66                     UFRML           equ	3942	;# 
   309   000F67                     UFRMH           equ	3943	;# 
   310   000F68                     UIR             equ	3944	;# 
   311   000F69                     UIE             equ	3945	;# 
   312   000F6A                     UEIR            equ	3946	;# 
   313   000F6B                     UEIE            equ	3947	;# 
   314   000F6C                     USTAT           equ	3948	;# 
   315   000F6D                     UCON            equ	3949	;# 
   316   000F6E                     UADDR           equ	3950	;# 
   317   000F6F                     UCFG            equ	3951	;# 
   318   000F70                     UEP0            equ	3952	;# 
   319   000F71                     UEP1            equ	3953	;# 
   320   000F72                     UEP2            equ	3954	;# 
   321   000F73                     UEP3            equ	3955	;# 
   322   000F74                     UEP4            equ	3956	;# 
   323   000F75                     UEP5            equ	3957	;# 
   324   000F76                     UEP6            equ	3958	;# 
   325   000F77                     UEP7            equ	3959	;# 
   326   000F78                     UEP8            equ	3960	;# 
   327   000F79                     UEP9            equ	3961	;# 
   328   000F7A                     UEP10           equ	3962	;# 
   329   000F7B                     UEP11           equ	3963	;# 
   330   000F7C                     UEP12           equ	3964	;# 
   331   000F7D                     UEP13           equ	3965	;# 
   332   000F7E                     UEP14           equ	3966	;# 
   333   000F7F                     UEP15           equ	3967	;# 
   334   000F80                     PORTA           equ	3968	;# 
   335   000F81                     PORTB           equ	3969	;# 
   336   000F82                     PORTC           equ	3970	;# 
   337   000F83                     PORTD           equ	3971	;# 
   338   000F84                     PORTE           equ	3972	;# 
   339   000F89                     LATA            equ	3977	;# 
   340   000F8A                     LATB            equ	3978	;# 
   341   000F8B                     LATC            equ	3979	;# 
   342   000F8C                     LATD            equ	3980	;# 
   343   000F8D                     LATE            equ	3981	;# 
   344   000F92                     TRISA           equ	3986	;# 
   345   000F92                     DDRA            equ	3986	;# 
   346   000F93                     TRISB           equ	3987	;# 
   347   000F93                     DDRB            equ	3987	;# 
   348   000F94                     TRISC           equ	3988	;# 
   349   000F94                     DDRC            equ	3988	;# 
   350   000F95                     TRISD           equ	3989	;# 
   351   000F95                     DDRD            equ	3989	;# 
   352   000F96                     TRISE           equ	3990	;# 
   353   000F96                     DDRE            equ	3990	;# 
   354   000F9B                     OSCTUNE         equ	3995	;# 
   355   000F9D                     PIE1            equ	3997	;# 
   356   000F9E                     PIR1            equ	3998	;# 
   357   000F9F                     IPR1            equ	3999	;# 
   358   000FA0                     PIE2            equ	4000	;# 
   359   000FA1                     PIR2            equ	4001	;# 
   360   000FA2                     IPR2            equ	4002	;# 
   361   000FA6                     EECON1          equ	4006	;# 
   362   000FA7                     EECON2          equ	4007	;# 
   363   000FA8                     EEDATA          equ	4008	;# 
   364   000FA9                     EEADR           equ	4009	;# 
   365   000FAB                     RCSTA           equ	4011	;# 
   366   000FAB                     RCSTA1          equ	4011	;# 
   367   000FAC                     TXSTA           equ	4012	;# 
   368   000FAC                     TXSTA1          equ	4012	;# 
   369   000FAD                     TXREG           equ	4013	;# 
   370   000FAD                     TXREG1          equ	4013	;# 
   371   000FAE                     RCREG           equ	4014	;# 
   372   000FAE                     RCREG1          equ	4014	;# 
   373   000FAF                     SPBRG           equ	4015	;# 
   374   000FAF                     SPBRG1          equ	4015	;# 
   375   000FB0                     SPBRGH          equ	4016	;# 
   376   000FB1                     T3CON           equ	4017	;# 
   377   000FB2                     TMR3            equ	4018	;# 
   378   000FB2                     TMR3L           equ	4018	;# 
   379   000FB3                     TMR3H           equ	4019	;# 
   380   000FB4                     CMCON           equ	4020	;# 
   381   000FB5                     CVRCON          equ	4021	;# 
   382   000FB6                     ECCP1AS         equ	4022	;# 
   383   000FB6                     CCP1AS          equ	4022	;# 
   384   000FB7                     ECCP1DEL        equ	4023	;# 
   385   000FB7                     CCP1DEL         equ	4023	;# 
   386   000FB8                     BAUDCON         equ	4024	;# 
   387   000FB8                     BAUDCTL         equ	4024	;# 
   388   000FBA                     CCP2CON         equ	4026	;# 
   389   000FBB                     CCPR2           equ	4027	;# 
   390   000FBB                     CCPR2L          equ	4027	;# 
   391   000FBC                     CCPR2H          equ	4028	;# 
   392   000FBD                     CCP1CON         equ	4029	;# 
   393   000FBD                     ECCP1CON        equ	4029	;# 
   394   000FBE                     CCPR1           equ	4030	;# 
   395   000FBE                     CCPR1L          equ	4030	;# 
   396   000FBF                     CCPR1H          equ	4031	;# 
   397   000FC0                     ADCON2          equ	4032	;# 
   398   000FC1                     ADCON1          equ	4033	;# 
   399   000FC2                     ADCON0          equ	4034	;# 
   400   000FC3                     ADRES           equ	4035	;# 
   401   000FC3                     ADRESL          equ	4035	;# 
   402   000FC4                     ADRESH          equ	4036	;# 
   403   000FC5                     SSPCON2         equ	4037	;# 
   404   000FC6                     SSPCON1         equ	4038	;# 
   405   000FC7                     SSPSTAT         equ	4039	;# 
   406   000FC8                     SSPADD          equ	4040	;# 
   407   000FC9                     SSPBUF          equ	4041	;# 
   408   000FCA                     T2CON           equ	4042	;# 
   409   000FCB                     PR2             equ	4043	;# 
   410   000FCB                     MEMCON          equ	4043	;# 
   411   000FCC                     TMR2            equ	4044	;# 
   412   000FCD                     T1CON           equ	4045	;# 
   413   000FCE                     TMR1            equ	4046	;# 
   414   000FCE                     TMR1L           equ	4046	;# 
   415   000FCF                     TMR1H           equ	4047	;# 
   416   000FD0                     RCON            equ	4048	;# 
   417   000FD1                     WDTCON          equ	4049	;# 
   418   000FD2                     HLVDCON         equ	4050	;# 
   419   000FD2                     LVDCON          equ	4050	;# 
   420   000FD3                     OSCCON          equ	4051	;# 
   421   000FD5                     T0CON           equ	4053	;# 
   422   000FD6                     TMR0            equ	4054	;# 
   423   000FD6                     TMR0L           equ	4054	;# 
   424   000FD7                     TMR0H           equ	4055	;# 
   425   000FD8                     STATUS          equ	4056	;# 
   426   000FD9                     FSR2            equ	4057	;# 
   427   000FD9                     FSR2L           equ	4057	;# 
   428   000FDA                     FSR2H           equ	4058	;# 
   429   000FDB                     PLUSW2          equ	4059	;# 
   430   000FDC                     PREINC2         equ	4060	;# 
   431   000FDD                     POSTDEC2        equ	4061	;# 
   432   000FDE                     POSTINC2        equ	4062	;# 
   433   000FDF                     INDF2           equ	4063	;# 
   434   000FE0                     BSR             equ	4064	;# 
   435   000FE1                     FSR1            equ	4065	;# 
   436   000FE1                     FSR1L           equ	4065	;# 
   437   000FE2                     FSR1H           equ	4066	;# 
   438   000FE3                     PLUSW1          equ	4067	;# 
   439   000FE4                     PREINC1         equ	4068	;# 
   440   000FE5                     POSTDEC1        equ	4069	;# 
   441   000FE6                     POSTINC1        equ	4070	;# 
   442   000FE7                     INDF1           equ	4071	;# 
   443   000FE8                     WREG            equ	4072	;# 
   444   000FE9                     FSR0            equ	4073	;# 
   445   000FE9                     FSR0L           equ	4073	;# 
   446   000FEA                     FSR0H           equ	4074	;# 
   447   000FEB                     PLUSW0          equ	4075	;# 
   448   000FEC                     PREINC0         equ	4076	;# 
   449   000FED                     POSTDEC0        equ	4077	;# 
   450   000FEE                     POSTINC0        equ	4078	;# 
   451   000FEF                     INDF0           equ	4079	;# 
   452   000FF0                     INTCON3         equ	4080	;# 
   453   000FF1                     INTCON2         equ	4081	;# 
   454   000FF2                     INTCON          equ	4082	;# 
   455   000FF3                     PROD            equ	4083	;# 
   456   000FF3                     PRODL           equ	4083	;# 
   457   000FF4                     PRODH           equ	4084	;# 
   458   000FF5                     TABLAT          equ	4085	;# 
   459   000FF6                     TBLPTR          equ	4086	;# 
   460   000FF6                     TBLPTRL         equ	4086	;# 
   461   000FF7                     TBLPTRH         equ	4087	;# 
   462   000FF8                     TBLPTRU         equ	4088	;# 
   463   000FF9                     PCLAT           equ	4089	;# 
   464   000FF9                     PC              equ	4089	;# 
   465   000FF9                     PCL             equ	4089	;# 
   466   000FFA                     PCLATH          equ	4090	;# 
   467   000FFB                     PCLATU          equ	4091	;# 
   468   000FFC                     STKPTR          equ	4092	;# 
   469   000FFD                     TOS             equ	4093	;# 
   470   000FFD                     TOSL            equ	4093	;# 
   471   000FFE                     TOSH            equ	4094	;# 
   472   000FFF                     TOSU            equ	4095	;# 
   473   000F62                     SPPDATA         equ	3938	;# 
   474   000F63                     SPPCFG          equ	3939	;# 
   475   000F64                     SPPEPS          equ	3940	;# 
   476   000F65                     SPPCON          equ	3941	;# 
   477   000F66                     UFRM            equ	3942	;# 
   478   000F66                     UFRML           equ	3942	;# 
   479   000F67                     UFRMH           equ	3943	;# 
   480   000F68                     UIR             equ	3944	;# 
   481   000F69                     UIE             equ	3945	;# 
   482   000F6A                     UEIR            equ	3946	;# 
   483   000F6B                     UEIE            equ	3947	;# 
   484   000F6C                     USTAT           equ	3948	;# 
   485   000F6D                     UCON            equ	3949	;# 
   486   000F6E                     UADDR           equ	3950	;# 
   487   000F6F                     UCFG            equ	3951	;# 
   488   000F70                     UEP0            equ	3952	;# 
   489   000F71                     UEP1            equ	3953	;# 
   490   000F72                     UEP2            equ	3954	;# 
   491   000F73                     UEP3            equ	3955	;# 
   492   000F74                     UEP4            equ	3956	;# 
   493   000F75                     UEP5            equ	3957	;# 
   494   000F76                     UEP6            equ	3958	;# 
   495   000F77                     UEP7            equ	3959	;# 
   496   000F78                     UEP8            equ	3960	;# 
   497   000F79                     UEP9            equ	3961	;# 
   498   000F7A                     UEP10           equ	3962	;# 
   499   000F7B                     UEP11           equ	3963	;# 
   500   000F7C                     UEP12           equ	3964	;# 
   501   000F7D                     UEP13           equ	3965	;# 
   502   000F7E                     UEP14           equ	3966	;# 
   503   000F7F                     UEP15           equ	3967	;# 
   504   000F80                     PORTA           equ	3968	;# 
   505   000F81                     PORTB           equ	3969	;# 
   506   000F82                     PORTC           equ	3970	;# 
   507   000F83                     PORTD           equ	3971	;# 
   508   000F84                     PORTE           equ	3972	;# 
   509   000F89                     LATA            equ	3977	;# 
   510   000F8A                     LATB            equ	3978	;# 
   511   000F8B                     LATC            equ	3979	;# 
   512   000F8C                     LATD            equ	3980	;# 
   513   000F8D                     LATE            equ	3981	;# 
   514   000F92                     TRISA           equ	3986	;# 
   515   000F92                     DDRA            equ	3986	;# 
   516   000F93                     TRISB           equ	3987	;# 
   517   000F93                     DDRB            equ	3987	;# 
   518   000F94                     TRISC           equ	3988	;# 
   519   000F94                     DDRC            equ	3988	;# 
   520   000F95                     TRISD           equ	3989	;# 
   521   000F95                     DDRD            equ	3989	;# 
   522   000F96                     TRISE           equ	3990	;# 
   523   000F96                     DDRE            equ	3990	;# 
   524   000F9B                     OSCTUNE         equ	3995	;# 
   525   000F9D                     PIE1            equ	3997	;# 
   526   000F9E                     PIR1            equ	3998	;# 
   527   000F9F                     IPR1            equ	3999	;# 
   528   000FA0                     PIE2            equ	4000	;# 
   529   000FA1                     PIR2            equ	4001	;# 
   530   000FA2                     IPR2            equ	4002	;# 
   531   000FA6                     EECON1          equ	4006	;# 
   532   000FA7                     EECON2          equ	4007	;# 
   533   000FA8                     EEDATA          equ	4008	;# 
   534   000FA9                     EEADR           equ	4009	;# 
   535   000FAB                     RCSTA           equ	4011	;# 
   536   000FAB                     RCSTA1          equ	4011	;# 
   537   000FAC                     TXSTA           equ	4012	;# 
   538   000FAC                     TXSTA1          equ	4012	;# 
   539   000FAD                     TXREG           equ	4013	;# 
   540   000FAD                     TXREG1          equ	4013	;# 
   541   000FAE                     RCREG           equ	4014	;# 
   542   000FAE                     RCREG1          equ	4014	;# 
   543   000FAF                     SPBRG           equ	4015	;# 
   544   000FAF                     SPBRG1          equ	4015	;# 
   545   000FB0                     SPBRGH          equ	4016	;# 
   546   000FB1                     T3CON           equ	4017	;# 
   547   000FB2                     TMR3            equ	4018	;# 
   548   000FB2                     TMR3L           equ	4018	;# 
   549   000FB3                     TMR3H           equ	4019	;# 
   550   000FB4                     CMCON           equ	4020	;# 
   551   000FB5                     CVRCON          equ	4021	;# 
   552   000FB6                     ECCP1AS         equ	4022	;# 
   553   000FB6                     CCP1AS          equ	4022	;# 
   554   000FB7                     ECCP1DEL        equ	4023	;# 
   555   000FB7                     CCP1DEL         equ	4023	;# 
   556   000FB8                     BAUDCON         equ	4024	;# 
   557   000FB8                     BAUDCTL         equ	4024	;# 
   558   000FBA                     CCP2CON         equ	4026	;# 
   559   000FBB                     CCPR2           equ	4027	;# 
   560   000FBB                     CCPR2L          equ	4027	;# 
   561   000FBC                     CCPR2H          equ	4028	;# 
   562   000FBD                     CCP1CON         equ	4029	;# 
   563   000FBD                     ECCP1CON        equ	4029	;# 
   564   000FBE                     CCPR1           equ	4030	;# 
   565   000FBE                     CCPR1L          equ	4030	;# 
   566   000FBF                     CCPR1H          equ	4031	;# 
   567   000FC0                     ADCON2          equ	4032	;# 
   568   000FC1                     ADCON1          equ	4033	;# 
   569   000FC2                     ADCON0          equ	4034	;# 
   570   000FC3                     ADRES           equ	4035	;# 
   571   000FC3                     ADRESL          equ	4035	;# 
   572   000FC4                     ADRESH          equ	4036	;# 
   573   000FC5                     SSPCON2         equ	4037	;# 
   574   000FC6                     SSPCON1         equ	4038	;# 
   575   000FC7                     SSPSTAT         equ	4039	;# 
   576   000FC8                     SSPADD          equ	4040	;# 
   577   000FC9                     SSPBUF          equ	4041	;# 
   578   000FCA                     T2CON           equ	4042	;# 
   579   000FCB                     PR2             equ	4043	;# 
   580   000FCB                     MEMCON          equ	4043	;# 
   581   000FCC                     TMR2            equ	4044	;# 
   582   000FCD                     T1CON           equ	4045	;# 
   583   000FCE                     TMR1            equ	4046	;# 
   584   000FCE                     TMR1L           equ	4046	;# 
   585   000FCF                     TMR1H           equ	4047	;# 
   586   000FD0                     RCON            equ	4048	;# 
   587   000FD1                     WDTCON          equ	4049	;# 
   588   000FD2                     HLVDCON         equ	4050	;# 
   589   000FD2                     LVDCON          equ	4050	;# 
   590   000FD3                     OSCCON          equ	4051	;# 
   591   000FD5                     T0CON           equ	4053	;# 
   592   000FD6                     TMR0            equ	4054	;# 
   593   000FD6                     TMR0L           equ	4054	;# 
   594   000FD7                     TMR0H           equ	4055	;# 
   595   000FD8                     STATUS          equ	4056	;# 
   596   000FD9                     FSR2            equ	4057	;# 
   597   000FD9                     FSR2L           equ	4057	;# 
   598   000FDA                     FSR2H           equ	4058	;# 
   599   000FDB                     PLUSW2          equ	4059	;# 
   600   000FDC                     PREINC2         equ	4060	;# 
   601   000FDD                     POSTDEC2        equ	4061	;# 
   602   000FDE                     POSTINC2        equ	4062	;# 
   603   000FDF                     INDF2           equ	4063	;# 
   604   000FE0                     BSR             equ	4064	;# 
   605   000FE1                     FSR1            equ	4065	;# 
   606   000FE1                     FSR1L           equ	4065	;# 
   607   000FE2                     FSR1H           equ	4066	;# 
   608   000FE3                     PLUSW1          equ	4067	;# 
   609   000FE4                     PREINC1         equ	4068	;# 
   610   000FE5                     POSTDEC1        equ	4069	;# 
   611   000FE6                     POSTINC1        equ	4070	;# 
   612   000FE7                     INDF1           equ	4071	;# 
   613   000FE8                     WREG            equ	4072	;# 
   614   000FE9                     FSR0            equ	4073	;# 
   615   000FE9                     FSR0L           equ	4073	;# 
   616   000FEA                     FSR0H           equ	4074	;# 
   617   000FEB                     PLUSW0          equ	4075	;# 
   618   000FEC                     PREINC0         equ	4076	;# 
   619   000FED                     POSTDEC0        equ	4077	;# 
   620   000FEE                     POSTINC0        equ	4078	;# 
   621   000FEF                     INDF0           equ	4079	;# 
   622   000FF0                     INTCON3         equ	4080	;# 
   623   000FF1                     INTCON2         equ	4081	;# 
   624   000FF2                     INTCON          equ	4082	;# 
   625   000FF3                     PROD            equ	4083	;# 
   626   000FF3                     PRODL           equ	4083	;# 
   627   000FF4                     PRODH           equ	4084	;# 
   628   000FF5                     TABLAT          equ	4085	;# 
   629   000FF6                     TBLPTR          equ	4086	;# 
   630   000FF6                     TBLPTRL         equ	4086	;# 
   631   000FF7                     TBLPTRH         equ	4087	;# 
   632   000FF8                     TBLPTRU         equ	4088	;# 
   633   000FF9                     PCLAT           equ	4089	;# 
   634   000FF9                     PC              equ	4089	;# 
   635   000FF9                     PCL             equ	4089	;# 
   636   000FFA                     PCLATH          equ	4090	;# 
   637   000FFB                     PCLATU          equ	4091	;# 
   638   000FFC                     STKPTR          equ	4092	;# 
   639   000FFD                     TOS             equ	4093	;# 
   640   000FFD                     TOSL            equ	4093	;# 
   641   000FFE                     TOSH            equ	4094	;# 
   642   000FFF                     TOSU            equ	4095	;# 
   643   000F62                     SPPDATA         equ	3938	;# 
   644   000F63                     SPPCFG          equ	3939	;# 
   645   000F64                     SPPEPS          equ	3940	;# 
   646   000F65                     SPPCON          equ	3941	;# 
   647   000F66                     UFRM            equ	3942	;# 
   648   000F66                     UFRML           equ	3942	;# 
   649   000F67                     UFRMH           equ	3943	;# 
   650   000F68                     UIR             equ	3944	;# 
   651   000F69                     UIE             equ	3945	;# 
   652   000F6A                     UEIR            equ	3946	;# 
   653   000F6B                     UEIE            equ	3947	;# 
   654   000F6C                     USTAT           equ	3948	;# 
   655   000F6D                     UCON            equ	3949	;# 
   656   000F6E                     UADDR           equ	3950	;# 
   657   000F6F                     UCFG            equ	3951	;# 
   658   000F70                     UEP0            equ	3952	;# 
   659   000F71                     UEP1            equ	3953	;# 
   660   000F72                     UEP2            equ	3954	;# 
   661   000F73                     UEP3            equ	3955	;# 
   662   000F74                     UEP4            equ	3956	;# 
   663   000F75                     UEP5            equ	3957	;# 
   664   000F76                     UEP6            equ	3958	;# 
   665   000F77                     UEP7            equ	3959	;# 
   666   000F78                     UEP8            equ	3960	;# 
   667   000F79                     UEP9            equ	3961	;# 
   668   000F7A                     UEP10           equ	3962	;# 
   669   000F7B                     UEP11           equ	3963	;# 
   670   000F7C                     UEP12           equ	3964	;# 
   671   000F7D                     UEP13           equ	3965	;# 
   672   000F7E                     UEP14           equ	3966	;# 
   673   000F7F                     UEP15           equ	3967	;# 
   674   000F80                     PORTA           equ	3968	;# 
   675   000F81                     PORTB           equ	3969	;# 
   676   000F82                     PORTC           equ	3970	;# 
   677   000F83                     PORTD           equ	3971	;# 
   678   000F84                     PORTE           equ	3972	;# 
   679   000F89                     LATA            equ	3977	;# 
   680   000F8A                     LATB            equ	3978	;# 
   681   000F8B                     LATC            equ	3979	;# 
   682   000F8C                     LATD            equ	3980	;# 
   683   000F8D                     LATE            equ	3981	;# 
   684   000F92                     TRISA           equ	3986	;# 
   685   000F92                     DDRA            equ	3986	;# 
   686   000F93                     TRISB           equ	3987	;# 
   687   000F93                     DDRB            equ	3987	;# 
   688   000F94                     TRISC           equ	3988	;# 
   689   000F94                     DDRC            equ	3988	;# 
   690   000F95                     TRISD           equ	3989	;# 
   691   000F95                     DDRD            equ	3989	;# 
   692   000F96                     TRISE           equ	3990	;# 
   693   000F96                     DDRE            equ	3990	;# 
   694   000F9B                     OSCTUNE         equ	3995	;# 
   695   000F9D                     PIE1            equ	3997	;# 
   696   000F9E                     PIR1            equ	3998	;# 
   697   000F9F                     IPR1            equ	3999	;# 
   698   000FA0                     PIE2            equ	4000	;# 
   699   000FA1                     PIR2            equ	4001	;# 
   700   000FA2                     IPR2            equ	4002	;# 
   701   000FA6                     EECON1          equ	4006	;# 
   702   000FA7                     EECON2          equ	4007	;# 
   703   000FA8                     EEDATA          equ	4008	;# 
   704   000FA9                     EEADR           equ	4009	;# 
   705   000FAB                     RCSTA           equ	4011	;# 
   706   000FAB                     RCSTA1          equ	4011	;# 
   707   000FAC                     TXSTA           equ	4012	;# 
   708   000FAC                     TXSTA1          equ	4012	;# 
   709   000FAD                     TXREG           equ	4013	;# 
   710   000FAD                     TXREG1          equ	4013	;# 
   711   000FAE                     RCREG           equ	4014	;# 
   712   000FAE                     RCREG1          equ	4014	;# 
   713   000FAF                     SPBRG           equ	4015	;# 
   714   000FAF                     SPBRG1          equ	4015	;# 
   715   000FB0                     SPBRGH          equ	4016	;# 
   716   000FB1                     T3CON           equ	4017	;# 
   717   000FB2                     TMR3            equ	4018	;# 
   718   000FB2                     TMR3L           equ	4018	;# 
   719   000FB3                     TMR3H           equ	4019	;# 
   720   000FB4                     CMCON           equ	4020	;# 
   721   000FB5                     CVRCON          equ	4021	;# 
   722   000FB6                     ECCP1AS         equ	4022	;# 
   723   000FB6                     CCP1AS          equ	4022	;# 
   724   000FB7                     ECCP1DEL        equ	4023	;# 
   725   000FB7                     CCP1DEL         equ	4023	;# 
   726   000FB8                     BAUDCON         equ	4024	;# 
   727   000FB8                     BAUDCTL         equ	4024	;# 
   728   000FBA                     CCP2CON         equ	4026	;# 
   729   000FBB                     CCPR2           equ	4027	;# 
   730   000FBB                     CCPR2L          equ	4027	;# 
   731   000FBC                     CCPR2H          equ	4028	;# 
   732   000FBD                     CCP1CON         equ	4029	;# 
   733   000FBD                     ECCP1CON        equ	4029	;# 
   734   000FBE                     CCPR1           equ	4030	;# 
   735   000FBE                     CCPR1L          equ	4030	;# 
   736   000FBF                     CCPR1H          equ	4031	;# 
   737   000FC0                     ADCON2          equ	4032	;# 
   738   000FC1                     ADCON1          equ	4033	;# 
   739   000FC2                     ADCON0          equ	4034	;# 
   740   000FC3                     ADRES           equ	4035	;# 
   741   000FC3                     ADRESL          equ	4035	;# 
   742   000FC4                     ADRESH          equ	4036	;# 
   743   000FC5                     SSPCON2         equ	4037	;# 
   744   000FC6                     SSPCON1         equ	4038	;# 
   745   000FC7                     SSPSTAT         equ	4039	;# 
   746   000FC8                     SSPADD          equ	4040	;# 
   747   000FC9                     SSPBUF          equ	4041	;# 
   748   000FCA                     T2CON           equ	4042	;# 
   749   000FCB                     PR2             equ	4043	;# 
   750   000FCB                     MEMCON          equ	4043	;# 
   751   000FCC                     TMR2            equ	4044	;# 
   752   000FCD                     T1CON           equ	4045	;# 
   753   000FCE                     TMR1            equ	4046	;# 
   754   000FCE                     TMR1L           equ	4046	;# 
   755   000FCF                     TMR1H           equ	4047	;# 
   756   000FD0                     RCON            equ	4048	;# 
   757   000FD1                     WDTCON          equ	4049	;# 
   758   000FD2                     HLVDCON         equ	4050	;# 
   759   000FD2                     LVDCON          equ	4050	;# 
   760   000FD3                     OSCCON          equ	4051	;# 
   761   000FD5                     T0CON           equ	4053	;# 
   762   000FD6                     TMR0            equ	4054	;# 
   763   000FD6                     TMR0L           equ	4054	;# 
   764   000FD7                     TMR0H           equ	4055	;# 
   765   000FD8                     STATUS          equ	4056	;# 
   766   000FD9                     FSR2            equ	4057	;# 
   767   000FD9                     FSR2L           equ	4057	;# 
   768   000FDA                     FSR2H           equ	4058	;# 
   769   000FDB                     PLUSW2          equ	4059	;# 
   770   000FDC                     PREINC2         equ	4060	;# 
   771   000FDD                     POSTDEC2        equ	4061	;# 
   772   000FDE                     POSTINC2        equ	4062	;# 
   773   000FDF                     INDF2           equ	4063	;# 
   774   000FE0                     BSR             equ	4064	;# 
   775   000FE1                     FSR1            equ	4065	;# 
   776   000FE1                     FSR1L           equ	4065	;# 
   777   000FE2                     FSR1H           equ	4066	;# 
   778   000FE3                     PLUSW1          equ	4067	;# 
   779   000FE4                     PREINC1         equ	4068	;# 
   780   000FE5                     POSTDEC1        equ	4069	;# 
   781   000FE6                     POSTINC1        equ	4070	;# 
   782   000FE7                     INDF1           equ	4071	;# 
   783   000FE8                     WREG            equ	4072	;# 
   784   000FE9                     FSR0            equ	4073	;# 
   785   000FE9                     FSR0L           equ	4073	;# 
   786   000FEA                     FSR0H           equ	4074	;# 
   787   000FEB                     PLUSW0          equ	4075	;# 
   788   000FEC                     PREINC0         equ	4076	;# 
   789   000FED                     POSTDEC0        equ	4077	;# 
   790   000FEE                     POSTINC0        equ	4078	;# 
   791   000FEF                     INDF0           equ	4079	;# 
   792   000FF0                     INTCON3         equ	4080	;# 
   793   000FF1                     INTCON2         equ	4081	;# 
   794   000FF2                     INTCON          equ	4082	;# 
   795   000FF3                     PROD            equ	4083	;# 
   796   000FF3                     PRODL           equ	4083	;# 
   797   000FF4                     PRODH           equ	4084	;# 
   798   000FF5                     TABLAT          equ	4085	;# 
   799   000FF6                     TBLPTR          equ	4086	;# 
   800   000FF6                     TBLPTRL         equ	4086	;# 
   801   000FF7                     TBLPTRH         equ	4087	;# 
   802   000FF8                     TBLPTRU         equ	4088	;# 
   803   000FF9                     PCLAT           equ	4089	;# 
   804   000FF9                     PC              equ	4089	;# 
   805   000FF9                     PCL             equ	4089	;# 
   806   000FFA                     PCLATH          equ	4090	;# 
   807   000FFB                     PCLATU          equ	4091	;# 
   808   000FFC                     STKPTR          equ	4092	;# 
   809   000FFD                     TOS             equ	4093	;# 
   810   000FFD                     TOSL            equ	4093	;# 
   811   000FFE                     TOSH            equ	4094	;# 
   812   000FFF                     TOSU            equ	4095	;# 
   813   000F62                     SPPDATA         equ	3938	;# 
   814   000F63                     SPPCFG          equ	3939	;# 
   815   000F64                     SPPEPS          equ	3940	;# 
   816   000F65                     SPPCON          equ	3941	;# 
   817   000F66                     UFRM            equ	3942	;# 
   818   000F66                     UFRML           equ	3942	;# 
   819   000F67                     UFRMH           equ	3943	;# 
   820   000F68                     UIR             equ	3944	;# 
   821   000F69                     UIE             equ	3945	;# 
   822   000F6A                     UEIR            equ	3946	;# 
   823   000F6B                     UEIE            equ	3947	;# 
   824   000F6C                     USTAT           equ	3948	;# 
   825   000F6D                     UCON            equ	3949	;# 
   826   000F6E                     UADDR           equ	3950	;# 
   827   000F6F                     UCFG            equ	3951	;# 
   828   000F70                     UEP0            equ	3952	;# 
   829   000F71                     UEP1            equ	3953	;# 
   830   000F72                     UEP2            equ	3954	;# 
   831   000F73                     UEP3            equ	3955	;# 
   832   000F74                     UEP4            equ	3956	;# 
   833   000F75                     UEP5            equ	3957	;# 
   834   000F76                     UEP6            equ	3958	;# 
   835   000F77                     UEP7            equ	3959	;# 
   836   000F78                     UEP8            equ	3960	;# 
   837   000F79                     UEP9            equ	3961	;# 
   838   000F7A                     UEP10           equ	3962	;# 
   839   000F7B                     UEP11           equ	3963	;# 
   840   000F7C                     UEP12           equ	3964	;# 
   841   000F7D                     UEP13           equ	3965	;# 
   842   000F7E                     UEP14           equ	3966	;# 
   843   000F7F                     UEP15           equ	3967	;# 
   844   000F80                     PORTA           equ	3968	;# 
   845   000F81                     PORTB           equ	3969	;# 
   846   000F82                     PORTC           equ	3970	;# 
   847   000F83                     PORTD           equ	3971	;# 
   848   000F84                     PORTE           equ	3972	;# 
   849   000F89                     LATA            equ	3977	;# 
   850   000F8A                     LATB            equ	3978	;# 
   851   000F8B                     LATC            equ	3979	;# 
   852   000F8C                     LATD            equ	3980	;# 
   853   000F8D                     LATE            equ	3981	;# 
   854   000F92                     TRISA           equ	3986	;# 
   855   000F92                     DDRA            equ	3986	;# 
   856   000F93                     TRISB           equ	3987	;# 
   857   000F93                     DDRB            equ	3987	;# 
   858   000F94                     TRISC           equ	3988	;# 
   859   000F94                     DDRC            equ	3988	;# 
   860   000F95                     TRISD           equ	3989	;# 
   861   000F95                     DDRD            equ	3989	;# 
   862   000F96                     TRISE           equ	3990	;# 
   863   000F96                     DDRE            equ	3990	;# 
   864   000F9B                     OSCTUNE         equ	3995	;# 
   865   000F9D                     PIE1            equ	3997	;# 
   866   000F9E                     PIR1            equ	3998	;# 
   867   000F9F                     IPR1            equ	3999	;# 
   868   000FA0                     PIE2            equ	4000	;# 
   869   000FA1                     PIR2            equ	4001	;# 
   870   000FA2                     IPR2            equ	4002	;# 
   871   000FA6                     EECON1          equ	4006	;# 
   872   000FA7                     EECON2          equ	4007	;# 
   873   000FA8                     EEDATA          equ	4008	;# 
   874   000FA9                     EEADR           equ	4009	;# 
   875   000FAB                     RCSTA           equ	4011	;# 
   876   000FAB                     RCSTA1          equ	4011	;# 
   877   000FAC                     TXSTA           equ	4012	;# 
   878   000FAC                     TXSTA1          equ	4012	;# 
   879   000FAD                     TXREG           equ	4013	;# 
   880   000FAD                     TXREG1          equ	4013	;# 
   881   000FAE                     RCREG           equ	4014	;# 
   882   000FAE                     RCREG1          equ	4014	;# 
   883   000FAF                     SPBRG           equ	4015	;# 
   884   000FAF                     SPBRG1          equ	4015	;# 
   885   000FB0                     SPBRGH          equ	4016	;# 
   886   000FB1                     T3CON           equ	4017	;# 
   887   000FB2                     TMR3            equ	4018	;# 
   888   000FB2                     TMR3L           equ	4018	;# 
   889   000FB3                     TMR3H           equ	4019	;# 
   890   000FB4                     CMCON           equ	4020	;# 
   891   000FB5                     CVRCON          equ	4021	;# 
   892   000FB6                     ECCP1AS         equ	4022	;# 
   893   000FB6                     CCP1AS          equ	4022	;# 
   894   000FB7                     ECCP1DEL        equ	4023	;# 
   895   000FB7                     CCP1DEL         equ	4023	;# 
   896   000FB8                     BAUDCON         equ	4024	;# 
   897   000FB8                     BAUDCTL         equ	4024	;# 
   898   000FBA                     CCP2CON         equ	4026	;# 
   899   000FBB                     CCPR2           equ	4027	;# 
   900   000FBB                     CCPR2L          equ	4027	;# 
   901   000FBC                     CCPR2H          equ	4028	;# 
   902   000FBD                     CCP1CON         equ	4029	;# 
   903   000FBD                     ECCP1CON        equ	4029	;# 
   904   000FBE                     CCPR1           equ	4030	;# 
   905   000FBE                     CCPR1L          equ	4030	;# 
   906   000FBF                     CCPR1H          equ	4031	;# 
   907   000FC0                     ADCON2          equ	4032	;# 
   908   000FC1                     ADCON1          equ	4033	;# 
   909   000FC2                     ADCON0          equ	4034	;# 
   910   000FC3                     ADRES           equ	4035	;# 
   911   000FC3                     ADRESL          equ	4035	;# 
   912   000FC4                     ADRESH          equ	4036	;# 
   913   000FC5                     SSPCON2         equ	4037	;# 
   914   000FC6                     SSPCON1         equ	4038	;# 
   915   000FC7                     SSPSTAT         equ	4039	;# 
   916   000FC8                     SSPADD          equ	4040	;# 
   917   000FC9                     SSPBUF          equ	4041	;# 
   918   000FCA                     T2CON           equ	4042	;# 
   919   000FCB                     PR2             equ	4043	;# 
   920   000FCB                     MEMCON          equ	4043	;# 
   921   000FCC                     TMR2            equ	4044	;# 
   922   000FCD                     T1CON           equ	4045	;# 
   923   000FCE                     TMR1            equ	4046	;# 
   924   000FCE                     TMR1L           equ	4046	;# 
   925   000FCF                     TMR1H           equ	4047	;# 
   926   000FD0                     RCON            equ	4048	;# 
   927   000FD1                     WDTCON          equ	4049	;# 
   928   000FD2                     HLVDCON         equ	4050	;# 
   929   000FD2                     LVDCON          equ	4050	;# 
   930   000FD3                     OSCCON          equ	4051	;# 
   931   000FD5                     T0CON           equ	4053	;# 
   932   000FD6                     TMR0            equ	4054	;# 
   933   000FD6                     TMR0L           equ	4054	;# 
   934   000FD7                     TMR0H           equ	4055	;# 
   935   000FD8                     STATUS          equ	4056	;# 
   936   000FD9                     FSR2            equ	4057	;# 
   937   000FD9                     FSR2L           equ	4057	;# 
   938   000FDA                     FSR2H           equ	4058	;# 
   939   000FDB                     PLUSW2          equ	4059	;# 
   940   000FDC                     PREINC2         equ	4060	;# 
   941   000FDD                     POSTDEC2        equ	4061	;# 
   942   000FDE                     POSTINC2        equ	4062	;# 
   943   000FDF                     INDF2           equ	4063	;# 
   944   000FE0                     BSR             equ	4064	;# 
   945   000FE1                     FSR1            equ	4065	;# 
   946   000FE1                     FSR1L           equ	4065	;# 
   947   000FE2                     FSR1H           equ	4066	;# 
   948   000FE3                     PLUSW1          equ	4067	;# 
   949   000FE4                     PREINC1         equ	4068	;# 
   950   000FE5                     POSTDEC1        equ	4069	;# 
   951   000FE6                     POSTINC1        equ	4070	;# 
   952   000FE7                     INDF1           equ	4071	;# 
   953   000FE8                     WREG            equ	4072	;# 
   954   000FE9                     FSR0            equ	4073	;# 
   955   000FE9                     FSR0L           equ	4073	;# 
   956   000FEA                     FSR0H           equ	4074	;# 
   957   000FEB                     PLUSW0          equ	4075	;# 
   958   000FEC                     PREINC0         equ	4076	;# 
   959   000FED                     POSTDEC0        equ	4077	;# 
   960   000FEE                     POSTINC0        equ	4078	;# 
   961   000FEF                     INDF0           equ	4079	;# 
   962   000FF0                     INTCON3         equ	4080	;# 
   963   000FF1                     INTCON2         equ	4081	;# 
   964   000FF2                     INTCON          equ	4082	;# 
   965   000FF3                     PROD            equ	4083	;# 
   966   000FF3                     PRODL           equ	4083	;# 
   967   000FF4                     PRODH           equ	4084	;# 
   968   000FF5                     TABLAT          equ	4085	;# 
   969   000FF6                     TBLPTR          equ	4086	;# 
   970   000FF6                     TBLPTRL         equ	4086	;# 
   971   000FF7                     TBLPTRH         equ	4087	;# 
   972   000FF8                     TBLPTRU         equ	4088	;# 
   973   000FF9                     PCLAT           equ	4089	;# 
   974   000FF9                     PC              equ	4089	;# 
   975   000FF9                     PCL             equ	4089	;# 
   976   000FFA                     PCLATH          equ	4090	;# 
   977   000FFB                     PCLATU          equ	4091	;# 
   978   000FFC                     STKPTR          equ	4092	;# 
   979   000FFD                     TOS             equ	4093	;# 
   980   000FFD                     TOSL            equ	4093	;# 
   981   000FFE                     TOSH            equ	4094	;# 
   982   000FFF                     TOSU            equ	4095	;# 
   983   000F62                     SPPDATA         equ	3938	;# 
   984   000F63                     SPPCFG          equ	3939	;# 
   985   000F64                     SPPEPS          equ	3940	;# 
   986   000F65                     SPPCON          equ	3941	;# 
   987   000F66                     UFRM            equ	3942	;# 
   988   000F66                     UFRML           equ	3942	;# 
   989   000F67                     UFRMH           equ	3943	;# 
   990   000F68                     UIR             equ	3944	;# 
   991   000F69                     UIE             equ	3945	;# 
   992   000F6A                     UEIR            equ	3946	;# 
   993   000F6B                     UEIE            equ	3947	;# 
   994   000F6C                     USTAT           equ	3948	;# 
   995   000F6D                     UCON            equ	3949	;# 
   996   000F6E                     UADDR           equ	3950	;# 
   997   000F6F                     UCFG            equ	3951	;# 
   998   000F70                     UEP0            equ	3952	;# 
   999   000F71                     UEP1            equ	3953	;# 
  1000   000F72                     UEP2            equ	3954	;# 
  1001   000F73                     UEP3            equ	3955	;# 
  1002   000F74                     UEP4            equ	3956	;# 
  1003   000F75                     UEP5            equ	3957	;# 
  1004   000F76                     UEP6            equ	3958	;# 
  1005   000F77                     UEP7            equ	3959	;# 
  1006   000F78                     UEP8            equ	3960	;# 
  1007   000F79                     UEP9            equ	3961	;# 
  1008   000F7A                     UEP10           equ	3962	;# 
  1009   000F7B                     UEP11           equ	3963	;# 
  1010   000F7C                     UEP12           equ	3964	;# 
  1011   000F7D                     UEP13           equ	3965	;# 
  1012   000F7E                     UEP14           equ	3966	;# 
  1013   000F7F                     UEP15           equ	3967	;# 
  1014   000F80                     PORTA           equ	3968	;# 
  1015   000F81                     PORTB           equ	3969	;# 
  1016   000F82                     PORTC           equ	3970	;# 
  1017   000F83                     PORTD           equ	3971	;# 
  1018   000F84                     PORTE           equ	3972	;# 
  1019   000F89                     LATA            equ	3977	;# 
  1020   000F8A                     LATB            equ	3978	;# 
  1021   000F8B                     LATC            equ	3979	;# 
  1022   000F8C                     LATD            equ	3980	;# 
  1023   000F8D                     LATE            equ	3981	;# 
  1024   000F92                     TRISA           equ	3986	;# 
  1025   000F92                     DDRA            equ	3986	;# 
  1026   000F93                     TRISB           equ	3987	;# 
  1027   000F93                     DDRB            equ	3987	;# 
  1028   000F94                     TRISC           equ	3988	;# 
  1029   000F94                     DDRC            equ	3988	;# 
  1030   000F95                     TRISD           equ	3989	;# 
  1031   000F95                     DDRD            equ	3989	;# 
  1032   000F96                     TRISE           equ	3990	;# 
  1033   000F96                     DDRE            equ	3990	;# 
  1034   000F9B                     OSCTUNE         equ	3995	;# 
  1035   000F9D                     PIE1            equ	3997	;# 
  1036   000F9E                     PIR1            equ	3998	;# 
  1037   000F9F                     IPR1            equ	3999	;# 
  1038   000FA0                     PIE2            equ	4000	;# 
  1039   000FA1                     PIR2            equ	4001	;# 
  1040   000FA2                     IPR2            equ	4002	;# 
  1041   000FA6                     EECON1          equ	4006	;# 
  1042   000FA7                     EECON2          equ	4007	;# 
  1043   000FA8                     EEDATA          equ	4008	;# 
  1044   000FA9                     EEADR           equ	4009	;# 
  1045   000FAB                     RCSTA           equ	4011	;# 
  1046   000FAB                     RCSTA1          equ	4011	;# 
  1047   000FAC                     TXSTA           equ	4012	;# 
  1048   000FAC                     TXSTA1          equ	4012	;# 
  1049   000FAD                     TXREG           equ	4013	;# 
  1050   000FAD                     TXREG1          equ	4013	;# 
  1051   000FAE                     RCREG           equ	4014	;# 
  1052   000FAE                     RCREG1          equ	4014	;# 
  1053   000FAF                     SPBRG           equ	4015	;# 
  1054   000FAF                     SPBRG1          equ	4015	;# 
  1055   000FB0                     SPBRGH          equ	4016	;# 
  1056   000FB1                     T3CON           equ	4017	;# 
  1057   000FB2                     TMR3            equ	4018	;# 
  1058   000FB2                     TMR3L           equ	4018	;# 
  1059   000FB3                     TMR3H           equ	4019	;# 
  1060   000FB4                     CMCON           equ	4020	;# 
  1061   000FB5                     CVRCON          equ	4021	;# 
  1062   000FB6                     ECCP1AS         equ	4022	;# 
  1063   000FB6                     CCP1AS          equ	4022	;# 
  1064   000FB7                     ECCP1DEL        equ	4023	;# 
  1065   000FB7                     CCP1DEL         equ	4023	;# 
  1066   000FB8                     BAUDCON         equ	4024	;# 
  1067   000FB8                     BAUDCTL         equ	4024	;# 
  1068   000FBA                     CCP2CON         equ	4026	;# 
  1069   000FBB                     CCPR2           equ	4027	;# 
  1070   000FBB                     CCPR2L          equ	4027	;# 
  1071   000FBC                     CCPR2H          equ	4028	;# 
  1072   000FBD                     CCP1CON         equ	4029	;# 
  1073   000FBD                     ECCP1CON        equ	4029	;# 
  1074   000FBE                     CCPR1           equ	4030	;# 
  1075   000FBE                     CCPR1L          equ	4030	;# 
  1076   000FBF                     CCPR1H          equ	4031	;# 
  1077   000FC0                     ADCON2          equ	4032	;# 
  1078   000FC1                     ADCON1          equ	4033	;# 
  1079   000FC2                     ADCON0          equ	4034	;# 
  1080   000FC3                     ADRES           equ	4035	;# 
  1081   000FC3                     ADRESL          equ	4035	;# 
  1082   000FC4                     ADRESH          equ	4036	;# 
  1083   000FC5                     SSPCON2         equ	4037	;# 
  1084   000FC6                     SSPCON1         equ	4038	;# 
  1085   000FC7                     SSPSTAT         equ	4039	;# 
  1086   000FC8                     SSPADD          equ	4040	;# 
  1087   000FC9                     SSPBUF          equ	4041	;# 
  1088   000FCA                     T2CON           equ	4042	;# 
  1089   000FCB                     PR2             equ	4043	;# 
  1090   000FCB                     MEMCON          equ	4043	;# 
  1091   000FCC                     TMR2            equ	4044	;# 
  1092   000FCD                     T1CON           equ	4045	;# 
  1093   000FCE                     TMR1            equ	4046	;# 
  1094   000FCE                     TMR1L           equ	4046	;# 
  1095   000FCF                     TMR1H           equ	4047	;# 
  1096   000FD0                     RCON            equ	4048	;# 
  1097   000FD1                     WDTCON          equ	4049	;# 
  1098   000FD2                     HLVDCON         equ	4050	;# 
  1099   000FD2                     LVDCON          equ	4050	;# 
  1100   000FD3                     OSCCON          equ	4051	;# 
  1101   000FD5                     T0CON           equ	4053	;# 
  1102   000FD6                     TMR0            equ	4054	;# 
  1103   000FD6                     TMR0L           equ	4054	;# 
  1104   000FD7                     TMR0H           equ	4055	;# 
  1105   000FD8                     STATUS          equ	4056	;# 
  1106   000FD9                     FSR2            equ	4057	;# 
  1107   000FD9                     FSR2L           equ	4057	;# 
  1108   000FDA                     FSR2H           equ	4058	;# 
  1109   000FDB                     PLUSW2          equ	4059	;# 
  1110   000FDC                     PREINC2         equ	4060	;# 
  1111   000FDD                     POSTDEC2        equ	4061	;# 
  1112   000FDE                     POSTINC2        equ	4062	;# 
  1113   000FDF                     INDF2           equ	4063	;# 
  1114   000FE0                     BSR             equ	4064	;# 
  1115   000FE1                     FSR1            equ	4065	;# 
  1116   000FE1                     FSR1L           equ	4065	;# 
  1117   000FE2                     FSR1H           equ	4066	;# 
  1118   000FE3                     PLUSW1          equ	4067	;# 
  1119   000FE4                     PREINC1         equ	4068	;# 
  1120   000FE5                     POSTDEC1        equ	4069	;# 
  1121   000FE6                     POSTINC1        equ	4070	;# 
  1122   000FE7                     INDF1           equ	4071	;# 
  1123   000FE8                     WREG            equ	4072	;# 
  1124   000FE9                     FSR0            equ	4073	;# 
  1125   000FE9                     FSR0L           equ	4073	;# 
  1126   000FEA                     FSR0H           equ	4074	;# 
  1127   000FEB                     PLUSW0          equ	4075	;# 
  1128   000FEC                     PREINC0         equ	4076	;# 
  1129   000FED                     POSTDEC0        equ	4077	;# 
  1130   000FEE                     POSTINC0        equ	4078	;# 
  1131   000FEF                     INDF0           equ	4079	;# 
  1132   000FF0                     INTCON3         equ	4080	;# 
  1133   000FF1                     INTCON2         equ	4081	;# 
  1134   000FF2                     INTCON          equ	4082	;# 
  1135   000FF3                     PROD            equ	4083	;# 
  1136   000FF3                     PRODL           equ	4083	;# 
  1137   000FF4                     PRODH           equ	4084	;# 
  1138   000FF5                     TABLAT          equ	4085	;# 
  1139   000FF6                     TBLPTR          equ	4086	;# 
  1140   000FF6                     TBLPTRL         equ	4086	;# 
  1141   000FF7                     TBLPTRH         equ	4087	;# 
  1142   000FF8                     TBLPTRU         equ	4088	;# 
  1143   000FF9                     PCLAT           equ	4089	;# 
  1144   000FF9                     PC              equ	4089	;# 
  1145   000FF9                     PCL             equ	4089	;# 
  1146   000FFA                     PCLATH          equ	4090	;# 
  1147   000FFB                     PCLATU          equ	4091	;# 
  1148   000FFC                     STKPTR          equ	4092	;# 
  1149   000FFD                     TOS             equ	4093	;# 
  1150   000FFD                     TOSL            equ	4093	;# 
  1151   000FFE                     TOSH            equ	4094	;# 
  1152   000FFF                     TOSU            equ	4095	;# 
  1153   000F62                     SPPDATA         equ	3938	;# 
  1154   000F63                     SPPCFG          equ	3939	;# 
  1155   000F64                     SPPEPS          equ	3940	;# 
  1156   000F65                     SPPCON          equ	3941	;# 
  1157   000F66                     UFRM            equ	3942	;# 
  1158   000F66                     UFRML           equ	3942	;# 
  1159   000F67                     UFRMH           equ	3943	;# 
  1160   000F68                     UIR             equ	3944	;# 
  1161   000F69                     UIE             equ	3945	;# 
  1162   000F6A                     UEIR            equ	3946	;# 
  1163   000F6B                     UEIE            equ	3947	;# 
  1164   000F6C                     USTAT           equ	3948	;# 
  1165   000F6D                     UCON            equ	3949	;# 
  1166   000F6E                     UADDR           equ	3950	;# 
  1167   000F6F                     UCFG            equ	3951	;# 
  1168   000F70                     UEP0            equ	3952	;# 
  1169   000F71                     UEP1            equ	3953	;# 
  1170   000F72                     UEP2            equ	3954	;# 
  1171   000F73                     UEP3            equ	3955	;# 
  1172   000F74                     UEP4            equ	3956	;# 
  1173   000F75                     UEP5            equ	3957	;# 
  1174   000F76                     UEP6            equ	3958	;# 
  1175   000F77                     UEP7            equ	3959	;# 
  1176   000F78                     UEP8            equ	3960	;# 
  1177   000F79                     UEP9            equ	3961	;# 
  1178   000F7A                     UEP10           equ	3962	;# 
  1179   000F7B                     UEP11           equ	3963	;# 
  1180   000F7C                     UEP12           equ	3964	;# 
  1181   000F7D                     UEP13           equ	3965	;# 
  1182   000F7E                     UEP14           equ	3966	;# 
  1183   000F7F                     UEP15           equ	3967	;# 
  1184   000F80                     PORTA           equ	3968	;# 
  1185   000F81                     PORTB           equ	3969	;# 
  1186   000F82                     PORTC           equ	3970	;# 
  1187   000F83                     PORTD           equ	3971	;# 
  1188   000F84                     PORTE           equ	3972	;# 
  1189   000F89                     LATA            equ	3977	;# 
  1190   000F8A                     LATB            equ	3978	;# 
  1191   000F8B                     LATC            equ	3979	;# 
  1192   000F8C                     LATD            equ	3980	;# 
  1193   000F8D                     LATE            equ	3981	;# 
  1194   000F92                     TRISA           equ	3986	;# 
  1195   000F92                     DDRA            equ	3986	;# 
  1196   000F93                     TRISB           equ	3987	;# 
  1197   000F93                     DDRB            equ	3987	;# 
  1198   000F94                     TRISC           equ	3988	;# 
  1199   000F94                     DDRC            equ	3988	;# 
  1200   000F95                     TRISD           equ	3989	;# 
  1201   000F95                     DDRD            equ	3989	;# 
  1202   000F96                     TRISE           equ	3990	;# 
  1203   000F96                     DDRE            equ	3990	;# 
  1204   000F9B                     OSCTUNE         equ	3995	;# 
  1205   000F9D                     PIE1            equ	3997	;# 
  1206   000F9E                     PIR1            equ	3998	;# 
  1207   000F9F                     IPR1            equ	3999	;# 
  1208   000FA0                     PIE2            equ	4000	;# 
  1209   000FA1                     PIR2            equ	4001	;# 
  1210   000FA2                     IPR2            equ	4002	;# 
  1211   000FA6                     EECON1          equ	4006	;# 
  1212   000FA7                     EECON2          equ	4007	;# 
  1213   000FA8                     EEDATA          equ	4008	;# 
  1214   000FA9                     EEADR           equ	4009	;# 
  1215   000FAB                     RCSTA           equ	4011	;# 
  1216   000FAB                     RCSTA1          equ	4011	;# 
  1217   000FAC                     TXSTA           equ	4012	;# 
  1218   000FAC                     TXSTA1          equ	4012	;# 
  1219   000FAD                     TXREG           equ	4013	;# 
  1220   000FAD                     TXREG1          equ	4013	;# 
  1221   000FAE                     RCREG           equ	4014	;# 
  1222   000FAE                     RCREG1          equ	4014	;# 
  1223   000FAF                     SPBRG           equ	4015	;# 
  1224   000FAF                     SPBRG1          equ	4015	;# 
  1225   000FB0                     SPBRGH          equ	4016	;# 
  1226   000FB1                     T3CON           equ	4017	;# 
  1227   000FB2                     TMR3            equ	4018	;# 
  1228   000FB2                     TMR3L           equ	4018	;# 
  1229   000FB3                     TMR3H           equ	4019	;# 
  1230   000FB4                     CMCON           equ	4020	;# 
  1231   000FB5                     CVRCON          equ	4021	;# 
  1232   000FB6                     ECCP1AS         equ	4022	;# 
  1233   000FB6                     CCP1AS          equ	4022	;# 
  1234   000FB7                     ECCP1DEL        equ	4023	;# 
  1235   000FB7                     CCP1DEL         equ	4023	;# 
  1236   000FB8                     BAUDCON         equ	4024	;# 
  1237   000FB8                     BAUDCTL         equ	4024	;# 
  1238   000FBA                     CCP2CON         equ	4026	;# 
  1239   000FBB                     CCPR2           equ	4027	;# 
  1240   000FBB                     CCPR2L          equ	4027	;# 
  1241   000FBC                     CCPR2H          equ	4028	;# 
  1242   000FBD                     CCP1CON         equ	4029	;# 
  1243   000FBD                     ECCP1CON        equ	4029	;# 
  1244   000FBE                     CCPR1           equ	4030	;# 
  1245   000FBE                     CCPR1L          equ	4030	;# 
  1246   000FBF                     CCPR1H          equ	4031	;# 
  1247   000FC0                     ADCON2          equ	4032	;# 
  1248   000FC1                     ADCON1          equ	4033	;# 
  1249   000FC2                     ADCON0          equ	4034	;# 
  1250   000FC3                     ADRES           equ	4035	;# 
  1251   000FC3                     ADRESL          equ	4035	;# 
  1252   000FC4                     ADRESH          equ	4036	;# 
  1253   000FC5                     SSPCON2         equ	4037	;# 
  1254   000FC6                     SSPCON1         equ	4038	;# 
  1255   000FC7                     SSPSTAT         equ	4039	;# 
  1256   000FC8                     SSPADD          equ	4040	;# 
  1257   000FC9                     SSPBUF          equ	4041	;# 
  1258   000FCA                     T2CON           equ	4042	;# 
  1259   000FCB                     PR2             equ	4043	;# 
  1260   000FCB                     MEMCON          equ	4043	;# 
  1261   000FCC                     TMR2            equ	4044	;# 
  1262   000FCD                     T1CON           equ	4045	;# 
  1263   000FCE                     TMR1            equ	4046	;# 
  1264   000FCE                     TMR1L           equ	4046	;# 
  1265   000FCF                     TMR1H           equ	4047	;# 
  1266   000FD0                     RCON            equ	4048	;# 
  1267   000FD1                     WDTCON          equ	4049	;# 
  1268   000FD2                     HLVDCON         equ	4050	;# 
  1269   000FD2                     LVDCON          equ	4050	;# 
  1270   000FD3                     OSCCON          equ	4051	;# 
  1271   000FD5                     T0CON           equ	4053	;# 
  1272   000FD6                     TMR0            equ	4054	;# 
  1273   000FD6                     TMR0L           equ	4054	;# 
  1274   000FD7                     TMR0H           equ	4055	;# 
  1275   000FD8                     STATUS          equ	4056	;# 
  1276   000FD9                     FSR2            equ	4057	;# 
  1277   000FD9                     FSR2L           equ	4057	;# 
  1278   000FDA                     FSR2H           equ	4058	;# 
  1279   000FDB                     PLUSW2          equ	4059	;# 
  1280   000FDC                     PREINC2         equ	4060	;# 
  1281   000FDD                     POSTDEC2        equ	4061	;# 
  1282   000FDE                     POSTINC2        equ	4062	;# 
  1283   000FDF                     INDF2           equ	4063	;# 
  1284   000FE0                     BSR             equ	4064	;# 
  1285   000FE1                     FSR1            equ	4065	;# 
  1286   000FE1                     FSR1L           equ	4065	;# 
  1287   000FE2                     FSR1H           equ	4066	;# 
  1288   000FE3                     PLUSW1          equ	4067	;# 
  1289   000FE4                     PREINC1         equ	4068	;# 
  1290   000FE5                     POSTDEC1        equ	4069	;# 
  1291   000FE6                     POSTINC1        equ	4070	;# 
  1292   000FE7                     INDF1           equ	4071	;# 
  1293   000FE8                     WREG            equ	4072	;# 
  1294   000FE9                     FSR0            equ	4073	;# 
  1295   000FE9                     FSR0L           equ	4073	;# 
  1296   000FEA                     FSR0H           equ	4074	;# 
  1297   000FEB                     PLUSW0          equ	4075	;# 
  1298   000FEC                     PREINC0         equ	4076	;# 
  1299   000FED                     POSTDEC0        equ	4077	;# 
  1300   000FEE                     POSTINC0        equ	4078	;# 
  1301   000FEF                     INDF0           equ	4079	;# 
  1302   000FF0                     INTCON3         equ	4080	;# 
  1303   000FF1                     INTCON2         equ	4081	;# 
  1304   000FF2                     INTCON          equ	4082	;# 
  1305   000FF3                     PROD            equ	4083	;# 
  1306   000FF3                     PRODL           equ	4083	;# 
  1307   000FF4                     PRODH           equ	4084	;# 
  1308   000FF5                     TABLAT          equ	4085	;# 
  1309   000FF6                     TBLPTR          equ	4086	;# 
  1310   000FF6                     TBLPTRL         equ	4086	;# 
  1311   000FF7                     TBLPTRH         equ	4087	;# 
  1312   000FF8                     TBLPTRU         equ	4088	;# 
  1313   000FF9                     PCLAT           equ	4089	;# 
  1314   000FF9                     PC              equ	4089	;# 
  1315   000FF9                     PCL             equ	4089	;# 
  1316   000FFA                     PCLATH          equ	4090	;# 
  1317   000FFB                     PCLATU          equ	4091	;# 
  1318   000FFC                     STKPTR          equ	4092	;# 
  1319   000FFD                     TOS             equ	4093	;# 
  1320   000FFD                     TOSL            equ	4093	;# 
  1321   000FFE                     TOSH            equ	4094	;# 
  1322   000FFF                     TOSU            equ	4095	;# 
  1323   000F62                     SPPDATA         equ	3938	;# 
  1324   000F63                     SPPCFG          equ	3939	;# 
  1325   000F64                     SPPEPS          equ	3940	;# 
  1326   000F65                     SPPCON          equ	3941	;# 
  1327   000F66                     UFRM            equ	3942	;# 
  1328   000F66                     UFRML           equ	3942	;# 
  1329   000F67                     UFRMH           equ	3943	;# 
  1330   000F68                     UIR             equ	3944	;# 
  1331   000F69                     UIE             equ	3945	;# 
  1332   000F6A                     UEIR            equ	3946	;# 
  1333   000F6B                     UEIE            equ	3947	;# 
  1334   000F6C                     USTAT           equ	3948	;# 
  1335   000F6D                     UCON            equ	3949	;# 
  1336   000F6E                     UADDR           equ	3950	;# 
  1337   000F6F                     UCFG            equ	3951	;# 
  1338   000F70                     UEP0            equ	3952	;# 
  1339   000F71                     UEP1            equ	3953	;# 
  1340   000F72                     UEP2            equ	3954	;# 
  1341   000F73                     UEP3            equ	3955	;# 
  1342   000F74                     UEP4            equ	3956	;# 
  1343   000F75                     UEP5            equ	3957	;# 
  1344   000F76                     UEP6            equ	3958	;# 
  1345   000F77                     UEP7            equ	3959	;# 
  1346   000F78                     UEP8            equ	3960	;# 
  1347   000F79                     UEP9            equ	3961	;# 
  1348   000F7A                     UEP10           equ	3962	;# 
  1349   000F7B                     UEP11           equ	3963	;# 
  1350   000F7C                     UEP12           equ	3964	;# 
  1351   000F7D                     UEP13           equ	3965	;# 
  1352   000F7E                     UEP14           equ	3966	;# 
  1353   000F7F                     UEP15           equ	3967	;# 
  1354   000F80                     PORTA           equ	3968	;# 
  1355   000F81                     PORTB           equ	3969	;# 
  1356   000F82                     PORTC           equ	3970	;# 
  1357   000F83                     PORTD           equ	3971	;# 
  1358   000F84                     PORTE           equ	3972	;# 
  1359   000F89                     LATA            equ	3977	;# 
  1360   000F8A                     LATB            equ	3978	;# 
  1361   000F8B                     LATC            equ	3979	;# 
  1362   000F8C                     LATD            equ	3980	;# 
  1363   000F8D                     LATE            equ	3981	;# 
  1364   000F92                     TRISA           equ	3986	;# 
  1365   000F92                     DDRA            equ	3986	;# 
  1366   000F93                     TRISB           equ	3987	;# 
  1367   000F93                     DDRB            equ	3987	;# 
  1368   000F94                     TRISC           equ	3988	;# 
  1369   000F94                     DDRC            equ	3988	;# 
  1370   000F95                     TRISD           equ	3989	;# 
  1371   000F95                     DDRD            equ	3989	;# 
  1372   000F96                     TRISE           equ	3990	;# 
  1373   000F96                     DDRE            equ	3990	;# 
  1374   000F9B                     OSCTUNE         equ	3995	;# 
  1375   000F9D                     PIE1            equ	3997	;# 
  1376   000F9E                     PIR1            equ	3998	;# 
  1377   000F9F                     IPR1            equ	3999	;# 
  1378   000FA0                     PIE2            equ	4000	;# 
  1379   000FA1                     PIR2            equ	4001	;# 
  1380   000FA2                     IPR2            equ	4002	;# 
  1381   000FA6                     EECON1          equ	4006	;# 
  1382   000FA7                     EECON2          equ	4007	;# 
  1383   000FA8                     EEDATA          equ	4008	;# 
  1384   000FA9                     EEADR           equ	4009	;# 
  1385   000FAB                     RCSTA           equ	4011	;# 
  1386   000FAB                     RCSTA1          equ	4011	;# 
  1387   000FAC                     TXSTA           equ	4012	;# 
  1388   000FAC                     TXSTA1          equ	4012	;# 
  1389   000FAD                     TXREG           equ	4013	;# 
  1390   000FAD                     TXREG1          equ	4013	;# 
  1391   000FAE                     RCREG           equ	4014	;# 
  1392   000FAE                     RCREG1          equ	4014	;# 
  1393   000FAF                     SPBRG           equ	4015	;# 
  1394   000FAF                     SPBRG1          equ	4015	;# 
  1395   000FB0                     SPBRGH          equ	4016	;# 
  1396   000FB1                     T3CON           equ	4017	;# 
  1397   000FB2                     TMR3            equ	4018	;# 
  1398   000FB2                     TMR3L           equ	4018	;# 
  1399   000FB3                     TMR3H           equ	4019	;# 
  1400   000FB4                     CMCON           equ	4020	;# 
  1401   000FB5                     CVRCON          equ	4021	;# 
  1402   000FB6                     ECCP1AS         equ	4022	;# 
  1403   000FB6                     CCP1AS          equ	4022	;# 
  1404   000FB7                     ECCP1DEL        equ	4023	;# 
  1405   000FB7                     CCP1DEL         equ	4023	;# 
  1406   000FB8                     BAUDCON         equ	4024	;# 
  1407   000FB8                     BAUDCTL         equ	4024	;# 
  1408   000FBA                     CCP2CON         equ	4026	;# 
  1409   000FBB                     CCPR2           equ	4027	;# 
  1410   000FBB                     CCPR2L          equ	4027	;# 
  1411   000FBC                     CCPR2H          equ	4028	;# 
  1412   000FBD                     CCP1CON         equ	4029	;# 
  1413   000FBD                     ECCP1CON        equ	4029	;# 
  1414   000FBE                     CCPR1           equ	4030	;# 
  1415   000FBE                     CCPR1L          equ	4030	;# 
  1416   000FBF                     CCPR1H          equ	4031	;# 
  1417   000FC0                     ADCON2          equ	4032	;# 
  1418   000FC1                     ADCON1          equ	4033	;# 
  1419   000FC2                     ADCON0          equ	4034	;# 
  1420   000FC3                     ADRES           equ	4035	;# 
  1421   000FC3                     ADRESL          equ	4035	;# 
  1422   000FC4                     ADRESH          equ	4036	;# 
  1423   000FC5                     SSPCON2         equ	4037	;# 
  1424   000FC6                     SSPCON1         equ	4038	;# 
  1425   000FC7                     SSPSTAT         equ	4039	;# 
  1426   000FC8                     SSPADD          equ	4040	;# 
  1427   000FC9                     SSPBUF          equ	4041	;# 
  1428   000FCA                     T2CON           equ	4042	;# 
  1429   000FCB                     PR2             equ	4043	;# 
  1430   000FCB                     MEMCON          equ	4043	;# 
  1431   000FCC                     TMR2            equ	4044	;# 
  1432   000FCD                     T1CON           equ	4045	;# 
  1433   000FCE                     TMR1            equ	4046	;# 
  1434   000FCE                     TMR1L           equ	4046	;# 
  1435   000FCF                     TMR1H           equ	4047	;# 
  1436   000FD0                     RCON            equ	4048	;# 
  1437   000FD1                     WDTCON          equ	4049	;# 
  1438   000FD2                     HLVDCON         equ	4050	;# 
  1439   000FD2                     LVDCON          equ	4050	;# 
  1440   000FD3                     OSCCON          equ	4051	;# 
  1441   000FD5                     T0CON           equ	4053	;# 
  1442   000FD6                     TMR0            equ	4054	;# 
  1443   000FD6                     TMR0L           equ	4054	;# 
  1444   000FD7                     TMR0H           equ	4055	;# 
  1445   000FD8                     STATUS          equ	4056	;# 
  1446   000FD9                     FSR2            equ	4057	;# 
  1447   000FD9                     FSR2L           equ	4057	;# 
  1448   000FDA                     FSR2H           equ	4058	;# 
  1449   000FDB                     PLUSW2          equ	4059	;# 
  1450   000FDC                     PREINC2         equ	4060	;# 
  1451   000FDD                     POSTDEC2        equ	4061	;# 
  1452   000FDE                     POSTINC2        equ	4062	;# 
  1453   000FDF                     INDF2           equ	4063	;# 
  1454   000FE0                     BSR             equ	4064	;# 
  1455   000FE1                     FSR1            equ	4065	;# 
  1456   000FE1                     FSR1L           equ	4065	;# 
  1457   000FE2                     FSR1H           equ	4066	;# 
  1458   000FE3                     PLUSW1          equ	4067	;# 
  1459   000FE4                     PREINC1         equ	4068	;# 
  1460   000FE5                     POSTDEC1        equ	4069	;# 
  1461   000FE6                     POSTINC1        equ	4070	;# 
  1462   000FE7                     INDF1           equ	4071	;# 
  1463   000FE8                     WREG            equ	4072	;# 
  1464   000FE9                     FSR0            equ	4073	;# 
  1465   000FE9                     FSR0L           equ	4073	;# 
  1466   000FEA                     FSR0H           equ	4074	;# 
  1467   000FEB                     PLUSW0          equ	4075	;# 
  1468   000FEC                     PREINC0         equ	4076	;# 
  1469   000FED                     POSTDEC0        equ	4077	;# 
  1470   000FEE                     POSTINC0        equ	4078	;# 
  1471   000FEF                     INDF0           equ	4079	;# 
  1472   000FF0                     INTCON3         equ	4080	;# 
  1473   000FF1                     INTCON2         equ	4081	;# 
  1474   000FF2                     INTCON          equ	4082	;# 
  1475   000FF3                     PROD            equ	4083	;# 
  1476   000FF3                     PRODL           equ	4083	;# 
  1477   000FF4                     PRODH           equ	4084	;# 
  1478   000FF5                     TABLAT          equ	4085	;# 
  1479   000FF6                     TBLPTR          equ	4086	;# 
  1480   000FF6                     TBLPTRL         equ	4086	;# 
  1481   000FF7                     TBLPTRH         equ	4087	;# 
  1482   000FF8                     TBLPTRU         equ	4088	;# 
  1483   000FF9                     PCLAT           equ	4089	;# 
  1484   000FF9                     PC              equ	4089	;# 
  1485   000FF9                     PCL             equ	4089	;# 
  1486   000FFA                     PCLATH          equ	4090	;# 
  1487   000FFB                     PCLATU          equ	4091	;# 
  1488   000FFC                     STKPTR          equ	4092	;# 
  1489   000FFD                     TOS             equ	4093	;# 
  1490   000FFD                     TOSL            equ	4093	;# 
  1491   000FFE                     TOSH            equ	4094	;# 
  1492   000FFF                     TOSU            equ	4095	;# 
  1493   000F62                     SPPDATA         equ	3938	;# 
  1494   000F63                     SPPCFG          equ	3939	;# 
  1495   000F64                     SPPEPS          equ	3940	;# 
  1496   000F65                     SPPCON          equ	3941	;# 
  1497   000F66                     UFRM            equ	3942	;# 
  1498   000F66                     UFRML           equ	3942	;# 
  1499   000F67                     UFRMH           equ	3943	;# 
  1500   000F68                     UIR             equ	3944	;# 
  1501   000F69                     UIE             equ	3945	;# 
  1502   000F6A                     UEIR            equ	3946	;# 
  1503   000F6B                     UEIE            equ	3947	;# 
  1504   000F6C                     USTAT           equ	3948	;# 
  1505   000F6D                     UCON            equ	3949	;# 
  1506   000F6E                     UADDR           equ	3950	;# 
  1507   000F6F                     UCFG            equ	3951	;# 
  1508   000F70                     UEP0            equ	3952	;# 
  1509   000F71                     UEP1            equ	3953	;# 
  1510   000F72                     UEP2            equ	3954	;# 
  1511   000F73                     UEP3            equ	3955	;# 
  1512   000F74                     UEP4            equ	3956	;# 
  1513   000F75                     UEP5            equ	3957	;# 
  1514   000F76                     UEP6            equ	3958	;# 
  1515   000F77                     UEP7            equ	3959	;# 
  1516   000F78                     UEP8            equ	3960	;# 
  1517   000F79                     UEP9            equ	3961	;# 
  1518   000F7A                     UEP10           equ	3962	;# 
  1519   000F7B                     UEP11           equ	3963	;# 
  1520   000F7C                     UEP12           equ	3964	;# 
  1521   000F7D                     UEP13           equ	3965	;# 
  1522   000F7E                     UEP14           equ	3966	;# 
  1523   000F7F                     UEP15           equ	3967	;# 
  1524   000F80                     PORTA           equ	3968	;# 
  1525   000F81                     PORTB           equ	3969	;# 
  1526   000F82                     PORTC           equ	3970	;# 
  1527   000F83                     PORTD           equ	3971	;# 
  1528   000F84                     PORTE           equ	3972	;# 
  1529   000F89                     LATA            equ	3977	;# 
  1530   000F8A                     LATB            equ	3978	;# 
  1531   000F8B                     LATC            equ	3979	;# 
  1532   000F8C                     LATD            equ	3980	;# 
  1533   000F8D                     LATE            equ	3981	;# 
  1534   000F92                     TRISA           equ	3986	;# 
  1535   000F92                     DDRA            equ	3986	;# 
  1536   000F93                     TRISB           equ	3987	;# 
  1537   000F93                     DDRB            equ	3987	;# 
  1538   000F94                     TRISC           equ	3988	;# 
  1539   000F94                     DDRC            equ	3988	;# 
  1540   000F95                     TRISD           equ	3989	;# 
  1541   000F95                     DDRD            equ	3989	;# 
  1542   000F96                     TRISE           equ	3990	;# 
  1543   000F96                     DDRE            equ	3990	;# 
  1544   000F9B                     OSCTUNE         equ	3995	;# 
  1545   000F9D                     PIE1            equ	3997	;# 
  1546   000F9E                     PIR1            equ	3998	;# 
  1547   000F9F                     IPR1            equ	3999	;# 
  1548   000FA0                     PIE2            equ	4000	;# 
  1549   000FA1                     PIR2            equ	4001	;# 
  1550   000FA2                     IPR2            equ	4002	;# 
  1551   000FA6                     EECON1          equ	4006	;# 
  1552   000FA7                     EECON2          equ	4007	;# 
  1553   000FA8                     EEDATA          equ	4008	;# 
  1554   000FA9                     EEADR           equ	4009	;# 
  1555   000FAB                     RCSTA           equ	4011	;# 
  1556   000FAB                     RCSTA1          equ	4011	;# 
  1557   000FAC                     TXSTA           equ	4012	;# 
  1558   000FAC                     TXSTA1          equ	4012	;# 
  1559   000FAD                     TXREG           equ	4013	;# 
  1560   000FAD                     TXREG1          equ	4013	;# 
  1561   000FAE                     RCREG           equ	4014	;# 
  1562   000FAE                     RCREG1          equ	4014	;# 
  1563   000FAF                     SPBRG           equ	4015	;# 
  1564   000FAF                     SPBRG1          equ	4015	;# 
  1565   000FB0                     SPBRGH          equ	4016	;# 
  1566   000FB1                     T3CON           equ	4017	;# 
  1567   000FB2                     TMR3            equ	4018	;# 
  1568   000FB2                     TMR3L           equ	4018	;# 
  1569   000FB3                     TMR3H           equ	4019	;# 
  1570   000FB4                     CMCON           equ	4020	;# 
  1571   000FB5                     CVRCON          equ	4021	;# 
  1572   000FB6                     ECCP1AS         equ	4022	;# 
  1573   000FB6                     CCP1AS          equ	4022	;# 
  1574   000FB7                     ECCP1DEL        equ	4023	;# 
  1575   000FB7                     CCP1DEL         equ	4023	;# 
  1576   000FB8                     BAUDCON         equ	4024	;# 
  1577   000FB8                     BAUDCTL         equ	4024	;# 
  1578   000FBA                     CCP2CON         equ	4026	;# 
  1579   000FBB                     CCPR2           equ	4027	;# 
  1580   000FBB                     CCPR2L          equ	4027	;# 
  1581   000FBC                     CCPR2H          equ	4028	;# 
  1582   000FBD                     CCP1CON         equ	4029	;# 
  1583   000FBD                     ECCP1CON        equ	4029	;# 
  1584   000FBE                     CCPR1           equ	4030	;# 
  1585   000FBE                     CCPR1L          equ	4030	;# 
  1586   000FBF                     CCPR1H          equ	4031	;# 
  1587   000FC0                     ADCON2          equ	4032	;# 
  1588   000FC1                     ADCON1          equ	4033	;# 
  1589   000FC2                     ADCON0          equ	4034	;# 
  1590   000FC3                     ADRES           equ	4035	;# 
  1591   000FC3                     ADRESL          equ	4035	;# 
  1592   000FC4                     ADRESH          equ	4036	;# 
  1593   000FC5                     SSPCON2         equ	4037	;# 
  1594   000FC6                     SSPCON1         equ	4038	;# 
  1595   000FC7                     SSPSTAT         equ	4039	;# 
  1596   000FC8                     SSPADD          equ	4040	;# 
  1597   000FC9                     SSPBUF          equ	4041	;# 
  1598   000FCA                     T2CON           equ	4042	;# 
  1599   000FCB                     PR2             equ	4043	;# 
  1600   000FCB                     MEMCON          equ	4043	;# 
  1601   000FCC                     TMR2            equ	4044	;# 
  1602   000FCD                     T1CON           equ	4045	;# 
  1603   000FCE                     TMR1            equ	4046	;# 
  1604   000FCE                     TMR1L           equ	4046	;# 
  1605   000FCF                     TMR1H           equ	4047	;# 
  1606   000FD0                     RCON            equ	4048	;# 
  1607   000FD1                     WDTCON          equ	4049	;# 
  1608   000FD2                     HLVDCON         equ	4050	;# 
  1609   000FD2                     LVDCON          equ	4050	;# 
  1610   000FD3                     OSCCON          equ	4051	;# 
  1611   000FD5                     T0CON           equ	4053	;# 
  1612   000FD6                     TMR0            equ	4054	;# 
  1613   000FD6                     TMR0L           equ	4054	;# 
  1614   000FD7                     TMR0H           equ	4055	;# 
  1615   000FD8                     STATUS          equ	4056	;# 
  1616   000FD9                     FSR2            equ	4057	;# 
  1617   000FD9                     FSR2L           equ	4057	;# 
  1618   000FDA                     FSR2H           equ	4058	;# 
  1619   000FDB                     PLUSW2          equ	4059	;# 
  1620   000FDC                     PREINC2         equ	4060	;# 
  1621   000FDD                     POSTDEC2        equ	4061	;# 
  1622   000FDE                     POSTINC2        equ	4062	;# 
  1623   000FDF                     INDF2           equ	4063	;# 
  1624   000FE0                     BSR             equ	4064	;# 
  1625   000FE1                     FSR1            equ	4065	;# 
  1626   000FE1                     FSR1L           equ	4065	;# 
  1627   000FE2                     FSR1H           equ	4066	;# 
  1628   000FE3                     PLUSW1          equ	4067	;# 
  1629   000FE4                     PREINC1         equ	4068	;# 
  1630   000FE5                     POSTDEC1        equ	4069	;# 
  1631   000FE6                     POSTINC1        equ	4070	;# 
  1632   000FE7                     INDF1           equ	4071	;# 
  1633   000FE8                     WREG            equ	4072	;# 
  1634   000FE9                     FSR0            equ	4073	;# 
  1635   000FE9                     FSR0L           equ	4073	;# 
  1636   000FEA                     FSR0H           equ	4074	;# 
  1637   000FEB                     PLUSW0          equ	4075	;# 
  1638   000FEC                     PREINC0         equ	4076	;# 
  1639   000FED                     POSTDEC0        equ	4077	;# 
  1640   000FEE                     POSTINC0        equ	4078	;# 
  1641   000FEF                     INDF0           equ	4079	;# 
  1642   000FF0                     INTCON3         equ	4080	;# 
  1643   000FF1                     INTCON2         equ	4081	;# 
  1644   000FF2                     INTCON          equ	4082	;# 
  1645   000FF3                     PROD            equ	4083	;# 
  1646   000FF3                     PRODL           equ	4083	;# 
  1647   000FF4                     PRODH           equ	4084	;# 
  1648   000FF5                     TABLAT          equ	4085	;# 
  1649   000FF6                     TBLPTR          equ	4086	;# 
  1650   000FF6                     TBLPTRL         equ	4086	;# 
  1651   000FF7                     TBLPTRH         equ	4087	;# 
  1652   000FF8                     TBLPTRU         equ	4088	;# 
  1653   000FF9                     PCLAT           equ	4089	;# 
  1654   000FF9                     PC              equ	4089	;# 
  1655   000FF9                     PCL             equ	4089	;# 
  1656   000FFA                     PCLATH          equ	4090	;# 
  1657   000FFB                     PCLATU          equ	4091	;# 
  1658   000FFC                     STKPTR          equ	4092	;# 
  1659   000FFD                     TOS             equ	4093	;# 
  1660   000FFD                     TOSL            equ	4093	;# 
  1661   000FFE                     TOSH            equ	4094	;# 
  1662   000FFF                     TOSU            equ	4095	;# 
  1663                           
  1664                           	psect	smallconst
  1665   000800                     __psmallconst:
  1666                           	callstack 0
  1667   000800  00                 	db	0
  1668   000801                     _font5x7:
  1669                           	callstack 0
  1670   000801  00                 	db	0
  1671   000802  00                 	db	0
  1672   000803  00                 	db	0
  1673   000804  00                 	db	0
  1674   000805  00                 	db	0
  1675   000806  3E                 	db	62
  1676   000807  51                 	db	81
  1677   000808  49                 	db	73
  1678   000809  45                 	db	69
  1679   00080A  3E                 	db	62
  1680   00080B  00                 	db	0
  1681   00080C  42                 	db	66
  1682   00080D  7F                 	db	127
  1683   00080E  40                 	db	64
  1684   00080F  00                 	db	0
  1685   000810  42                 	db	66
  1686   000811  61                 	db	97
  1687   000812  51                 	db	81
  1688   000813  49                 	db	73
  1689   000814  46                 	db	70
  1690   000815  21                 	db	33
  1691   000816  41                 	db	65
  1692   000817  45                 	db	69
  1693   000818  4B                 	db	75
  1694   000819  31                 	db	49
  1695   00081A  18                 	db	24
  1696   00081B  14                 	db	20
  1697   00081C  12                 	db	18
  1698   00081D  7F                 	db	127
  1699   00081E  10                 	db	16
  1700   00081F  27                 	db	39
  1701   000820  45                 	db	69
  1702   000821  45                 	db	69
  1703   000822  45                 	db	69
  1704   000823  39                 	db	57
  1705   000824  3C                 	db	60
  1706   000825  4A                 	db	74
  1707   000826  49                 	db	73
  1708   000827  49                 	db	73
  1709   000828  30                 	db	48
  1710   000829  01                 	db	1
  1711   00082A  71                 	db	113
  1712   00082B  09                 	db	9
  1713   00082C  05                 	db	5
  1714   00082D  03                 	db	3
  1715   00082E  36                 	db	54
  1716   00082F  49                 	db	73
  1717   000830  49                 	db	73
  1718   000831  49                 	db	73
  1719   000832  36                 	db	54
  1720   000833  06                 	db	6
  1721   000834  49                 	db	73
  1722   000835  49                 	db	73
  1723   000836  29                 	db	41
  1724   000837  1E                 	db	30
  1725   000838  7E                 	db	126
  1726   000839  11                 	db	17
  1727   00083A  11                 	db	17
  1728   00083B  11                 	db	17
  1729   00083C  7E                 	db	126
  1730   00083D  7F                 	db	127
  1731   00083E  49                 	db	73
  1732   00083F  49                 	db	73
  1733   000840  49                 	db	73
  1734   000841  36                 	db	54
  1735   000842  3E                 	db	62
  1736   000843  41                 	db	65
  1737   000844  41                 	db	65
  1738   000845  41                 	db	65
  1739   000846  22                 	db	34
  1740   000847  7F                 	db	127
  1741   000848  41                 	db	65
  1742   000849  41                 	db	65
  1743   00084A  22                 	db	34
  1744   00084B  1C                 	db	28
  1745   00084C  7F                 	db	127
  1746   00084D  49                 	db	73
  1747   00084E  49                 	db	73
  1748   00084F  49                 	db	73
  1749   000850  41                 	db	65
  1750   000851  7F                 	db	127
  1751   000852  09                 	db	9
  1752   000853  09                 	db	9
  1753   000854  09                 	db	9
  1754   000855  01                 	db	1
  1755   000856  3E                 	db	62
  1756   000857  41                 	db	65
  1757   000858  49                 	db	73
  1758   000859  49                 	db	73
  1759   00085A  7A                 	db	122
  1760   00085B  7F                 	db	127
  1761   00085C  08                 	db	8
  1762   00085D  08                 	db	8
  1763   00085E  08                 	db	8
  1764   00085F  7F                 	db	127
  1765   000860  00                 	db	0
  1766   000861  41                 	db	65
  1767   000862  7F                 	db	127
  1768   000863  41                 	db	65
  1769   000864  00                 	db	0
  1770   000865  20                 	db	32
  1771   000866  40                 	db	64
  1772   000867  41                 	db	65
  1773   000868  3F                 	db	63
  1774   000869  01                 	db	1
  1775   00086A  7F                 	db	127
  1776   00086B  08                 	db	8
  1777   00086C  14                 	db	20
  1778   00086D  22                 	db	34
  1779   00086E  41                 	db	65
  1780   00086F  7F                 	db	127
  1781   000870  40                 	db	64
  1782   000871  40                 	db	64
  1783   000872  40                 	db	64
  1784   000873  40                 	db	64
  1785   000874  7F                 	db	127
  1786   000875  02                 	db	2
  1787   000876  0C                 	db	12
  1788   000877  02                 	db	2
  1789   000878  7F                 	db	127
  1790   000879  7F                 	db	127
  1791   00087A  04                 	db	4
  1792   00087B  08                 	db	8
  1793   00087C  10                 	db	16
  1794   00087D  7F                 	db	127
  1795   00087E  3E                 	db	62
  1796   00087F  41                 	db	65
  1797   000880  41                 	db	65
  1798   000881  41                 	db	65
  1799   000882  3E                 	db	62
  1800   000883  7F                 	db	127
  1801   000884  09                 	db	9
  1802   000885  09                 	db	9
  1803   000886  09                 	db	9
  1804   000887  06                 	db	6
  1805   000888  3E                 	db	62
  1806   000889  41                 	db	65
  1807   00088A  51                 	db	81
  1808   00088B  21                 	db	33
  1809   00088C  5E                 	db	94
  1810   00088D  7F                 	db	127
  1811   00088E  09                 	db	9
  1812   00088F  19                 	db	25
  1813   000890  29                 	db	41
  1814   000891  46                 	db	70
  1815   000892  46                 	db	70
  1816   000893  49                 	db	73
  1817   000894  49                 	db	73
  1818   000895  49                 	db	73
  1819   000896  31                 	db	49
  1820   000897  01                 	db	1
  1821   000898  01                 	db	1
  1822   000899  7F                 	db	127
  1823   00089A  01                 	db	1
  1824   00089B  01                 	db	1
  1825   00089C  3F                 	db	63
  1826   00089D  40                 	db	64
  1827   00089E  40                 	db	64
  1828   00089F  40                 	db	64
  1829   0008A0  3F                 	db	63
  1830   0008A1  1F                 	db	31
  1831   0008A2  20                 	db	32
  1832   0008A3  40                 	db	64
  1833   0008A4  20                 	db	32
  1834   0008A5  1F                 	db	31
  1835   0008A6  3F                 	db	63
  1836   0008A7  40                 	db	64
  1837   0008A8  38                 	db	56
  1838   0008A9  40                 	db	64
  1839   0008AA  3F                 	db	63
  1840   0008AB  63                 	db	99
  1841   0008AC  14                 	db	20
  1842   0008AD  08                 	db	8
  1843   0008AE  14                 	db	20
  1844   0008AF  63                 	db	99
  1845   0008B0  07                 	db	7
  1846   0008B1  08                 	db	8
  1847   0008B2  70                 	db	112
  1848   0008B3  08                 	db	8
  1849   0008B4  07                 	db	7
  1850   0008B5  61                 	db	97
  1851   0008B6  51                 	db	81
  1852   0008B7  49                 	db	73
  1853   0008B8  45                 	db	69
  1854   0008B9  43                 	db	67
  1855   0008BA  00                 	db	0
  1856   0008BB  00                 	db	0
  1857   0008BC  5F                 	db	95
  1858   0008BD  00                 	db	0
  1859   0008BE  00                 	db	0
  1860   0008BF  00                 	db	0
  1861   0008C0  06                 	db	6
  1862   0008C1  09                 	db	9
  1863   0008C2  09                 	db	9
  1864   0008C3  06                 	db	6
  1865   0008C4  00                 	db	0
  1866   0008C5  00                 	db	0
  1867   0008C6  08                 	db	8
  1868   0008C7  00                 	db	0
  1869   0008C8  00                 	db	0
  1870   0008C9                     __end_of_font5x7:
  1871                           	callstack 0
  1872   007E11                     _GO_nDONE       set	32273
  1873   000F81                     _PORTBbits      set	3969
  1874   000FF1                     _INTCON2bits    set	4081
  1875   000F8A                     _LATBbits       set	3978
  1876   000F93                     _TRISBbits      set	3987
  1877   000FBD                     _CCP1CONbits    set	4029
  1878   000FBE                     _CCPR1L         set	4030
  1879   000FCA                     _T2CON          set	4042
  1880   000FBD                     _CCP1CON        set	4029
  1881   000FCB                     _PR2            set	4043
  1882   000F94                     _TRISCbits      set	3988
  1883   000F8C                     _LATDbits       set	3980
  1884   000FC3                     _ADRESL         set	4035
  1885   000FC4                     _ADRESH         set	4036
  1886   000FC2                     _ADCON0bits     set	4034
  1887   000FC2                     _ADCON0         set	4034
  1888   000FC0                     _ADCON2         set	4032
  1889   000FC1                     _ADCON1         set	4033
  1890   000F8C                     _LATD           set	3980
  1891   000F94                     _TRISC          set	3988
  1892   000F95                     _TRISD          set	3989
  1893   000F93                     _TRISB          set	3987
  1894   000F92                     _TRISA          set	3986
  1895   000FD3                     _OSCCON         set	4051
  1896   0008C9                     STR_1:
  1897   0008C9  49                 	db	73	;'I'
  1898   0008CA  4E                 	db	78	;'N'
  1899   0008CB  49                 	db	73	;'I'
  1900   0008CC  43                 	db	67	;'C'
  1901   0008CD  49                 	db	73	;'I'
  1902   0008CE  41                 	db	65	;'A'
  1903   0008CF  4E                 	db	78	;'N'
  1904   0008D0  44                 	db	68	;'D'
  1905   0008D1  4F                 	db	79	;'O'
  1906   0008D2  00                 	db	0
  1907   0008D3                     STR_3:
  1908   0008D3  48                 	db	72	;'H'
  1909   0008D4  20                 	db	32
  1910   0008D5  25                 	db	37
  1911   0008D6  64                 	db	100	;'d'
  1912   0008D7  25                 	db	37
  1913   0008D8  25                 	db	37
  1914   0008D9  00                 	db	0
  1915   0008DA                     STR_2:
  1916   0008DA  54                 	db	84	;'T'
  1917   0008DB  20                 	db	32
  1918   0008DC  25                 	db	37
  1919   0008DD  64                 	db	100	;'d'
  1920   0008DE  20                 	db	32
  1921   0008DF  43                 	db	67	;'C'
  1922   0008E0  00                 	db	0
  1923   0008E1                     STR_4:
  1924   0008E1  41                 	db	65	;'A'
  1925   0008E2  20                 	db	32
  1926   0008E3  25                 	db	37
  1927   0008E4  64                 	db	100	;'d'
  1928   0008E5  00                 	db	0
  1929   0008E6                     STR_5:
  1930   0008E6  4C                 	db	76	;'L'
  1931   0008E7  20                 	db	32
  1932   0008E8  25                 	db	37
  1933   0008E9  64                 	db	100	;'d'
  1934   0008EA  00                 	db	0
  1935   0008EB  00                 	db	0	; dummy byte at the end
  1936   000800                     __smallconst    set	__psmallconst
  1937   000800                     __mediumconst   set	__psmallconst
  1938   000002                     __activetblptr  equ	2
  1939                           
  1940                           ; #config settings
  1941                           
  1942                           	psect	cinit
  1943   0024BC                     __pcinit:
  1944                           	callstack 0
  1945   0024BC                     start_initialization:
  1946                           	callstack 0
  1947   0024BC                     __initialization:
  1948                           	callstack 0
  1949                           
  1950                           ; Clear objects allocated to BANK0 (32 bytes)
  1951   0024BC  EE00  F060         	lfsr	0,__pbssBANK0
  1952   0024C0  0E20               	movlw	32
  1953   0024C2                     clear_0:
  1954   0024C2  6AEE               	clrf	postinc0,c
  1955   0024C4  06E8               	decf	wreg,f,c
  1956   0024C6  E1FD               	bnz	clear_0
  1957                           
  1958                           ; Clear objects allocated to COMRAM (11 bytes)
  1959   0024C8  EE00  F051         	lfsr	0,__pbssCOMRAM
  1960   0024CC  0E0B               	movlw	11
  1961   0024CE                     clear_1:
  1962   0024CE  6AEE               	clrf	postinc0,c
  1963   0024D0  06E8               	decf	wreg,f,c
  1964   0024D2  E1FD               	bnz	clear_1
  1965   0024D4                     end_of_initialization:
  1966                           	callstack 0
  1967   0024D4                     __end_of__initialization:
  1968                           	callstack 0
  1969   0024D4  0E00               	movlw	low (__Lmediumconst shr (0+16))
  1970   0024D6  6EF8               	movwf	tblptru,c
  1971   0024D8  0100               	movlb	0
  1972   0024DA  EF50  F008         	goto	_main	;jump to C main() function
  1973                           
  1974                           	psect	bssCOMRAM
  1975   000051                     __pbssCOMRAM:
  1976                           	callstack 0
  1977   000051                     _width:
  1978                           	callstack 0
  1979   000051                     	ds	2
  1980   000053                     _prec:
  1981                           	callstack 0
  1982   000053                     	ds	2
  1983   000055                     control_luz@led_on:
  1984                           	callstack 0
  1985   000055                     	ds	2
  1986   000057                     control_temperatura@calentador_on:
  1987                           	callstack 0
  1988   000057                     	ds	2
  1989   000059                     _contador_aire:
  1990                           	callstack 0
  1991   000059                     	ds	2
  1992   00005B                     _flags:
  1993                           	callstack 0
  1994   00005B                     	ds	1
  1995                           
  1996                           	psect	bssBANK0
  1997   000060                     __pbssBANK0:
  1998                           	callstack 0
  1999   000060                     _dbuf:
  2000                           	callstack 0
  2001   000060                     	ds	32
  2002                           
  2003                           	psect	cstackBANK0
  2004   000080                     __pcstackBANK0:
  2005                           	callstack 0
  2006   000080                     main@buffer:
  2007                           	callstack 0
  2008                           
  2009                           ; 14 bytes @ 0x0
  2010   000080                     	ds	14
  2011   00008E                     main@temp:
  2012                           	callstack 0
  2013                           
  2014                           ; 4 bytes @ 0xE
  2015   00008E                     	ds	4
  2016   000092                     main@humedad:
  2017                           	callstack 0
  2018                           
  2019                           ; 4 bytes @ 0x12
  2020   000092                     	ds	4
  2021   000096                     main@lux:
  2022                           	callstack 0
  2023                           
  2024                           ; 4 bytes @ 0x16
  2025   000096                     	ds	4
  2026   00009A                     main@aire:
  2027                           	callstack 0
  2028                           
  2029                           ; 2 bytes @ 0x1A
  2030   00009A                     	ds	2
  2031                           
  2032                           	psect	cstackCOMRAM
  2033   000001                     __pcstackCOMRAM:
  2034                           	callstack 0
  2035   000001                     ?___awdiv:
  2036                           	callstack 0
  2037   000001                     ?___awmod:
  2038                           	callstack 0
  2039   000001                     ?_leer_adc:
  2040                           	callstack 0
  2041   000001                     ?___fltol:
  2042                           	callstack 0
  2043   000001                     ?___xxtofl:
  2044                           	callstack 0
  2045   000001                     leer_adc@canal:
  2046                           	callstack 0
  2047   000001                     set_PWM_duty@duty:
  2048                           	callstack 0
  2049   000001                     ___awdiv@dividend:
  2050                           	callstack 0
  2051   000001                     ___awmod@dividend:
  2052                           	callstack 0
  2053   000001                     fputc@c:
  2054                           	callstack 0
  2055   000001                     ___flge@ff1:
  2056                           	callstack 0
  2057   000001                     ___fltol@f1:
  2058                           	callstack 0
  2059   000001                     ___xxtofl@val:
  2060                           	callstack 0
  2061   000001                     ??_I2C_Write:
  2062   000001                     ??_I2C_Read:
  2063                           
  2064                           ; 1 bytes @ 0x0
  2065   000001                     	ds	1
  2066   000002                     I2C_Write@data:
  2067                           	callstack 0
  2068   000002                     I2C_Read@ack:
  2069                           	callstack 0
  2070                           
  2071                           ; 1 bytes @ 0x1
  2072   000002                     	ds	1
  2073   000003                     I2C_Write@i:
  2074                           	callstack 0
  2075   000003                     I2C_Read@data:
  2076                           	callstack 0
  2077   000003                     fputc@fp:
  2078                           	callstack 0
  2079   000003                     ___awdiv@divisor:
  2080                           	callstack 0
  2081   000003                     ___awmod@divisor:
  2082                           	callstack 0
  2083   000003                     ??_set_PWM_duty:
  2084   000003                     ??_leer_adc:
  2085                           
  2086                           ; 1 bytes @ 0x2
  2087   000003                     	ds	1
  2088   000004                     I2C_Read@i:
  2089                           	callstack 0
  2090   000004                     OLED_Command@cmd:
  2091                           	callstack 0
  2092   000004                     BME280_Write@data:
  2093                           	callstack 0
  2094   000004                     ??_BH1750_Init:
  2095   000004                     ??_fputc:
  2096   000004                     ??_OLED_WriteChar:
  2097                           
  2098                           ; 1 bytes @ 0x3
  2099   000004                     	ds	1
  2100   000005                     ?_leer_aire:
  2101                           	callstack 0
  2102   000005                     OLED_Clear@i:
  2103                           	callstack 0
  2104   000005                     OLED_ClearLine@linea:
  2105                           	callstack 0
  2106   000005                     OLED_SetCursor@page:
  2107                           	callstack 0
  2108   000005                     BME280_Write@reg:
  2109                           	callstack 0
  2110   000005                     BME280_Read@reg:
  2111                           	callstack 0
  2112   000005                     ___awdiv@counter:
  2113                           	callstack 0
  2114   000005                     ___awmod@counter:
  2115                           	callstack 0
  2116   000005                     control_aire@aire:
  2117                           	callstack 0
  2118   000005                     OLED_WriteChar@index:
  2119                           	callstack 0
  2120   000005                     ___flge@ff2:
  2121                           	callstack 0
  2122   000005                     ??_OLED_Init:
  2123   000005                     ??___fltol:
  2124   000005                     ??___xxtofl:
  2125                           
  2126                           ; 1 bytes @ 0x4
  2127   000005                     	ds	1
  2128   000006                     OLED_Clear@page:
  2129                           	callstack 0
  2130   000006                     OLED_ClearLine@i:
  2131                           	callstack 0
  2132   000006                     OLED_SetCursor@col:
  2133                           	callstack 0
  2134   000006                     BME280_Read@data:
  2135                           	callstack 0
  2136   000006                     ___awdiv@sign:
  2137                           	callstack 0
  2138   000006                     ___awmod@sign:
  2139                           	callstack 0
  2140   000006                     ??_BME280_Init:
  2141   000006                     
  2142                           ; 1 bytes @ 0x5
  2143   000006                     	ds	1
  2144   000007                     ?_abs:
  2145                           	callstack 0
  2146   000007                     OLED_WriteChar@i:
  2147                           	callstack 0
  2148   000007                     ___awdiv@quotient:
  2149                           	callstack 0
  2150   000007                     abs@a:
  2151                           	callstack 0
  2152   000007                     
  2153                           ; 1 bytes @ 0x6
  2154   000007                     	ds	1
  2155   000008                     OLED_WriteChar@c:
  2156                           	callstack 0
  2157                           
  2158                           ; 1 bytes @ 0x7
  2159   000008                     	ds	1
  2160   000009                     ___fltol@sign1:
  2161                           	callstack 0
  2162   000009                     ___xxtofl@sign:
  2163                           	callstack 0
  2164   000009                     OLED_WriteString@str:
  2165                           	callstack 0
  2166   000009                     ??_abs:
  2167   000009                     ??___flge:
  2168                           
  2169                           ; 1 bytes @ 0x8
  2170   000009                     	ds	1
  2171   00000A                     ___fltol@exp1:
  2172                           	callstack 0
  2173   00000A                     ___xxtofl@exp:
  2174                           	callstack 0
  2175                           
  2176                           ; 1 bytes @ 0x9
  2177   00000A                     	ds	1
  2178   00000B                     vfpfcnvrt@fp:
  2179                           	callstack 0
  2180   00000B                     ___xxtofl@arg:
  2181                           	callstack 0
  2182   00000B                     
  2183                           ; 1 bytes @ 0xA
  2184   00000B                     	ds	1
  2185   00000C                     vfpfcnvrt@fmt:
  2186                           	callstack 0
  2187                           
  2188                           ; 1 bytes @ 0xB
  2189   00000C                     	ds	1
  2190   00000D                     vfpfcnvrt@ap:
  2191                           	callstack 0
  2192   00000D                     control_temperatura@T:
  2193                           	callstack 0
  2194   00000D                     control_luz@lux:
  2195                           	callstack 0
  2196   00000D                     control_humedad@H:
  2197                           	callstack 0
  2198                           
  2199                           ; 4 bytes @ 0xC
  2200   00000D                     	ds	1
  2201   00000E                     ??_vfpfcnvrt:
  2202                           
  2203                           ; 1 bytes @ 0xD
  2204   00000E                     	ds	1
  2205   00000F                     ?___flmul:
  2206                           	callstack 0
  2207   00000F                     vfpfcnvrt@done:
  2208                           	callstack 0
  2209   00000F                     ___flmul@b:
  2210                           	callstack 0
  2211                           
  2212                           ; 4 bytes @ 0xE
  2213   00000F                     	ds	1
  2214   000010                     vfpfcnvrt@cp:
  2215                           	callstack 0
  2216                           
  2217                           ; 1 bytes @ 0xF
  2218   000010                     	ds	1
  2219   000011                     vfpfcnvrt@convarg:
  2220                           	callstack 0
  2221   000011                     
  2222                           ; 1 bytes @ 0x10
  2223   000011                     	ds	2
  2224   000013                     ___flmul@a:
  2225                           	callstack 0
  2226                           
  2227                           ; 4 bytes @ 0x12
  2228   000013                     	ds	2
  2229   000015                     vfpfcnvrt@c:
  2230                           	callstack 0
  2231                           
  2232                           ; 1 bytes @ 0x14
  2233   000015                     	ds	1
  2234   000016                     ?_vfprintf:
  2235                           	callstack 0
  2236   000016                     vfprintf@fp:
  2237                           	callstack 0
  2238                           
  2239                           ; 1 bytes @ 0x15
  2240   000016                     	ds	1
  2241   000017                     vfprintf@fmt:
  2242                           	callstack 0
  2243   000017                     ??___flmul:
  2244                           
  2245                           ; 1 bytes @ 0x16
  2246   000017                     	ds	1
  2247   000018                     vfprintf@ap:
  2248                           	callstack 0
  2249                           
  2250                           ; 1 bytes @ 0x17
  2251   000018                     	ds	1
  2252   000019                     vfprintf@cfmt:
  2253                           	callstack 0
  2254   000019                     
  2255                           ; 1 bytes @ 0x18
  2256   000019                     	ds	1
  2257   00001A                     ?_sprintf:
  2258                           	callstack 0
  2259   00001A                     sprintf@s:
  2260                           	callstack 0
  2261                           
  2262                           ; 1 bytes @ 0x19
  2263   00001A                     	ds	1
  2264   00001B                     ___flmul@sign:
  2265                           	callstack 0
  2266   00001B                     sprintf@fmt:
  2267                           	callstack 0
  2268                           
  2269                           ; 1 bytes @ 0x1A
  2270   00001B                     	ds	1
  2271   00001C                     ___flmul@grs:
  2272                           	callstack 0
  2273                           
  2274                           ; 4 bytes @ 0x1B
  2275   00001C                     	ds	2
  2276   00001E                     sprintf@ap:
  2277                           	callstack 0
  2278   00001E                     
  2279                           ; 1 bytes @ 0x1D
  2280   00001E                     	ds	1
  2281   00001F                     sprintf@f:
  2282                           	callstack 0
  2283                           
  2284                           ; 11 bytes @ 0x1E
  2285   00001F                     	ds	1
  2286   000020                     ___flmul@aexp:
  2287                           	callstack 0
  2288                           
  2289                           ; 1 bytes @ 0x1F
  2290   000020                     	ds	1
  2291   000021                     ___flmul@bexp:
  2292                           	callstack 0
  2293                           
  2294                           ; 1 bytes @ 0x20
  2295   000021                     	ds	1
  2296   000022                     ___flmul@prod:
  2297                           	callstack 0
  2298                           
  2299                           ; 4 bytes @ 0x21
  2300   000022                     	ds	4
  2301   000026                     ___flmul@temp:
  2302                           	callstack 0
  2303                           
  2304                           ; 2 bytes @ 0x25
  2305   000026                     	ds	2
  2306   000028                     ?___fldiv:
  2307                           	callstack 0
  2308   000028                     ___fldiv@b:
  2309                           	callstack 0
  2310                           
  2311                           ; 4 bytes @ 0x27
  2312   000028                     	ds	4
  2313   00002C                     ___fldiv@a:
  2314                           	callstack 0
  2315                           
  2316                           ; 4 bytes @ 0x2B
  2317   00002C                     	ds	4
  2318   000030                     ??___fldiv:
  2319                           
  2320                           ; 1 bytes @ 0x2F
  2321   000030                     	ds	4
  2322   000034                     ___fldiv@rem:
  2323                           	callstack 0
  2324                           
  2325                           ; 4 bytes @ 0x33
  2326   000034                     	ds	4
  2327   000038                     ___fldiv@sign:
  2328                           	callstack 0
  2329                           
  2330                           ; 1 bytes @ 0x37
  2331   000038                     	ds	1
  2332   000039                     ___fldiv@new_exp:
  2333                           	callstack 0
  2334                           
  2335                           ; 2 bytes @ 0x38
  2336   000039                     	ds	2
  2337   00003B                     ___fldiv@grs:
  2338                           	callstack 0
  2339                           
  2340                           ; 4 bytes @ 0x3A
  2341   00003B                     	ds	4
  2342   00003F                     ___fldiv@bexp:
  2343                           	callstack 0
  2344                           
  2345                           ; 1 bytes @ 0x3E
  2346   00003F                     	ds	1
  2347   000040                     ___fldiv@aexp:
  2348                           	callstack 0
  2349                           
  2350                           ; 1 bytes @ 0x3F
  2351   000040                     	ds	1
  2352   000041                     ?_leer_temperatura:
  2353                           	callstack 0
  2354   000041                     ?_BME280_ReadHumidity:
  2355                           	callstack 0
  2356   000041                     ?_BH1750_ReadLux:
  2357                           	callstack 0
  2358                           
  2359                           ; 4 bytes @ 0x40
  2360   000041                     	ds	4
  2361   000045                     leer_temperatura@adc:
  2362                           	callstack 0
  2363   000045                     ??_BME280_ReadHumidity:
  2364   000045                     ??_BH1750_ReadLux:
  2365                           
  2366                           ; 1 bytes @ 0x44
  2367   000045                     	ds	2
  2368   000047                     BME280_ReadHumidity@raw:
  2369                           	callstack 0
  2370   000047                     BH1750_ReadLux@raw:
  2371                           	callstack 0
  2372                           
  2373                           ; 2 bytes @ 0x46
  2374   000047                     	ds	2
  2375   000049                     BME280_ReadHumidity@msb:
  2376                           	callstack 0
  2377   000049                     BH1750_ReadLux@msb:
  2378                           	callstack 0
  2379                           
  2380                           ; 1 bytes @ 0x48
  2381   000049                     	ds	1
  2382   00004A                     BME280_ReadHumidity@lsb:
  2383                           	callstack 0
  2384   00004A                     BH1750_ReadLux@lsb:
  2385                           	callstack 0
  2386                           
  2387                           ; 1 bytes @ 0x49
  2388   00004A                     	ds	1
  2389   00004B                     BME280_ReadHumidity@hum:
  2390                           	callstack 0
  2391                           
  2392                           ; 4 bytes @ 0x4A
  2393   00004B                     	ds	4
  2394   00004F                     ??_main:
  2395                           
  2396                           ; 1 bytes @ 0x4E
  2397   00004F                     	ds	2
  2398                           
  2399 ;;
  2400 ;;Main: autosize = 0, tempsize = 2, incstack = 0, save=0
  2401 ;;
  2402 ;; *************** function _main *****************
  2403 ;; Defined at:
  2404 ;;		line 23 in file "main.c"
  2405 ;; Parameters:    Size  Location     Type
  2406 ;;		None
  2407 ;; Auto vars:     Size  Location     Type
  2408 ;;  buffer         14    0[BANK0 ] unsigned char [14]
  2409 ;;  lux             4   22[BANK0 ] float 
  2410 ;;  humedad         4   18[BANK0 ] float 
  2411 ;;  temp            4   14[BANK0 ] float 
  2412 ;;  aire            2   26[BANK0 ] int 
  2413 ;; Return value:  Size  Location     Type
  2414 ;;                  1    wreg      void 
  2415 ;; Registers used:
  2416 ;;		wreg, fsr1l, fsr1h, fsr2l, fsr2h, status,2, status,0, tblptrl, tblptrh, tblptru, prodl, prodh, cstack
  2417 ;; Tracked objects:
  2418 ;;		On entry : 0/0
  2419 ;;		On exit  : 0/0
  2420 ;;		Unchanged: 0/0
  2421 ;; Data sizes:     COMRAM   BANK0   BANK1   BANK2   BANK3   BANK4   BANK5   BANK6   BANK7
  2422 ;;      Params:         0       0       0       0       0       0       0       0       0
  2423 ;;      Locals:         0      28       0       0       0       0       0       0       0
  2424 ;;      Temps:          2       0       0       0       0       0       0       0       0
  2425 ;;      Totals:         2      28       0       0       0       0       0       0       0
  2426 ;;Total ram usage:       30 bytes
  2427 ;; Hardware stack levels required when called: 5
  2428 ;; This function calls:
  2429 ;;		_BH1750_Init
  2430 ;;		_BH1750_ReadLux
  2431 ;;		_BME280_Init
  2432 ;;		_BME280_ReadHumidity
  2433 ;;		_I2C_Init
  2434 ;;		_OLED_Clear
  2435 ;;		_OLED_ClearLine
  2436 ;;		_OLED_Init
  2437 ;;		_OLED_SetCursor
  2438 ;;		_OLED_WriteString
  2439 ;;		___fltol
  2440 ;;		_control_aire
  2441 ;;		_control_humedad
  2442 ;;		_control_luz
  2443 ;;		_control_temperatura
  2444 ;;		_init_ADC
  2445 ;;		_init_PWM
  2446 ;;		_leer_aire
  2447 ;;		_leer_temperatura
  2448 ;;		_setup
  2449 ;;		_sprintf
  2450 ;; This function is called by:
  2451 ;;		Startup code after reset
  2452 ;; This function uses a non-reentrant model
  2453 ;;
  2454                           
  2455                           	psect	text0
  2456   0010A0                     __ptext0:
  2457                           	callstack 0
  2458   0010A0                     _main:
  2459                           	callstack 26
  2460   0010A0                     
  2461                           ;main.c: 24:     setup();
  2462   0010A0  ECC4  F012         	call	_setup	;wreg free
  2463   0010A4                     
  2464                           ;main.c: 25:     _delay((unsigned long)((500)*(8000000/4000.0)));
  2465   0010A4  0E06               	movlw	6
  2466   0010A6  6E50               	movwf	(??_main+1)^0,c
  2467   0010A8  0E13               	movlw	19
  2468   0010AA  6E4F               	movwf	??_main^0,c
  2469   0010AC  0EAE               	movlw	174
  2470   0010AE                     u2637:
  2471   0010AE  2EE8               	decfsz	wreg,f,c
  2472   0010B0  D7FE               	bra	u2637
  2473   0010B2  2E4F               	decfsz	??_main^0,f,c
  2474   0010B4  D7FC               	bra	u2637
  2475   0010B6  2E50               	decfsz	(??_main+1)^0,f,c
  2476   0010B8  D7FA               	bra	u2637
  2477   0010BA                     
  2478                           ;main.c: 28:     I2C_Init();
  2479   0010BA  ECD3  F012         	call	_I2C_Init	;wreg free
  2480   0010BE                     
  2481                           ;main.c: 29:     init_ADC();
  2482   0010BE  ECAF  F012         	call	_init_ADC	;wreg free
  2483   0010C2                     
  2484                           ;main.c: 30:     init_PWM();
  2485   0010C2  ECCC  F012         	call	_init_PWM	;wreg free
  2486   0010C6                     
  2487                           ;main.c: 33:     OLED_Init();
  2488   0010C6  EC53  F00D         	call	_OLED_Init	;wreg free
  2489   0010CA                     
  2490                           ;main.c: 34:     OLED_Clear();
  2491   0010CA  ECE5  F010         	call	_OLED_Clear	;wreg free
  2492   0010CE                     
  2493                           ;main.c: 35:     BME280_Init();
  2494   0010CE  ECC6  F011         	call	_BME280_Init	;wreg free
  2495   0010D2                     
  2496                           ;main.c: 36:     BH1750_Init();
  2497   0010D2  EC4B  F012         	call	_BH1750_Init	;wreg free
  2498   0010D6                     
  2499                           ;main.c: 39:     OLED_SetCursor(0, 0);
  2500   0010D6  0E00               	movlw	0
  2501   0010D8  6E05               	movwf	OLED_SetCursor@page^0,c
  2502   0010DA  0E00               	movlw	0
  2503   0010DC  EC6F  F012         	call	_OLED_SetCursor
  2504   0010E0                     
  2505                           ;main.c: 40:     OLED_WriteString("INICIANDO");
  2506   0010E0  0EC9               	movlw	low STR_1
  2507   0010E2  6E09               	movwf	OLED_WriteString@str^0,c
  2508   0010E4  5009               	movf	OLED_WriteString@str^0,w,c
  2509   0010E6  A4D8               	btfss	status,2,c
  2510   0010E8  0E08               	movlw	high __smallconst
  2511   0010EA  6E0A               	movwf	(OLED_WriteString@str+1)^0,c
  2512   0010EC  ECB6  F010         	call	_OLED_WriteString	;wreg free
  2513   0010F0                     
  2514                           ;main.c: 41:     _delay((unsigned long)((1000)*(8000000/4000.0)));
  2515   0010F0  0E0B               	movlw	11
  2516   0010F2  6E50               	movwf	(??_main+1)^0,c
  2517   0010F4  0E26               	movlw	38
  2518   0010F6  6E4F               	movwf	??_main^0,c
  2519   0010F8  0E5E               	movlw	94
  2520   0010FA                     u2647:
  2521   0010FA  2EE8               	decfsz	wreg,f,c
  2522   0010FC  D7FE               	bra	u2647
  2523   0010FE  2E4F               	decfsz	??_main^0,f,c
  2524   001100  D7FC               	bra	u2647
  2525   001102  2E50               	decfsz	(??_main+1)^0,f,c
  2526   001104  D7FA               	bra	u2647
  2527   001106                     
  2528                           ;main.c: 42:     OLED_Clear();
  2529   001106  ECE5  F010         	call	_OLED_Clear	;wreg free
  2530   00110A                     l3323:
  2531                           
  2532                           ;main.c: 47:         float temp = leer_temperatura();
  2533   00110A  ECF8  F00F         	call	_leer_temperatura	;wreg free
  2534   00110E  C041  F08E         	movff	?_leer_temperatura,main@temp
  2535   001112  C042  F08F         	movff	?_leer_temperatura+1,main@temp+1
  2536   001116  C043  F090         	movff	?_leer_temperatura+2,main@temp+2
  2537   00111A  C044  F091         	movff	?_leer_temperatura+3,main@temp+3
  2538   00111E                     
  2539                           ;main.c: 48:         int aire = leer_aire();
  2540   00111E  ECBA  F012         	call	_leer_aire	;wreg free
  2541   001122  C005  F09A         	movff	?_leer_aire,main@aire
  2542   001126  C006  F09B         	movff	?_leer_aire+1,main@aire+1
  2543   00112A                     
  2544                           ;main.c: 49:         float humedad = BME280_ReadHumidity();
  2545   00112A  EC27  F00B         	call	_BME280_ReadHumidity	;wreg free
  2546   00112E  C041  F092         	movff	?_BME280_ReadHumidity,main@humedad
  2547   001132  C042  F093         	movff	?_BME280_ReadHumidity+1,main@humedad+1
  2548   001136  C043  F094         	movff	?_BME280_ReadHumidity+2,main@humedad+2
  2549   00113A  C044  F095         	movff	?_BME280_ReadHumidity+3,main@humedad+3
  2550   00113E                     
  2551                           ;main.c: 50:         float lux = BH1750_ReadLux();
  2552   00113E  EC61  F00F         	call	_BH1750_ReadLux	;wreg free
  2553   001142  C041  F096         	movff	?_BH1750_ReadLux,main@lux
  2554   001146  C042  F097         	movff	?_BH1750_ReadLux+1,main@lux+1
  2555   00114A  C043  F098         	movff	?_BH1750_ReadLux+2,main@lux+2
  2556   00114E  C044  F099         	movff	?_BH1750_ReadLux+3,main@lux+3
  2557   001152                     
  2558                           ;main.c: 53:         control_temperatura(temp);
  2559   001152  C08E  F00D         	movff	main@temp,control_temperatura@T
  2560   001156  C08F  F00E         	movff	main@temp+1,control_temperatura@T+1
  2561   00115A  C090  F00F         	movff	main@temp+2,control_temperatura@T+2
  2562   00115E  C091  F010         	movff	main@temp+3,control_temperatura@T+3
  2563   001162  ECC3  F00E         	call	_control_temperatura	;wreg free
  2564   001166                     
  2565                           ;main.c: 54:         control_luz(lux);
  2566   001166  C096  F00D         	movff	main@lux,control_luz@lux
  2567   00116A  C097  F00E         	movff	main@lux+1,control_luz@lux+1
  2568   00116E  C098  F00F         	movff	main@lux+2,control_luz@lux+2
  2569   001172  C099  F010         	movff	main@lux+3,control_luz@lux+3
  2570   001176  EC12  F00F         	call	_control_luz	;wreg free
  2571   00117A                     
  2572                           ;main.c: 55:         control_aire(aire);
  2573   00117A  C09A  F005         	movff	main@aire,control_aire@aire
  2574   00117E  C09B  F006         	movff	main@aire+1,control_aire@aire+1
  2575   001182  EC11  F011         	call	_control_aire	;wreg free
  2576   001186                     
  2577                           ;main.c: 56:         control_humedad(humedad);
  2578   001186  C092  F00D         	movff	main@humedad,control_humedad@H
  2579   00118A  C093  F00E         	movff	main@humedad+1,control_humedad@H+1
  2580   00118E  C094  F00F         	movff	main@humedad+2,control_humedad@H+2
  2581   001192  C095  F010         	movff	main@humedad+3,control_humedad@H+3
  2582   001196  EC3A  F010         	call	_control_humedad	;wreg free
  2583   00119A                     
  2584                           ;main.c: 59:         char buffer[14];;main.c: 61:         OLED_ClearLine(0);
  2585   00119A  0E00               	movlw	0
  2586   00119C  EC62  F011         	call	_OLED_ClearLine
  2587   0011A0                     
  2588                           ;main.c: 62:         OLED_SetCursor(0, 0);
  2589   0011A0  0E00               	movlw	0
  2590   0011A2  6E05               	movwf	OLED_SetCursor@page^0,c
  2591   0011A4  0E00               	movlw	0
  2592   0011A6  EC6F  F012         	call	_OLED_SetCursor
  2593   0011AA                     
  2594                           ;main.c: 63:         sprintf(buffer, "T %d C", (int)temp);
  2595   0011AA  0E80               	movlw	low main@buffer
  2596   0011AC  6E1A               	movwf	sprintf@s^0,c
  2597   0011AE  0EDA               	movlw	low STR_2
  2598   0011B0  6E1B               	movwf	sprintf@fmt^0,c
  2599   0011B2  C08E  F001         	movff	main@temp,___fltol@f1
  2600   0011B6  C08F  F002         	movff	main@temp+1,___fltol@f1+1
  2601   0011BA  C090  F003         	movff	main@temp+2,___fltol@f1+2
  2602   0011BE  C091  F004         	movff	main@temp+3,___fltol@f1+3
  2603   0011C2  EC4E  F00C         	call	___fltol	;wreg free
  2604   0011C6  C001  F01C         	movff	?___fltol,?_sprintf+2
  2605   0011CA  C002  F01D         	movff	?___fltol+1,?_sprintf+3
  2606   0011CE  EC1D  F012         	call	_sprintf	;wreg free
  2607   0011D2                     
  2608                           ;main.c: 64:         OLED_WriteString(buffer);
  2609   0011D2  0E80               	movlw	low main@buffer
  2610   0011D4  6E09               	movwf	OLED_WriteString@str^0,c
  2611   0011D6  6A0A               	clrf	(OLED_WriteString@str+1)^0,c
  2612   0011D8  ECB6  F010         	call	_OLED_WriteString	;wreg free
  2613   0011DC                     
  2614                           ;main.c: 66:         OLED_ClearLine(2);
  2615   0011DC  0E02               	movlw	2
  2616   0011DE  EC62  F011         	call	_OLED_ClearLine
  2617   0011E2                     
  2618                           ;main.c: 67:         OLED_SetCursor(0, 2);
  2619   0011E2  0E02               	movlw	2
  2620   0011E4  6E05               	movwf	OLED_SetCursor@page^0,c
  2621   0011E6  0E00               	movlw	0
  2622   0011E8  EC6F  F012         	call	_OLED_SetCursor
  2623   0011EC                     
  2624                           ;main.c: 68:         sprintf(buffer, "H %d%%", (int)humedad);
  2625   0011EC  0E80               	movlw	low main@buffer
  2626   0011EE  6E1A               	movwf	sprintf@s^0,c
  2627   0011F0  0ED3               	movlw	low STR_3
  2628   0011F2  6E1B               	movwf	sprintf@fmt^0,c
  2629   0011F4  C092  F001         	movff	main@humedad,___fltol@f1
  2630   0011F8  C093  F002         	movff	main@humedad+1,___fltol@f1+1
  2631   0011FC  C094  F003         	movff	main@humedad+2,___fltol@f1+2
  2632   001200  C095  F004         	movff	main@humedad+3,___fltol@f1+3
  2633   001204  EC4E  F00C         	call	___fltol	;wreg free
  2634   001208  C001  F01C         	movff	?___fltol,?_sprintf+2
  2635   00120C  C002  F01D         	movff	?___fltol+1,?_sprintf+3
  2636   001210  EC1D  F012         	call	_sprintf	;wreg free
  2637   001214                     
  2638                           ;main.c: 69:         OLED_WriteString(buffer);
  2639   001214  0E80               	movlw	low main@buffer
  2640   001216  6E09               	movwf	OLED_WriteString@str^0,c
  2641   001218  6A0A               	clrf	(OLED_WriteString@str+1)^0,c
  2642   00121A  ECB6  F010         	call	_OLED_WriteString	;wreg free
  2643   00121E                     
  2644                           ;main.c: 71:         OLED_ClearLine(4);
  2645   00121E  0E04               	movlw	4
  2646   001220  EC62  F011         	call	_OLED_ClearLine
  2647   001224                     
  2648                           ;main.c: 72:         OLED_SetCursor(0, 4);
  2649   001224  0E04               	movlw	4
  2650   001226  6E05               	movwf	OLED_SetCursor@page^0,c
  2651   001228  0E00               	movlw	0
  2652   00122A  EC6F  F012         	call	_OLED_SetCursor
  2653   00122E                     
  2654                           ;main.c: 73:         sprintf(buffer, "A %d", aire);
  2655   00122E  0E80               	movlw	low main@buffer
  2656   001230  6E1A               	movwf	sprintf@s^0,c
  2657   001232  0EE1               	movlw	low STR_4
  2658   001234  6E1B               	movwf	sprintf@fmt^0,c
  2659   001236  C09A  F01C         	movff	main@aire,?_sprintf+2
  2660   00123A  C09B  F01D         	movff	main@aire+1,?_sprintf+3
  2661   00123E  EC1D  F012         	call	_sprintf	;wreg free
  2662   001242                     
  2663                           ;main.c: 74:         OLED_WriteString(buffer);
  2664   001242  0E80               	movlw	low main@buffer
  2665   001244  6E09               	movwf	OLED_WriteString@str^0,c
  2666   001246  6A0A               	clrf	(OLED_WriteString@str+1)^0,c
  2667   001248  ECB6  F010         	call	_OLED_WriteString	;wreg free
  2668   00124C                     
  2669                           ;main.c: 76:         OLED_ClearLine(6);
  2670   00124C  0E06               	movlw	6
  2671   00124E  EC62  F011         	call	_OLED_ClearLine
  2672   001252                     
  2673                           ;main.c: 77:         OLED_SetCursor(0, 6);
  2674   001252  0E06               	movlw	6
  2675   001254  6E05               	movwf	OLED_SetCursor@page^0,c
  2676   001256  0E00               	movlw	0
  2677   001258  EC6F  F012         	call	_OLED_SetCursor
  2678   00125C                     
  2679                           ;main.c: 78:         sprintf(buffer, "L %d", (int)lux);
  2680   00125C  0E80               	movlw	low main@buffer
  2681   00125E  6E1A               	movwf	sprintf@s^0,c
  2682   001260  0EE6               	movlw	low STR_5
  2683   001262  6E1B               	movwf	sprintf@fmt^0,c
  2684   001264  C096  F001         	movff	main@lux,___fltol@f1
  2685   001268  C097  F002         	movff	main@lux+1,___fltol@f1+1
  2686   00126C  C098  F003         	movff	main@lux+2,___fltol@f1+2
  2687   001270  C099  F004         	movff	main@lux+3,___fltol@f1+3
  2688   001274  EC4E  F00C         	call	___fltol	;wreg free
  2689   001278  C001  F01C         	movff	?___fltol,?_sprintf+2
  2690   00127C  C002  F01D         	movff	?___fltol+1,?_sprintf+3
  2691   001280  EC1D  F012         	call	_sprintf	;wreg free
  2692   001284                     
  2693                           ;main.c: 79:         OLED_WriteString(buffer);
  2694   001284  0E80               	movlw	low main@buffer
  2695   001286  6E09               	movwf	OLED_WriteString@str^0,c
  2696   001288  6A0A               	clrf	(OLED_WriteString@str+1)^0,c
  2697   00128A  ECB6  F010         	call	_OLED_WriteString	;wreg free
  2698   00128E                     
  2699                           ;main.c: 81:         _delay((unsigned long)((1000)*(8000000/4000.0)));
  2700   00128E  0E0B               	movlw	11
  2701   001290  6E50               	movwf	(??_main+1)^0,c
  2702   001292  0E26               	movlw	38
  2703   001294  6E4F               	movwf	??_main^0,c
  2704   001296  0E5E               	movlw	94
  2705   001298                     u2657:
  2706   001298  2EE8               	decfsz	wreg,f,c
  2707   00129A  D7FE               	bra	u2657
  2708   00129C  2E4F               	decfsz	??_main^0,f,c
  2709   00129E  D7FC               	bra	u2657
  2710   0012A0  2E50               	decfsz	(??_main+1)^0,f,c
  2711   0012A2  D7FA               	bra	u2657
  2712   0012A4  EF85  F008         	goto	l3323
  2713   0012A8  EFFE  F03F         	goto	start
  2714   0012AC                     __end_of_main:
  2715                           	callstack 0
  2716                           
  2717 ;; *************** function _sprintf *****************
  2718 ;; Defined at:
  2719 ;;		line 9 in file "C:\Program Files\Microchip\xc8\v3.10\pic\sources\c99\common\nf_sprintf.c"
  2720 ;; Parameters:    Size  Location     Type
  2721 ;;  s               1   25[COMRAM] PTR unsigned char 
  2722 ;;		 -> main@buffer(14), 
  2723 ;;  fmt             1   26[COMRAM] PTR const unsigned char 
  2724 ;;		 -> STR_5(5), STR_4(5), STR_3(7), STR_2(7), 
  2725 ;; Auto vars:     Size  Location     Type
  2726 ;;  f              11   30[COMRAM] struct _IO_FILE
  2727 ;;  ret             2    0        int 
  2728 ;;  ap              1   29[COMRAM] PTR void [1]
  2729 ;;		 -> ?_sprintf(2), 
  2730 ;; Return value:  Size  Location     Type
  2731 ;;                  2   25[COMRAM] int 
  2732 ;; Registers used:
  2733 ;;		wreg, fsr1l, fsr1h, fsr2l, fsr2h, status,2, status,0, tblptrl, tblptrh, tblptru, cstack
  2734 ;; Tracked objects:
  2735 ;;		On entry : 0/0
  2736 ;;		On exit  : 0/0
  2737 ;;		Unchanged: 0/0
  2738 ;; Data sizes:     COMRAM   BANK0   BANK1   BANK2   BANK3   BANK4   BANK5   BANK6   BANK7
  2739 ;;      Params:         4       0       0       0       0       0       0       0       0
  2740 ;;      Locals:        12       0       0       0       0       0       0       0       0
  2741 ;;      Temps:          0       0       0       0       0       0       0       0       0
  2742 ;;      Totals:        16       0       0       0       0       0       0       0       0
  2743 ;;Total ram usage:       16 bytes
  2744 ;; Hardware stack levels used: 1
  2745 ;; Hardware stack levels required when called: 4
  2746 ;; This function calls:
  2747 ;;		_vfprintf
  2748 ;; This function is called by:
  2749 ;;		_main
  2750 ;; This function uses a non-reentrant model
  2751 ;;
  2752                           
  2753                           	psect	text1
  2754   00243A                     __ptext1:
  2755                           	callstack 0
  2756   00243A                     _sprintf:
  2757                           	callstack 26
  2758   00243A  0E1C               	movlw	low (?_sprintf+2)
  2759   00243C  6E1E               	movwf	sprintf@ap^0,c
  2760   00243E  C01A  F01F         	movff	sprintf@s,sprintf@f
  2761   002442  6A22               	clrf	(sprintf@f+3)^0,c
  2762   002444  0E00               	movlw	0
  2763   002446  6E21               	movwf	(sprintf@f+2)^0,c
  2764   002448  6A29               	clrf	(sprintf@f+10)^0,c
  2765   00244A  0E00               	movlw	0
  2766   00244C  6E28               	movwf	(sprintf@f+9)^0,c
  2767   00244E  0E1F               	movlw	low sprintf@f
  2768   002450  6E16               	movwf	vfprintf@fp^0,c
  2769   002452  C01B  F017         	movff	sprintf@fmt,vfprintf@fmt
  2770   002456  0E1E               	movlw	low sprintf@ap
  2771   002458  6E18               	movwf	vfprintf@ap^0,c
  2772   00245A  ECE5  F011         	call	_vfprintf	;wreg free
  2773   00245E  501A               	movf	sprintf@s^0,w,c
  2774   002460  2421               	addwf	(sprintf@f+2)^0,w,c
  2775   002462  6ED9               	movwf	fsr2l,c
  2776   002464  6ADA               	clrf	fsr2h,c
  2777   002466  6ADF               	clrf	indf2,c
  2778   002468  0012               	return		;funcret
  2779   00246A                     __end_of_sprintf:
  2780                           	callstack 0
  2781                           
  2782 ;; *************** function _vfprintf *****************
  2783 ;; Defined at:
  2784 ;;		line 1817 in file "C:\Program Files\Microchip\xc8\v3.10\pic\sources\c99\common\doprnt.c"
  2785 ;; Parameters:    Size  Location     Type
  2786 ;;  fp              1   21[COMRAM] PTR struct _IO_FILE
  2787 ;;		 -> sprintf@f(11), 
  2788 ;;  fmt             1   22[COMRAM] PTR const unsigned char 
  2789 ;;		 -> STR_5(5), STR_4(5), STR_3(7), STR_2(7), 
  2790 ;;  ap              1   23[COMRAM] PTR PTR void 
  2791 ;;		 -> sprintf@ap(1), 
  2792 ;; Auto vars:     Size  Location     Type
  2793 ;;  cfmt            1   24[COMRAM] PTR unsigned char 
  2794 ;;		 -> STR_5(5), STR_4(5), STR_3(7), STR_2(7), 
  2795 ;; Return value:  Size  Location     Type
  2796 ;;                  2   21[COMRAM] int 
  2797 ;; Registers used:
  2798 ;;		wreg, fsr1l, fsr1h, fsr2l, fsr2h, status,2, status,0, tblptrl, tblptrh, tblptru, cstack
  2799 ;; Tracked objects:
  2800 ;;		On entry : 0/0
  2801 ;;		On exit  : 0/0
  2802 ;;		Unchanged: 0/0
  2803 ;; Data sizes:     COMRAM   BANK0   BANK1   BANK2   BANK3   BANK4   BANK5   BANK6   BANK7
  2804 ;;      Params:         3       0       0       0       0       0       0       0       0
  2805 ;;      Locals:         1       0       0       0       0       0       0       0       0
  2806 ;;      Temps:          0       0       0       0       0       0       0       0       0
  2807 ;;      Totals:         4       0       0       0       0       0       0       0       0
  2808 ;;Total ram usage:        4 bytes
  2809 ;; Hardware stack levels used: 1
  2810 ;; Hardware stack levels required when called: 3
  2811 ;; This function calls:
  2812 ;;		_vfpfcnvrt
  2813 ;; This function is called by:
  2814 ;;		_sprintf
  2815 ;; This function uses a non-reentrant model
  2816 ;;
  2817                           
  2818                           	psect	text2
  2819   0023CA                     __ptext2:
  2820                           	callstack 0
  2821   0023CA                     _vfprintf:
  2822                           	callstack 26
  2823   0023CA                     
  2824                           ;C:\Program Files\Microchip\xc8\v3.10\pic\sources\c99\common\doprnt.c: 1817: int vfprint
      +                          f(FILE *fp, const char *fmt, va_list ap);C:\Program Files\Microchip\xc8\v3.10\pic\source
      +                          s\c99\common\doprnt.c: 1818: {;C:\Program Files\Microchip\xc8\v3.10\pic\sources\c99\comm
      +                          on\doprnt.c: 1820:     char *cfmt;;C:\Program Files\Microchip\xc8\v3.10\pic\sources\c99\
      +                          common\doprnt.c: 1822:     cfmt = (char *)fmt;
  2825   0023CA  C017  F019         	movff	vfprintf@fmt,vfprintf@cfmt
  2826                           
  2827                           ;C:\Program Files\Microchip\xc8\v3.10\pic\sources\c99\common\doprnt.c: 1826:     while (
      +                          *cfmt) {
  2828   0023CE  EFF1  F011         	goto	l2957
  2829   0023D2                     l2955:
  2830                           
  2831                           ;C:\Program Files\Microchip\xc8\v3.10\pic\sources\c99\common\doprnt.c: 1830:    vfpfcnvr
      +                          t(fp, &cfmt, ap);
  2832   0023D2  C016  F00B         	movff	vfprintf@fp,vfpfcnvrt@fp
  2833   0023D6  0E19               	movlw	low vfprintf@cfmt
  2834   0023D8  6E0C               	movwf	vfpfcnvrt@fmt^0,c
  2835   0023DA  C018  F00D         	movff	vfprintf@ap,vfpfcnvrt@ap
  2836   0023DE  EC56  F009         	call	_vfpfcnvrt	;wreg free
  2837   0023E2                     l2957:
  2838                           
  2839                           ;C:\Program Files\Microchip\xc8\v3.10\pic\sources\c99\common\doprnt.c: 1826:     while (
      +                          *cfmt) {
  2840   0023E2  C019  FFF6         	movff	vfprintf@cfmt,tblptrl
  2841   0023E6                     	if	1	;There is more than 1 active tblptr byte
  2842   0023E6  0E08               	movlw	high __smallconst
  2843   0023E8  6EF7               	movwf	tblptrh,c
  2844   0023EA                     	endif
  2845   0023EA                     	if	0	;tblptru may be non-zero
  2846   0023EA                     	endif
  2847   0023EA                     	if	0	;tblptru may be non-zero
  2848   0023EA                     	endif
  2849   0023EA  0008               	tblrd		*
  2850   0023EC  50F5               	movf	tablat,w,c
  2851   0023EE  0900               	iorlw	0
  2852   0023F0  A4D8               	btfss	status,2,c
  2853   0023F2  EFFD  F011         	goto	u2351
  2854   0023F6  EFFF  F011         	goto	u2350
  2855   0023FA                     u2351:
  2856   0023FA  EFE9  F011         	goto	l2955
  2857   0023FE                     u2350:
  2858   0023FE                     
  2859                           ;C:\Program Files\Microchip\xc8\v3.10\pic\sources\c99\common\doprnt.c: 1835:  return 0;
  2860   0023FE  6A17               	clrf	(?_vfprintf+1)^0,c
  2861   002400  0E00               	movlw	0
  2862   002402  6E16               	movwf	?_vfprintf^0,c
  2863   002404  0012               	return		;funcret
  2864   002406                     __end_of_vfprintf:
  2865                           	callstack 0
  2866                           
  2867 ;; *************** function _vfpfcnvrt *****************
  2868 ;; Defined at:
  2869 ;;		line 1177 in file "C:\Program Files\Microchip\xc8\v3.10\pic\sources\c99\common\doprnt.c"
  2870 ;; Parameters:    Size  Location     Type
  2871 ;;  fp              1   10[COMRAM] PTR struct _IO_FILE
  2872 ;;		 -> sprintf@f(11), 
  2873 ;;  fmt             1   11[COMRAM] PTR PTR unsigned char 
  2874 ;;		 -> vfprintf@cfmt(1), 
  2875 ;;  ap              1   12[COMRAM] PTR PTR void 
  2876 ;;		 -> sprintf@ap(1), 
  2877 ;; Auto vars:     Size  Location     Type
  2878 ;;  convarg         4   16[COMRAM] struct .
  2879 ;;  c               1   20[COMRAM] unsigned char 
  2880 ;;  cp              1   15[COMRAM] PTR unsigned char 
  2881 ;;		 -> STR_5(5), STR_4(5), STR_3(7), STR_2(7), 
  2882 ;;  done            1   14[COMRAM] _Bool 
  2883 ;; Return value:  Size  Location     Type
  2884 ;;                  1    wreg      void 
  2885 ;; Registers used:
  2886 ;;		wreg, fsr1l, fsr1h, fsr2l, fsr2h, status,2, status,0, tblptrl, tblptrh, tblptru, cstack
  2887 ;; Tracked objects:
  2888 ;;		On entry : 0/0
  2889 ;;		On exit  : 0/0
  2890 ;;		Unchanged: 0/0
  2891 ;; Data sizes:     COMRAM   BANK0   BANK1   BANK2   BANK3   BANK4   BANK5   BANK6   BANK7
  2892 ;;      Params:         3       0       0       0       0       0       0       0       0
  2893 ;;      Locals:         7       0       0       0       0       0       0       0       0
  2894 ;;      Temps:          1       0       0       0       0       0       0       0       0
  2895 ;;      Totals:        11       0       0       0       0       0       0       0       0
  2896 ;;Total ram usage:       11 bytes
  2897 ;; Hardware stack levels used: 1
  2898 ;; Hardware stack levels required when called: 2
  2899 ;; This function calls:
  2900 ;;		___awdiv
  2901 ;;		___awmod
  2902 ;;		_abs
  2903 ;;		_fputc
  2904 ;; This function is called by:
  2905 ;;		_vfprintf
  2906 ;; This function uses a non-reentrant model
  2907 ;;
  2908                           
  2909                           	psect	text3
  2910   0012AC                     __ptext3:
  2911                           	callstack 0
  2912   0012AC                     _vfpfcnvrt:
  2913                           	callstack 26
  2914   0012AC                     
  2915                           ;C:\Program Files\Microchip\xc8\v3.10\pic\sources\c99\common\doprnt.c: 1177: vfpfcnvrt(F
      +                          ILE *fp, char *fmt[], va_list ap);C:\Program Files\Microchip\xc8\v3.10\pic\sources\c99\c
      +                          ommon\doprnt.c: 1178: {;C:\Program Files\Microchip\xc8\v3.10\pic\sources\c99\common\dopr
      +                          nt.c: 1179:     char c, *cp;;C:\Program Files\Microchip\xc8\v3.10\pic\sources\c99\common
      +                          \doprnt.c: 1180:     _Bool done;;C:\Program Files\Microchip\xc8\v3.10\pic\sources\c99\co
      +                          mmon\doprnt.c: 1188:  } convarg;;C:\Program Files\Microchip\xc8\v3.10\pic\sources\c99\co
      +                          mmon\doprnt.c: 1201:     if ((*fmt)[0] == '%') {
  2916   0012AC  500C               	movf	vfpfcnvrt@fmt^0,w,c
  2917   0012AE  6ED9               	movwf	fsr2l,c
  2918   0012B0  6ADA               	clrf	fsr2h,c
  2919   0012B2  CFDF FFF6          	movff	indf2,tblptrl
  2920   0012B6                     	if	1	;There is more than 1 active tblptr byte
  2921   0012B6  0E08               	movlw	high __smallconst
  2922   0012B8  6EF7               	movwf	tblptrh,c
  2923   0012BA                     	endif
  2924   0012BA                     	if	0	;tblptru may be non-zero
  2925   0012BA                     	endif
  2926   0012BA                     	if	0	;tblptru may be non-zero
  2927   0012BA                     	endif
  2928   0012BA  0008               	tblrd		*
  2929   0012BC  50F5               	movf	tablat,w,c
  2930   0012BE  0A25               	xorlw	37
  2931   0012C0  A4D8               	btfss	status,2,c
  2932   0012C2  EF65  F009         	goto	u1561
  2933   0012C6  EF67  F009         	goto	u1560
  2934   0012CA                     u1561:
  2935   0012CA  EF3B  F00A         	goto	l2503
  2936   0012CE                     u1560:
  2937   0012CE                     
  2938                           ;C:\Program Files\Microchip\xc8\v3.10\pic\sources\c99\common\doprnt.c: 1202:         ++*
      +                          fmt;
  2939   0012CE  500C               	movf	vfpfcnvrt@fmt^0,w,c
  2940   0012D0  6ED9               	movwf	fsr2l,c
  2941   0012D2  6ADA               	clrf	fsr2h,c
  2942   0012D4  2ADF               	incf	indf2,f,c
  2943   0012D6                     
  2944                           ;C:\Program Files\Microchip\xc8\v3.10\pic\sources\c99\common\doprnt.c: 1204:         fla
      +                          gs = width = 0;
  2945   0012D6  6A52               	clrf	(_width+1)^0,c
  2946   0012D8  0E00               	movlw	0
  2947   0012DA  6E51               	movwf	_width^0,c
  2948   0012DC  C051  F05B         	movff	_width,_flags
  2949   0012E0                     
  2950                           ;C:\Program Files\Microchip\xc8\v3.10\pic\sources\c99\common\doprnt.c: 1205:         pre
      +                          c = -1;
  2951   0012E0  6853               	setf	_prec^0,c
  2952   0012E2  6854               	setf	(_prec+1)^0,c
  2953   0012E4                     
  2954                           ;C:\Program Files\Microchip\xc8\v3.10\pic\sources\c99\common\doprnt.c: 1291:   cp = *fmt
      +                          ;
  2955   0012E4  500C               	movf	vfpfcnvrt@fmt^0,w,c
  2956   0012E6  6ED9               	movwf	fsr2l,c
  2957   0012E8  6ADA               	clrf	fsr2h,c
  2958   0012EA  50DF               	movf	indf2,w,c
  2959   0012EC  6E10               	movwf	vfpfcnvrt@cp^0,c
  2960   0012EE                     
  2961                           ;C:\Program Files\Microchip\xc8\v3.10\pic\sources\c99\common\doprnt.c: 1361:   if (*cp =
      +                          = 'd' || *cp == 'i') {
  2962   0012EE  C010  FFF6         	movff	vfpfcnvrt@cp,tblptrl
  2963   0012F2                     	if	1	;There is more than 1 active tblptr byte
  2964   0012F2  0E08               	movlw	high __smallconst
  2965   0012F4  6EF7               	movwf	tblptrh,c
  2966   0012F6                     	endif
  2967   0012F6                     	if	0	;tblptru may be non-zero
  2968   0012F6                     	endif
  2969   0012F6                     	if	0	;tblptru may be non-zero
  2970   0012F6                     	endif
  2971   0012F6  0008               	tblrd		*
  2972   0012F8  50F5               	movf	tablat,w,c
  2973   0012FA  0A64               	xorlw	100
  2974   0012FC  B4D8               	btfsc	status,2,c
  2975   0012FE  EF83  F009         	goto	u1571
  2976   001302  EF85  F009         	goto	u1570
  2977   001306                     u1571:
  2978   001306  EF93  F009         	goto	l2465
  2979   00130A                     u1570:
  2980   00130A  C010  FFF6         	movff	vfpfcnvrt@cp,tblptrl
  2981   00130E                     	if	1	;There is more than 1 active tblptr byte
  2982   00130E  0E08               	movlw	high __smallconst
  2983   001310  6EF7               	movwf	tblptrh,c
  2984   001312                     	endif
  2985   001312                     	if	0	;tblptru may be non-zero
  2986   001312                     	endif
  2987   001312                     	if	0	;tblptru may be non-zero
  2988   001312                     	endif
  2989   001312  0008               	tblrd		*
  2990   001314  50F5               	movf	tablat,w,c
  2991   001316  0A69               	xorlw	105
  2992   001318  A4D8               	btfss	status,2,c
  2993   00131A  EF91  F009         	goto	u1581
  2994   00131E  EF93  F009         	goto	u1580
  2995   001322                     u1581:
  2996   001322  EF17  F00A         	goto	l2491
  2997   001326                     u1580:
  2998   001326                     l2465:
  2999                           
  3000                           ;C:\Program Files\Microchip\xc8\v3.10\pic\sources\c99\common\doprnt.c: 1404:    convarg.
      +                          sint = (vfpf_sint_t)(int)(*(int *)__va_arg(*(int **)ap, (int)0));
  3001   001326  500D               	movf	vfpfcnvrt@ap^0,w,c
  3002   001328  6ED9               	movwf	fsr2l,c
  3003   00132A  6ADA               	clrf	fsr2h,c
  3004   00132C  0E02               	movlw	2
  3005   00132E  26DF               	addwf	indf2,f,c
  3006   001330  5CDF               	subwf	indf2,w,c
  3007   001332  6ED9               	movwf	fsr2l,c
  3008   001334  6ADA               	clrf	fsr2h,c
  3009   001336  CFDE F011          	movff	postinc2,vfpfcnvrt@convarg
  3010   00133A  CFDE F012          	movff	postinc2,vfpfcnvrt@convarg+1
  3011   00133E                     
  3012                           ;C:\Program Files\Microchip\xc8\v3.10\pic\sources\c99\common\doprnt.c: 1406:    *fmt = c
      +                          p+1;
  3013   00133E  500C               	movf	vfpfcnvrt@fmt^0,w,c
  3014   001340  6ED9               	movwf	fsr2l,c
  3015   001342  6ADA               	clrf	fsr2h,c
  3016   001344  2810               	incf	vfpfcnvrt@cp^0,w,c
  3017   001346  6EDF               	movwf	indf2,c
  3018   001348                     
  3019                           ;C:\Program Files\Microchip\xc8\v3.10\pic\sources\c99\common\doprnt.c: 1408:    c = size
      +                          of(dbuf);
  3020   001348  0E20               	movlw	32
  3021   00134A  6E15               	movwf	vfpfcnvrt@c^0,c
  3022                           
  3023                           ;C:\Program Files\Microchip\xc8\v3.10\pic\sources\c99\common\doprnt.c: 1409:    done = c
      +                          onvarg.sint < 0;
  3024   00134C  BE12               	btfsc	(vfpfcnvrt@convarg+1)^0,7,c
  3025   00134E  EFAB  F009         	goto	u1591
  3026   001352  EFAE  F009         	goto	u1590
  3027   001356                     u1591:
  3028   001356  0E01               	movlw	1
  3029   001358  EFAF  F009         	goto	u1600
  3030   00135C                     u1590:
  3031   00135C  0E00               	movlw	0
  3032   00135E                     u1600:
  3033   00135E  6E0F               	movwf	vfpfcnvrt@done^0,c
  3034   001360                     l2471:
  3035                           
  3036                           ;C:\Program Files\Microchip\xc8\v3.10\pic\sources\c99\common\doprnt.c: 1411:     dbuf[--
      +                          c] = abs(convarg.sint % 10) + '0';
  3037   001360  0615               	decf	vfpfcnvrt@c^0,f,c
  3038   001362  5015               	movf	vfpfcnvrt@c^0,w,c
  3039   001364  0F60               	addlw	low _dbuf
  3040   001366  6ED9               	movwf	fsr2l,c
  3041   001368  6ADA               	clrf	fsr2h,c
  3042   00136A  C011  F001         	movff	vfpfcnvrt@convarg,___awmod@dividend
  3043   00136E  C012  F002         	movff	vfpfcnvrt@convarg+1,___awmod@dividend+1
  3044   001372  6A04               	clrf	(___awmod@divisor+1)^0,c
  3045   001374  0E0A               	movlw	10
  3046   001376  6E03               	movwf	___awmod@divisor^0,c
  3047   001378  EC17  F00E         	call	___awmod	;wreg free
  3048   00137C  C001  F007         	movff	?___awmod,abs@a
  3049   001380  C002  F008         	movff	?___awmod+1,abs@a+1
  3050   001384  EC03  F012         	call	_abs	;wreg free
  3051   001388  5007               	movf	?_abs^0,w,c
  3052   00138A  0F30               	addlw	48
  3053   00138C  6EDF               	movwf	indf2,c
  3054   00138E                     
  3055                           ;C:\Program Files\Microchip\xc8\v3.10\pic\sources\c99\common\doprnt.c: 1412:     convarg
      +                          .sint /= 10;
  3056   00138E  C011  F001         	movff	vfpfcnvrt@convarg,___awdiv@dividend
  3057   001392  C012  F002         	movff	vfpfcnvrt@convarg+1,___awdiv@dividend+1
  3058   001396  6A04               	clrf	(___awdiv@divisor+1)^0,c
  3059   001398  0E0A               	movlw	10
  3060   00139A  6E03               	movwf	___awdiv@divisor^0,c
  3061   00139C  ECB7  F00D         	call	___awdiv	;wreg free
  3062   0013A0  C001  F011         	movff	?___awdiv,vfpfcnvrt@convarg
  3063   0013A4  C002  F012         	movff	?___awdiv+1,vfpfcnvrt@convarg+1
  3064   0013A8                     
  3065                           ;C:\Program Files\Microchip\xc8\v3.10\pic\sources\c99\common\doprnt.c: 1416:    } while 
      +                          (convarg.sint != 0 && c != 0);
  3066   0013A8  5011               	movf	vfpfcnvrt@convarg^0,w,c
  3067   0013AA  1012               	iorwf	(vfpfcnvrt@convarg+1)^0,w,c
  3068   0013AC  B4D8               	btfsc	status,2,c
  3069   0013AE  EFDB  F009         	goto	u1611
  3070   0013B2  EFDD  F009         	goto	u1610
  3071   0013B6                     u1611:
  3072   0013B6  EFE5  F009         	goto	l2479
  3073   0013BA                     u1610:
  3074   0013BA  5015               	movf	vfpfcnvrt@c^0,w,c
  3075   0013BC  A4D8               	btfss	status,2,c
  3076   0013BE  EFE3  F009         	goto	u1621
  3077   0013C2  EFE5  F009         	goto	u1620
  3078   0013C6                     u1621:
  3079   0013C6  EFB0  F009         	goto	l2471
  3080   0013CA                     u1620:
  3081   0013CA                     l2479:
  3082                           
  3083                           ;C:\Program Files\Microchip\xc8\v3.10\pic\sources\c99\common\doprnt.c: 1417:    if (c !=
      +                           0 && done) {
  3084   0013CA  5015               	movf	vfpfcnvrt@c^0,w,c
  3085   0013CC  B4D8               	btfsc	status,2,c
  3086   0013CE  EFEB  F009         	goto	u1631
  3087   0013D2  EFED  F009         	goto	u1630
  3088   0013D6                     u1631:
  3089   0013D6  EF0C  F00A         	goto	l2489
  3090   0013DA                     u1630:
  3091   0013DA  500F               	movf	vfpfcnvrt@done^0,w,c
  3092   0013DC  B4D8               	btfsc	status,2,c
  3093   0013DE  EFF3  F009         	goto	u1641
  3094   0013E2  EFF5  F009         	goto	u1640
  3095   0013E6                     u1641:
  3096   0013E6  EF0C  F00A         	goto	l2489
  3097   0013EA                     u1640:
  3098   0013EA                     
  3099                           ;C:\Program Files\Microchip\xc8\v3.10\pic\sources\c99\common\doprnt.c: 1418:     dbuf[--
      +                          c] = '-';
  3100   0013EA  0615               	decf	vfpfcnvrt@c^0,f,c
  3101   0013EC  5015               	movf	vfpfcnvrt@c^0,w,c
  3102   0013EE  0F60               	addlw	low _dbuf
  3103   0013F0  6ED9               	movwf	fsr2l,c
  3104   0013F2  6ADA               	clrf	fsr2h,c
  3105   0013F4  0E2D               	movlw	45
  3106   0013F6  6EDF               	movwf	indf2,c
  3107   0013F8  EF0C  F00A         	goto	l2489
  3108   0013FC                     l2485:
  3109                           
  3110                           ;C:\Program Files\Microchip\xc8\v3.10\pic\sources\c99\common\doprnt.c: 1424:     fputc(d
      +                          buf[c++], fp);
  3111   0013FC  5015               	movf	vfpfcnvrt@c^0,w,c
  3112   0013FE  0F60               	addlw	low _dbuf
  3113   001400  6ED9               	movwf	fsr2l,c
  3114   001402  6ADA               	clrf	fsr2h,c
  3115   001404  50DF               	movf	indf2,w,c
  3116   001406  6E0E               	movwf	??_vfpfcnvrt^0,c
  3117   001408  500E               	movf	??_vfpfcnvrt^0,w,c
  3118   00140A  6E01               	movwf	fputc@c^0,c
  3119   00140C  6A02               	clrf	(fputc@c+1)^0,c
  3120   00140E  C00B  F003         	movff	vfpfcnvrt@fp,fputc@fp
  3121   001412  EC6E  F00E         	call	_fputc	;wreg free
  3122   001416  2A15               	incf	vfpfcnvrt@c^0,f,c
  3123   001418                     l2489:
  3124                           
  3125                           ;C:\Program Files\Microchip\xc8\v3.10\pic\sources\c99\common\doprnt.c: 1423:    while (c
      +                           != sizeof(dbuf)) {
  3126   001418  0E20               	movlw	32
  3127   00141A  1815               	xorwf	vfpfcnvrt@c^0,w,c
  3128   00141C  A4D8               	btfss	status,2,c
  3129   00141E  EF13  F00A         	goto	u1651
  3130   001422  EF15  F00A         	goto	u1650
  3131   001426                     u1651:
  3132   001426  EFFE  F009         	goto	l2485
  3133   00142A                     u1650:
  3134   00142A  EF4C  F00A         	goto	l1104
  3135   00142E                     l2491:
  3136                           
  3137                           ;C:\Program Files\Microchip\xc8\v3.10\pic\sources\c99\common\doprnt.c: 1798:         if 
      +                          ((*fmt)[0] == '%') {
  3138   00142E  500C               	movf	vfpfcnvrt@fmt^0,w,c
  3139   001430  6ED9               	movwf	fsr2l,c
  3140   001432  6ADA               	clrf	fsr2h,c
  3141   001434  CFDF FFF6          	movff	indf2,tblptrl
  3142   001438                     	if	1	;There is more than 1 active tblptr byte
  3143   001438  0E08               	movlw	high __smallconst
  3144   00143A  6EF7               	movwf	tblptrh,c
  3145   00143C                     	endif
  3146   00143C                     	if	0	;tblptru may be non-zero
  3147   00143C                     	endif
  3148   00143C                     	if	0	;tblptru may be non-zero
  3149   00143C                     	endif
  3150   00143C  0008               	tblrd		*
  3151   00143E  50F5               	movf	tablat,w,c
  3152   001440  0A25               	xorlw	37
  3153   001442  A4D8               	btfss	status,2,c
  3154   001444  EF26  F00A         	goto	u1661
  3155   001448  EF28  F00A         	goto	u1660
  3156   00144C                     u1661:
  3157   00144C  EF35  F00A         	goto	l2499
  3158   001450                     u1660:
  3159   001450                     
  3160                           ;C:\Program Files\Microchip\xc8\v3.10\pic\sources\c99\common\doprnt.c: 1799:            
      +                           ++*fmt;
  3161   001450  500C               	movf	vfpfcnvrt@fmt^0,w,c
  3162   001452  6ED9               	movwf	fsr2l,c
  3163   001454  6ADA               	clrf	fsr2h,c
  3164   001456  2ADF               	incf	indf2,f,c
  3165   001458                     
  3166                           ;C:\Program Files\Microchip\xc8\v3.10\pic\sources\c99\common\doprnt.c: 1800:            
      +                           fputc((int)'%', fp);
  3167   001458  6A02               	clrf	(fputc@c+1)^0,c
  3168   00145A  0E25               	movlw	37
  3169   00145C  6E01               	movwf	fputc@c^0,c
  3170   00145E  C00B  F003         	movff	vfpfcnvrt@fp,fputc@fp
  3171   001462  EC6E  F00E         	call	_fputc	;wreg free
  3172   001466  EF4C  F00A         	goto	l1104
  3173   00146A                     l2499:
  3174                           
  3175                           ;C:\Program Files\Microchip\xc8\v3.10\pic\sources\c99\common\doprnt.c: 1806:         ++*
      +                          fmt;
  3176   00146A  500C               	movf	vfpfcnvrt@fmt^0,w,c
  3177   00146C  6ED9               	movwf	fsr2l,c
  3178   00146E  6ADA               	clrf	fsr2h,c
  3179   001470  2ADF               	incf	indf2,f,c
  3180   001472  EF4C  F00A         	goto	l1104
  3181   001476                     l2503:
  3182                           
  3183                           ;C:\Program Files\Microchip\xc8\v3.10\pic\sources\c99\common\doprnt.c: 1811:     fputc((
      +                          int)(*fmt)[0], fp);
  3184   001476  500C               	movf	vfpfcnvrt@fmt^0,w,c
  3185   001478  6ED9               	movwf	fsr2l,c
  3186   00147A  6ADA               	clrf	fsr2h,c
  3187   00147C  CFDF FFF6          	movff	indf2,tblptrl
  3188   001480                     	if	1	;There is more than 1 active tblptr byte
  3189   001480  0E08               	movlw	high __smallconst
  3190   001482  6EF7               	movwf	tblptrh,c
  3191   001484                     	endif
  3192   001484                     	if	0	;tblptru may be non-zero
  3193   001484                     	endif
  3194   001484                     	if	0	;tblptru may be non-zero
  3195   001484                     	endif
  3196   001484  0008               	tblrd		*
  3197   001486  50F5               	movf	tablat,w,c
  3198   001488  6E01               	movwf	fputc@c^0,c
  3199   00148A  6A02               	clrf	(fputc@c+1)^0,c
  3200   00148C  C00B  F003         	movff	vfpfcnvrt@fp,fputc@fp
  3201   001490  EC6E  F00E         	call	_fputc	;wreg free
  3202   001494  EF35  F00A         	goto	l2499
  3203   001498                     l1104:
  3204   001498  0012               	return		;funcret
  3205   00149A                     __end_of_vfpfcnvrt:
  3206                           	callstack 0
  3207                           
  3208 ;; *************** function _fputc *****************
  3209 ;; Defined at:
  3210 ;;		line 8 in file "C:\Program Files\Microchip\xc8\v3.10\pic\sources\c99\common\nf_fputc.c"
  3211 ;; Parameters:    Size  Location     Type
  3212 ;;  c               2    0[COMRAM] int 
  3213 ;;  fp              1    2[COMRAM] PTR struct _IO_FILE
  3214 ;;		 -> sprintf@f(11), 
  3215 ;; Auto vars:     Size  Location     Type
  3216 ;;		None
  3217 ;; Return value:  Size  Location     Type
  3218 ;;                  2    0[COMRAM] int 
  3219 ;; Registers used:
  3220 ;;		wreg, fsr1l, fsr1h, fsr2l, fsr2h, status,2, status,0, cstack
  3221 ;; Tracked objects:
  3222 ;;		On entry : 0/0
  3223 ;;		On exit  : 0/0
  3224 ;;		Unchanged: 0/0
  3225 ;; Data sizes:     COMRAM   BANK0   BANK1   BANK2   BANK3   BANK4   BANK5   BANK6   BANK7
  3226 ;;      Params:         3       0       0       0       0       0       0       0       0
  3227 ;;      Locals:         0       0       0       0       0       0       0       0       0
  3228 ;;      Temps:          5       0       0       0       0       0       0       0       0
  3229 ;;      Totals:         8       0       0       0       0       0       0       0       0
  3230 ;;Total ram usage:        8 bytes
  3231 ;; Hardware stack levels used: 1
  3232 ;; Hardware stack levels required when called: 1
  3233 ;; This function calls:
  3234 ;;		_putch
  3235 ;; This function is called by:
  3236 ;;		_vfpfcnvrt
  3237 ;; This function uses a non-reentrant model
  3238 ;;
  3239                           
  3240                           	psect	text4
  3241   001CDC                     __ptext4:
  3242                           	callstack 0
  3243   001CDC                     _fputc:
  3244                           	callstack 26
  3245   001CDC  5003               	movf	fputc@fp^0,w,c
  3246   001CDE  B4D8               	btfsc	status,2,c
  3247   001CE0  EF74  F00E         	goto	u1441
  3248   001CE4  EF76  F00E         	goto	u1440
  3249   001CE8                     u1441:
  3250   001CE8  EF7E  F00E         	goto	l2347
  3251   001CEC                     u1440:
  3252   001CEC  5003               	movf	fputc@fp^0,w,c
  3253   001CEE  A4D8               	btfss	status,2,c
  3254   001CF0  EF7C  F00E         	goto	u1451
  3255   001CF4  EF7E  F00E         	goto	u1450
  3256   001CF8                     u1451:
  3257   001CF8  EF83  F00E         	goto	l2349
  3258   001CFC                     u1450:
  3259   001CFC                     l2347:
  3260   001CFC  5001               	movf	fputc@c^0,w,c
  3261   001CFE  ECD9  F012         	call	_putch
  3262   001D02  EFC2  F00E         	goto	l1130
  3263   001D06                     l2349:
  3264   001D06  5003               	movf	fputc@fp^0,w,c
  3265   001D08  6ED9               	movwf	fsr2l,c
  3266   001D0A  6ADA               	clrf	fsr2h,c
  3267   001D0C  0E09               	movlw	9
  3268   001D0E  26D9               	addwf	fsr2l,f,c
  3269   001D10  50DE               	movf	postinc2,w,c
  3270   001D12  10DE               	iorwf	postinc2,w,c
  3271   001D14  B4D8               	btfsc	status,2,c
  3272   001D16  EF8F  F00E         	goto	u1461
  3273   001D1A  EF91  F00E         	goto	u1460
  3274   001D1E                     u1461:
  3275   001D1E  EFAA  F00E         	goto	l2353
  3276   001D22                     u1460:
  3277   001D22  5003               	movf	fputc@fp^0,w,c
  3278   001D24  6ED9               	movwf	fsr2l,c
  3279   001D26  6ADA               	clrf	fsr2h,c
  3280   001D28  0E09               	movlw	9
  3281   001D2A  26D9               	addwf	fsr2l,f,c
  3282   001D2C  5003               	movf	fputc@fp^0,w,c
  3283   001D2E  6EE1               	movwf	fsr1l,c
  3284   001D30  6AE2               	clrf	fsr1h,c
  3285   001D32  0E02               	movlw	2
  3286   001D34  26E1               	addwf	fsr1l,f,c
  3287   001D36  50DE               	movf	postinc2,w,c
  3288   001D38  5CE6               	subwf	postinc1,w,c
  3289   001D3A  50E6               	movf	postinc1,w,c
  3290   001D3C  0A80               	xorlw	128
  3291   001D3E  6E08               	movwf	(??_fputc+4)^0,c
  3292   001D40  50DE               	movf	postinc2,w,c
  3293   001D42  0A80               	xorlw	128
  3294   001D44  5808               	subwfb	(??_fputc+4)^0,w,c
  3295   001D46  B0D8               	btfsc	status,0,c
  3296   001D48  EFA8  F00E         	goto	u1471
  3297   001D4C  EFAA  F00E         	goto	u1470
  3298   001D50                     u1471:
  3299   001D50  EFC2  F00E         	goto	l1130
  3300   001D54                     u1470:
  3301   001D54                     l2353:
  3302   001D54  5003               	movf	fputc@fp^0,w,c
  3303   001D56  6ED9               	movwf	fsr2l,c
  3304   001D58  6ADA               	clrf	fsr2h,c
  3305   001D5A  0E02               	movlw	2
  3306   001D5C  26D9               	addwf	fsr2l,f,c
  3307   001D5E  50DF               	movf	indf2,w,c
  3308   001D60  6E04               	movwf	??_fputc^0,c
  3309   001D62  5003               	movf	fputc@fp^0,w,c
  3310   001D64  6ED9               	movwf	fsr2l,c
  3311   001D66  6ADA               	clrf	fsr2h,c
  3312   001D68  50DF               	movf	indf2,w,c
  3313   001D6A  2404               	addwf	??_fputc^0,w,c
  3314   001D6C  6ED9               	movwf	fsr2l,c
  3315   001D6E  6ADA               	clrf	fsr2h,c
  3316   001D70  C001  FFDF         	movff	fputc@c,indf2
  3317   001D74  5003               	movf	fputc@fp^0,w,c
  3318   001D76  6ED9               	movwf	fsr2l,c
  3319   001D78  6ADA               	clrf	fsr2h,c
  3320   001D7A  0E02               	movlw	2
  3321   001D7C  26D9               	addwf	fsr2l,f,c
  3322   001D7E  2ADE               	incf	postinc2,f,c
  3323   001D80  0E00               	movlw	0
  3324   001D82  22DD               	addwfc	postdec2,f,c
  3325   001D84                     l1130:
  3326   001D84  0012               	return		;funcret
  3327   001D86                     __end_of_fputc:
  3328                           	callstack 0
  3329                           
  3330 ;; *************** function _putch *****************
  3331 ;; Defined at:
  3332 ;;		line 7 in file "C:\Program Files\Microchip\xc8\v3.10\pic\sources\c99\common\putch.c"
  3333 ;; Parameters:    Size  Location     Type
  3334 ;;  c               1    wreg     unsigned char 
  3335 ;; Auto vars:     Size  Location     Type
  3336 ;;  c               1    0[COMRAM] unsigned char 
  3337 ;; Return value:  Size  Location     Type
  3338 ;;                  1    wreg      void 
  3339 ;; Registers used:
  3340 ;;		wreg
  3341 ;; Tracked objects:
  3342 ;;		On entry : 0/0
  3343 ;;		On exit  : 0/0
  3344 ;;		Unchanged: 0/0
  3345 ;; Data sizes:     COMRAM   BANK0   BANK1   BANK2   BANK3   BANK4   BANK5   BANK6   BANK7
  3346 ;;      Params:         0       0       0       0       0       0       0       0       0
  3347 ;;      Locals:         0       0       0       0       0       0       0       0       0
  3348 ;;      Temps:          0       0       0       0       0       0       0       0       0
  3349 ;;      Totals:         0       0       0       0       0       0       0       0       0
  3350 ;;Total ram usage:        0 bytes
  3351 ;; Hardware stack levels used: 1
  3352 ;; This function calls:
  3353 ;;		Nothing
  3354 ;; This function is called by:
  3355 ;;		_fputc
  3356 ;; This function uses a non-reentrant model
  3357 ;;
  3358                           
  3359                           	psect	text5
  3360   0025B2                     __ptext5:
  3361                           	callstack 0
  3362   0025B2                     _putch:
  3363                           	callstack 26
  3364   0025B2  0012               	return		;funcret
  3365   0025B4                     __end_of_putch:
  3366                           	callstack 0
  3367                           
  3368 ;; *************** function _abs *****************
  3369 ;; Defined at:
  3370 ;;		line 1 in file "C:\Program Files\Microchip\xc8\v3.10\pic\sources\c99\common\abs.c"
  3371 ;; Parameters:    Size  Location     Type
  3372 ;;  a               2    6[COMRAM] int 
  3373 ;; Auto vars:     Size  Location     Type
  3374 ;;		None
  3375 ;; Return value:  Size  Location     Type
  3376 ;;                  2    6[COMRAM] int 
  3377 ;; Registers used:
  3378 ;;		wreg, status,2, status,0
  3379 ;; Tracked objects:
  3380 ;;		On entry : 0/0
  3381 ;;		On exit  : 0/0
  3382 ;;		Unchanged: 0/0
  3383 ;; Data sizes:     COMRAM   BANK0   BANK1   BANK2   BANK3   BANK4   BANK5   BANK6   BANK7
  3384 ;;      Params:         2       0       0       0       0       0       0       0       0
  3385 ;;      Locals:         0       0       0       0       0       0       0       0       0
  3386 ;;      Temps:          2       0       0       0       0       0       0       0       0
  3387 ;;      Totals:         4       0       0       0       0       0       0       0       0
  3388 ;;Total ram usage:        4 bytes
  3389 ;; Hardware stack levels used: 1
  3390 ;; This function calls:
  3391 ;;		Nothing
  3392 ;; This function is called by:
  3393 ;;		_vfpfcnvrt
  3394 ;; This function uses a non-reentrant model
  3395 ;;
  3396                           
  3397                           	psect	text6
  3398   002406                     __ptext6:
  3399                           	callstack 0
  3400   002406                     _abs:
  3401                           	callstack 27
  3402   002406  BE08               	btfsc	(abs@a+1)^0,7,c
  3403   002408  EF08  F012         	goto	u1481
  3404   00240C  EF0A  F012         	goto	u1480
  3405   002410                     u1481:
  3406   002410  EF10  F012         	goto	l1115
  3407   002414                     u1480:
  3408   002414  C007  F007         	movff	abs@a,?_abs
  3409   002418  C008  F008         	movff	abs@a+1,?_abs+1
  3410   00241C  EF1C  F012         	goto	l1118
  3411   002420                     l1115:
  3412   002420  C007  F009         	movff	abs@a,??_abs
  3413   002424  C008  F00A         	movff	abs@a+1,??_abs+1
  3414   002428  1E09               	comf	??_abs^0,f,c
  3415   00242A  1E0A               	comf	(??_abs+1)^0,f,c
  3416   00242C  4A09               	infsnz	??_abs^0,f,c
  3417   00242E  2A0A               	incf	(??_abs+1)^0,f,c
  3418   002430  C009  F007         	movff	??_abs,?_abs
  3419   002434  C00A  F008         	movff	??_abs+1,?_abs+1
  3420   002438                     l1118:
  3421   002438  0012               	return		;funcret
  3422   00243A                     __end_of_abs:
  3423                           	callstack 0
  3424                           
  3425 ;; *************** function ___awmod *****************
  3426 ;; Defined at:
  3427 ;;		line 7 in file "C:\Program Files\Microchip\xc8\v3.10\pic\sources\c99\common\awmod.c"
  3428 ;; Parameters:    Size  Location     Type
  3429 ;;  dividend        2    0[COMRAM] int 
  3430 ;;  divisor         2    2[COMRAM] int 
  3431 ;; Auto vars:     Size  Location     Type
  3432 ;;  sign            1    5[COMRAM] unsigned char 
  3433 ;;  counter         1    4[COMRAM] unsigned char 
  3434 ;; Return value:  Size  Location     Type
  3435 ;;                  2    0[COMRAM] int 
  3436 ;; Registers used:
  3437 ;;		wreg, status,2, status,0
  3438 ;; Tracked objects:
  3439 ;;		On entry : 0/0
  3440 ;;		On exit  : 0/0
  3441 ;;		Unchanged: 0/0
  3442 ;; Data sizes:     COMRAM   BANK0   BANK1   BANK2   BANK3   BANK4   BANK5   BANK6   BANK7
  3443 ;;      Params:         4       0       0       0       0       0       0       0       0
  3444 ;;      Locals:         2       0       0       0       0       0       0       0       0
  3445 ;;      Temps:          0       0       0       0       0       0       0       0       0
  3446 ;;      Totals:         6       0       0       0       0       0       0       0       0
  3447 ;;Total ram usage:        6 bytes
  3448 ;; Hardware stack levels used: 1
  3449 ;; This function calls:
  3450 ;;		Nothing
  3451 ;; This function is called by:
  3452 ;;		_vfpfcnvrt
  3453 ;; This function uses a non-reentrant model
  3454 ;;
  3455                           
  3456                           	psect	text7
  3457   001C2E                     __ptext7:
  3458                           	callstack 0
  3459   001C2E                     ___awmod:
  3460                           	callstack 27
  3461   001C2E  6A06               	clrf	___awmod@sign^0,c
  3462   001C30  BE02               	btfsc	(___awmod@dividend+1)^0,7,c
  3463   001C32  EF1F  F00E         	goto	u1380
  3464   001C36  EF1D  F00E         	goto	u1381
  3465   001C3A                     u1381:
  3466   001C3A  EF25  F00E         	goto	l2315
  3467   001C3E                     u1380:
  3468   001C3E  6C01               	negf	___awmod@dividend^0,c
  3469   001C40  1E02               	comf	(___awmod@dividend+1)^0,f,c
  3470   001C42  B0D8               	btfsc	status,0,c
  3471   001C44  2A02               	incf	(___awmod@dividend+1)^0,f,c
  3472   001C46  0E01               	movlw	1
  3473   001C48  6E06               	movwf	___awmod@sign^0,c
  3474   001C4A                     l2315:
  3475   001C4A  BE04               	btfsc	(___awmod@divisor+1)^0,7,c
  3476   001C4C  EF2C  F00E         	goto	u1390
  3477   001C50  EF2A  F00E         	goto	u1391
  3478   001C54                     u1391:
  3479   001C54  EF30  F00E         	goto	l2319
  3480   001C58                     u1390:
  3481   001C58  6C03               	negf	___awmod@divisor^0,c
  3482   001C5A  1E04               	comf	(___awmod@divisor+1)^0,f,c
  3483   001C5C  B0D8               	btfsc	status,0,c
  3484   001C5E  2A04               	incf	(___awmod@divisor+1)^0,f,c
  3485   001C60                     l2319:
  3486   001C60  5003               	movf	___awmod@divisor^0,w,c
  3487   001C62  1004               	iorwf	(___awmod@divisor+1)^0,w,c
  3488   001C64  B4D8               	btfsc	status,2,c
  3489   001C66  EF37  F00E         	goto	u1401
  3490   001C6A  EF39  F00E         	goto	u1400
  3491   001C6E                     u1401:
  3492   001C6E  EF5D  F00E         	goto	l2335
  3493   001C72                     u1400:
  3494   001C72  0E01               	movlw	1
  3495   001C74  6E05               	movwf	___awmod@counter^0,c
  3496   001C76  EF41  F00E         	goto	l2325
  3497   001C7A                     l2323:
  3498   001C7A  90D8               	bcf	status,0,c
  3499   001C7C  3603               	rlcf	___awmod@divisor^0,f,c
  3500   001C7E  3604               	rlcf	(___awmod@divisor+1)^0,f,c
  3501   001C80  2A05               	incf	___awmod@counter^0,f,c
  3502   001C82                     l2325:
  3503   001C82  AE04               	btfss	(___awmod@divisor+1)^0,7,c
  3504   001C84  EF46  F00E         	goto	u1411
  3505   001C88  EF48  F00E         	goto	u1410
  3506   001C8C                     u1411:
  3507   001C8C  EF3D  F00E         	goto	l2323
  3508   001C90                     u1410:
  3509   001C90                     l2327:
  3510   001C90  5003               	movf	___awmod@divisor^0,w,c
  3511   001C92  5C01               	subwf	___awmod@dividend^0,w,c
  3512   001C94  5004               	movf	(___awmod@divisor+1)^0,w,c
  3513   001C96  5802               	subwfb	(___awmod@dividend+1)^0,w,c
  3514   001C98  A0D8               	btfss	status,0,c
  3515   001C9A  EF51  F00E         	goto	u1421
  3516   001C9E  EF53  F00E         	goto	u1420
  3517   001CA2                     u1421:
  3518   001CA2  EF57  F00E         	goto	l2331
  3519   001CA6                     u1420:
  3520   001CA6  5003               	movf	___awmod@divisor^0,w,c
  3521   001CA8  5E01               	subwf	___awmod@dividend^0,f,c
  3522   001CAA  5004               	movf	(___awmod@divisor+1)^0,w,c
  3523   001CAC  5A02               	subwfb	(___awmod@dividend+1)^0,f,c
  3524   001CAE                     l2331:
  3525   001CAE  90D8               	bcf	status,0,c
  3526   001CB0  3204               	rrcf	(___awmod@divisor+1)^0,f,c
  3527   001CB2  3203               	rrcf	___awmod@divisor^0,f,c
  3528   001CB4  2E05               	decfsz	___awmod@counter^0,f,c
  3529   001CB6  EF48  F00E         	goto	l2327
  3530   001CBA                     l2335:
  3531   001CBA  5006               	movf	___awmod@sign^0,w,c
  3532   001CBC  B4D8               	btfsc	status,2,c
  3533   001CBE  EF63  F00E         	goto	u1431
  3534   001CC2  EF65  F00E         	goto	u1430
  3535   001CC6                     u1431:
  3536   001CC6  EF69  F00E         	goto	l2339
  3537   001CCA                     u1430:
  3538   001CCA  6C01               	negf	___awmod@dividend^0,c
  3539   001CCC  1E02               	comf	(___awmod@dividend+1)^0,f,c
  3540   001CCE  B0D8               	btfsc	status,0,c
  3541   001CD0  2A02               	incf	(___awmod@dividend+1)^0,f,c
  3542   001CD2                     l2339:
  3543   001CD2  C001  F001         	movff	___awmod@dividend,?___awmod
  3544   001CD6  C002  F002         	movff	___awmod@dividend+1,?___awmod+1
  3545   001CDA  0012               	return		;funcret
  3546   001CDC                     __end_of___awmod:
  3547                           	callstack 0
  3548                           
  3549 ;; *************** function ___awdiv *****************
  3550 ;; Defined at:
  3551 ;;		line 7 in file "C:\Program Files\Microchip\xc8\v3.10\pic\sources\c99\common\awdiv.c"
  3552 ;; Parameters:    Size  Location     Type
  3553 ;;  dividend        2    0[COMRAM] int 
  3554 ;;  divisor         2    2[COMRAM] int 
  3555 ;; Auto vars:     Size  Location     Type
  3556 ;;  quotient        2    6[COMRAM] int 
  3557 ;;  sign            1    5[COMRAM] unsigned char 
  3558 ;;  counter         1    4[COMRAM] unsigned char 
  3559 ;; Return value:  Size  Location     Type
  3560 ;;                  2    0[COMRAM] int 
  3561 ;; Registers used:
  3562 ;;		wreg, status,2, status,0
  3563 ;; Tracked objects:
  3564 ;;		On entry : 0/0
  3565 ;;		On exit  : 0/0
  3566 ;;		Unchanged: 0/0
  3567 ;; Data sizes:     COMRAM   BANK0   BANK1   BANK2   BANK3   BANK4   BANK5   BANK6   BANK7
  3568 ;;      Params:         4       0       0       0       0       0       0       0       0
  3569 ;;      Locals:         4       0       0       0       0       0       0       0       0
  3570 ;;      Temps:          0       0       0       0       0       0       0       0       0
  3571 ;;      Totals:         8       0       0       0       0       0       0       0       0
  3572 ;;Total ram usage:        8 bytes
  3573 ;; Hardware stack levels used: 1
  3574 ;; This function calls:
  3575 ;;		Nothing
  3576 ;; This function is called by:
  3577 ;;		_vfpfcnvrt
  3578 ;; This function uses a non-reentrant model
  3579 ;;
  3580                           
  3581                           	psect	text8
  3582   001B6E                     __ptext8:
  3583                           	callstack 0
  3584   001B6E                     ___awdiv:
  3585                           	callstack 27
  3586   001B6E  6A06               	clrf	___awdiv@sign^0,c
  3587   001B70  BE04               	btfsc	(___awdiv@divisor+1)^0,7,c
  3588   001B72  EFBF  F00D         	goto	u1320
  3589   001B76  EFBD  F00D         	goto	u1321
  3590   001B7A                     u1321:
  3591   001B7A  EFC5  F00D         	goto	l2271
  3592   001B7E                     u1320:
  3593   001B7E  6C03               	negf	___awdiv@divisor^0,c
  3594   001B80  1E04               	comf	(___awdiv@divisor+1)^0,f,c
  3595   001B82  B0D8               	btfsc	status,0,c
  3596   001B84  2A04               	incf	(___awdiv@divisor+1)^0,f,c
  3597   001B86  0E01               	movlw	1
  3598   001B88  6E06               	movwf	___awdiv@sign^0,c
  3599   001B8A                     l2271:
  3600   001B8A  BE02               	btfsc	(___awdiv@dividend+1)^0,7,c
  3601   001B8C  EFCC  F00D         	goto	u1330
  3602   001B90  EFCA  F00D         	goto	u1331
  3603   001B94                     u1331:
  3604   001B94  EFD2  F00D         	goto	l2277
  3605   001B98                     u1330:
  3606   001B98  6C01               	negf	___awdiv@dividend^0,c
  3607   001B9A  1E02               	comf	(___awdiv@dividend+1)^0,f,c
  3608   001B9C  B0D8               	btfsc	status,0,c
  3609   001B9E  2A02               	incf	(___awdiv@dividend+1)^0,f,c
  3610   001BA0  0E01               	movlw	1
  3611   001BA2  1A06               	xorwf	___awdiv@sign^0,f,c
  3612   001BA4                     l2277:
  3613   001BA4  6A08               	clrf	(___awdiv@quotient+1)^0,c
  3614   001BA6  0E00               	movlw	0
  3615   001BA8  6E07               	movwf	___awdiv@quotient^0,c
  3616   001BAA  5003               	movf	___awdiv@divisor^0,w,c
  3617   001BAC  1004               	iorwf	(___awdiv@divisor+1)^0,w,c
  3618   001BAE  B4D8               	btfsc	status,2,c
  3619   001BB0  EFDC  F00D         	goto	u1341
  3620   001BB4  EFDE  F00D         	goto	u1340
  3621   001BB8                     u1341:
  3622   001BB8  EF06  F00E         	goto	l2299
  3623   001BBC                     u1340:
  3624   001BBC  0E01               	movlw	1
  3625   001BBE  6E05               	movwf	___awdiv@counter^0,c
  3626   001BC0  EFE6  F00D         	goto	l2285
  3627   001BC4                     l2283:
  3628   001BC4  90D8               	bcf	status,0,c
  3629   001BC6  3603               	rlcf	___awdiv@divisor^0,f,c
  3630   001BC8  3604               	rlcf	(___awdiv@divisor+1)^0,f,c
  3631   001BCA  2A05               	incf	___awdiv@counter^0,f,c
  3632   001BCC                     l2285:
  3633   001BCC  AE04               	btfss	(___awdiv@divisor+1)^0,7,c
  3634   001BCE  EFEB  F00D         	goto	u1351
  3635   001BD2  EFED  F00D         	goto	u1350
  3636   001BD6                     u1351:
  3637   001BD6  EFE2  F00D         	goto	l2283
  3638   001BDA                     u1350:
  3639   001BDA                     l2287:
  3640   001BDA  90D8               	bcf	status,0,c
  3641   001BDC  3607               	rlcf	___awdiv@quotient^0,f,c
  3642   001BDE  3608               	rlcf	(___awdiv@quotient+1)^0,f,c
  3643   001BE0  5003               	movf	___awdiv@divisor^0,w,c
  3644   001BE2  5C01               	subwf	___awdiv@dividend^0,w,c
  3645   001BE4  5004               	movf	(___awdiv@divisor+1)^0,w,c
  3646   001BE6  5802               	subwfb	(___awdiv@dividend+1)^0,w,c
  3647   001BE8  A0D8               	btfss	status,0,c
  3648   001BEA  EFF9  F00D         	goto	u1361
  3649   001BEE  EFFB  F00D         	goto	u1360
  3650   001BF2                     u1361:
  3651   001BF2  EF00  F00E         	goto	l2295
  3652   001BF6                     u1360:
  3653   001BF6  5003               	movf	___awdiv@divisor^0,w,c
  3654   001BF8  5E01               	subwf	___awdiv@dividend^0,f,c
  3655   001BFA  5004               	movf	(___awdiv@divisor+1)^0,w,c
  3656   001BFC  5A02               	subwfb	(___awdiv@dividend+1)^0,f,c
  3657   001BFE  8007               	bsf	___awdiv@quotient^0,0,c
  3658   001C00                     l2295:
  3659   001C00  90D8               	bcf	status,0,c
  3660   001C02  3204               	rrcf	(___awdiv@divisor+1)^0,f,c
  3661   001C04  3203               	rrcf	___awdiv@divisor^0,f,c
  3662   001C06  2E05               	decfsz	___awdiv@counter^0,f,c
  3663   001C08  EFED  F00D         	goto	l2287
  3664   001C0C                     l2299:
  3665   001C0C  5006               	movf	___awdiv@sign^0,w,c
  3666   001C0E  B4D8               	btfsc	status,2,c
  3667   001C10  EF0C  F00E         	goto	u1371
  3668   001C14  EF0E  F00E         	goto	u1370
  3669   001C18                     u1371:
  3670   001C18  EF12  F00E         	goto	l2303
  3671   001C1C                     u1370:
  3672   001C1C  6C07               	negf	___awdiv@quotient^0,c
  3673   001C1E  1E08               	comf	(___awdiv@quotient+1)^0,f,c
  3674   001C20  B0D8               	btfsc	status,0,c
  3675   001C22  2A08               	incf	(___awdiv@quotient+1)^0,f,c
  3676   001C24                     l2303:
  3677   001C24  C007  F001         	movff	___awdiv@quotient,?___awdiv
  3678   001C28  C008  F002         	movff	___awdiv@quotient+1,?___awdiv+1
  3679   001C2C  0012               	return		;funcret
  3680   001C2E                     __end_of___awdiv:
  3681                           	callstack 0
  3682                           
  3683 ;; *************** function _setup *****************
  3684 ;; Defined at:
  3685 ;;		line 13 in file "main.c"
  3686 ;; Parameters:    Size  Location     Type
  3687 ;;		None
  3688 ;; Auto vars:     Size  Location     Type
  3689 ;;		None
  3690 ;; Return value:  Size  Location     Type
  3691 ;;                  1    wreg      void 
  3692 ;; Registers used:
  3693 ;;		wreg, status,2
  3694 ;; Tracked objects:
  3695 ;;		On entry : 0/0
  3696 ;;		On exit  : 0/0
  3697 ;;		Unchanged: 0/0
  3698 ;; Data sizes:     COMRAM   BANK0   BANK1   BANK2   BANK3   BANK4   BANK5   BANK6   BANK7
  3699 ;;      Params:         0       0       0       0       0       0       0       0       0
  3700 ;;      Locals:         0       0       0       0       0       0       0       0       0
  3701 ;;      Temps:          0       0       0       0       0       0       0       0       0
  3702 ;;      Totals:         0       0       0       0       0       0       0       0       0
  3703 ;;Total ram usage:        0 bytes
  3704 ;; Hardware stack levels used: 1
  3705 ;; This function calls:
  3706 ;;		Nothing
  3707 ;; This function is called by:
  3708 ;;		_main
  3709 ;; This function uses a non-reentrant model
  3710 ;;
  3711                           
  3712                           	psect	text9
  3713   002588                     __ptext9:
  3714                           	callstack 0
  3715   002588                     _setup:
  3716                           	callstack 30
  3717   002588                     
  3718                           ;main.c: 14:     OSCCON = 0x72;
  3719   002588  0E72               	movlw	114
  3720   00258A  6ED3               	movwf	211,c	;volatile
  3721   00258C                     
  3722                           ;main.c: 15:     TRISA = 0xFF;
  3723   00258C  6892               	setf	146,c	;volatile
  3724   00258E                     
  3725                           ;main.c: 16:     TRISB = 0x00;
  3726   00258E  6A93               	clrf	147,c	;volatile
  3727   002590                     
  3728                           ;main.c: 17:     TRISD = 0x00;
  3729   002590  6A95               	clrf	149,c	;volatile
  3730   002592                     
  3731                           ;main.c: 18:     TRISC = 0x00;
  3732   002592  6A94               	clrf	148,c	;volatile
  3733   002594                     
  3734                           ;main.c: 19:     LATD = 0x00;
  3735   002594  6A8C               	clrf	140,c	;volatile
  3736   002596  0012               	return		;funcret
  3737   002598                     __end_of_setup:
  3738                           	callstack 0
  3739                           
  3740 ;; *************** function _leer_temperatura *****************
  3741 ;; Defined at:
  3742 ;;		line 9 in file "sensores.c"
  3743 ;; Parameters:    Size  Location     Type
  3744 ;;		None
  3745 ;; Auto vars:     Size  Location     Type
  3746 ;;  adc             2   68[COMRAM] int 
  3747 ;; Return value:  Size  Location     Type
  3748 ;;                  4   64[COMRAM] float 
  3749 ;; Registers used:
  3750 ;;		wreg, status,2, status,0, prodl, prodh, cstack
  3751 ;; Tracked objects:
  3752 ;;		On entry : 0/0
  3753 ;;		On exit  : 0/0
  3754 ;;		Unchanged: 0/0
  3755 ;; Data sizes:     COMRAM   BANK0   BANK1   BANK2   BANK3   BANK4   BANK5   BANK6   BANK7
  3756 ;;      Params:         4       0       0       0       0       0       0       0       0
  3757 ;;      Locals:         2       0       0       0       0       0       0       0       0
  3758 ;;      Temps:          0       0       0       0       0       0       0       0       0
  3759 ;;      Totals:         6       0       0       0       0       0       0       0       0
  3760 ;;Total ram usage:        6 bytes
  3761 ;; Hardware stack levels used: 1
  3762 ;; Hardware stack levels required when called: 1
  3763 ;; This function calls:
  3764 ;;		___fldiv
  3765 ;;		___flmul
  3766 ;;		___xxtofl
  3767 ;;		_leer_adc
  3768 ;; This function is called by:
  3769 ;;		_main
  3770 ;; This function uses a non-reentrant model
  3771 ;;
  3772                           
  3773                           	psect	text10
  3774   001FF0                     __ptext10:
  3775                           	callstack 0
  3776   001FF0                     _leer_temperatura:
  3777                           	callstack 29
  3778   001FF0                     
  3779                           ;sensores.c: 10:     int adc = leer_adc(0);
  3780   001FF0  6A02               	clrf	(leer_adc@canal+1)^0,c
  3781   001FF2  0E00               	movlw	0
  3782   001FF4  6E01               	movwf	leer_adc@canal^0,c
  3783   001FF6  EC85  F011         	call	_leer_adc	;wreg free
  3784   001FFA  C001  F045         	movff	?_leer_adc,leer_temperatura@adc
  3785   001FFE  C002  F046         	movff	?_leer_adc+1,leer_temperatura@adc+1
  3786   002002                     
  3787                           ;sensores.c: 14:     return (adc * 4.8876) / 10.0;
  3788   002002  0E38               	movlw	56
  3789   002004  6E13               	movwf	___flmul@a^0,c
  3790   002006  0E67               	movlw	103
  3791   002008  6E14               	movwf	(___flmul@a+1)^0,c
  3792   00200A  0E9C               	movlw	156
  3793   00200C  6E15               	movwf	(___flmul@a+2)^0,c
  3794   00200E  0E40               	movlw	64
  3795   002010  6E16               	movwf	(___flmul@a+3)^0,c
  3796   002012  C045  F001         	movff	leer_temperatura@adc,___xxtofl@val
  3797   002016  C046  F002         	movff	leer_temperatura@adc+1,___xxtofl@val+1
  3798   00201A  0E00               	movlw	0
  3799   00201C  BE02               	btfsc	(___xxtofl@val+1)^0,7,c
  3800   00201E  0EFF               	movlw	-1
  3801   002020  6E03               	movwf	(___xxtofl@val+2)^0,c
  3802   002022  6E04               	movwf	(___xxtofl@val+3)^0,c
  3803   002024  0E01               	movlw	1
  3804   002026  EC4D  F00A         	call	___xxtofl
  3805   00202A  C001  F00F         	movff	?___xxtofl,___flmul@b
  3806   00202E  C002  F010         	movff	?___xxtofl+1,___flmul@b+1
  3807   002032  C003  F011         	movff	?___xxtofl+2,___flmul@b+2
  3808   002036  C004  F012         	movff	?___xxtofl+3,___flmul@b+3
  3809   00203A  EC76  F004         	call	___flmul	;wreg free
  3810   00203E  C00F  F028         	movff	?___flmul,___fldiv@b
  3811   002042  C010  F029         	movff	?___flmul+1,___fldiv@b+1
  3812   002046  C011  F02A         	movff	?___flmul+2,___fldiv@b+2
  3813   00204A  C012  F02B         	movff	?___flmul+3,___fldiv@b+3
  3814   00204E  0E00               	movlw	0
  3815   002050  6E2C               	movwf	___fldiv@a^0,c
  3816   002052  0E00               	movlw	0
  3817   002054  6E2D               	movwf	(___fldiv@a+1)^0,c
  3818   002056  0E20               	movlw	32
  3819   002058  6E2E               	movwf	(___fldiv@a+2)^0,c
  3820   00205A  0E41               	movlw	65
  3821   00205C  6E2F               	movwf	(___fldiv@a+3)^0,c
  3822   00205E  EC89  F006         	call	___fldiv	;wreg free
  3823   002062  C028  F041         	movff	?___fldiv,?_leer_temperatura
  3824   002066  C029  F042         	movff	?___fldiv+1,?_leer_temperatura+1
  3825   00206A  C02A  F043         	movff	?___fldiv+2,?_leer_temperatura+2
  3826   00206E  C02B  F044         	movff	?___fldiv+3,?_leer_temperatura+3
  3827   002072  0012               	return		;funcret
  3828   002074                     __end_of_leer_temperatura:
  3829                           	callstack 0
  3830                           
  3831 ;; *************** function _leer_aire *****************
  3832 ;; Defined at:
  3833 ;;		line 20 in file "sensores.c"
  3834 ;; Parameters:    Size  Location     Type
  3835 ;;		None
  3836 ;; Auto vars:     Size  Location     Type
  3837 ;;		None
  3838 ;; Return value:  Size  Location     Type
  3839 ;;                  2    4[COMRAM] int 
  3840 ;; Registers used:
  3841 ;;		wreg, status,2, status,0, cstack
  3842 ;; Tracked objects:
  3843 ;;		On entry : 0/0
  3844 ;;		On exit  : 0/0
  3845 ;;		Unchanged: 0/0
  3846 ;; Data sizes:     COMRAM   BANK0   BANK1   BANK2   BANK3   BANK4   BANK5   BANK6   BANK7
  3847 ;;      Params:         2       0       0       0       0       0       0       0       0
  3848 ;;      Locals:         0       0       0       0       0       0       0       0       0
  3849 ;;      Temps:          0       0       0       0       0       0       0       0       0
  3850 ;;      Totals:         2       0       0       0       0       0       0       0       0
  3851 ;;Total ram usage:        2 bytes
  3852 ;; Hardware stack levels used: 1
  3853 ;; Hardware stack levels required when called: 1
  3854 ;; This function calls:
  3855 ;;		_leer_adc
  3856 ;; This function is called by:
  3857 ;;		_main
  3858 ;; This function uses a non-reentrant model
  3859 ;;
  3860                           
  3861                           	psect	text11
  3862   002574                     __ptext11:
  3863                           	callstack 0
  3864   002574                     _leer_aire:
  3865                           	callstack 29
  3866   002574                     
  3867                           ;sensores.c: 21:     return leer_adc(2);
  3868   002574  6A02               	clrf	(leer_adc@canal+1)^0,c
  3869   002576  0E02               	movlw	2
  3870   002578  6E01               	movwf	leer_adc@canal^0,c
  3871   00257A  EC85  F011         	call	_leer_adc	;wreg free
  3872   00257E  C001  F005         	movff	?_leer_adc,?_leer_aire
  3873   002582  C002  F006         	movff	?_leer_adc+1,?_leer_aire+1
  3874   002586  0012               	return		;funcret
  3875   002588                     __end_of_leer_aire:
  3876                           	callstack 0
  3877                           
  3878 ;; *************** function _leer_adc *****************
  3879 ;; Defined at:
  3880 ;;		line 17 in file "adc.c"
  3881 ;; Parameters:    Size  Location     Type
  3882 ;;  canal           2    0[COMRAM] int 
  3883 ;; Auto vars:     Size  Location     Type
  3884 ;;		None
  3885 ;; Return value:  Size  Location     Type
  3886 ;;                  2    0[COMRAM] int 
  3887 ;; Registers used:
  3888 ;;		wreg, status,2, status,0
  3889 ;; Tracked objects:
  3890 ;;		On entry : 0/0
  3891 ;;		On exit  : 0/0
  3892 ;;		Unchanged: 0/0
  3893 ;; Data sizes:     COMRAM   BANK0   BANK1   BANK2   BANK3   BANK4   BANK5   BANK6   BANK7
  3894 ;;      Params:         2       0       0       0       0       0       0       0       0
  3895 ;;      Locals:         0       0       0       0       0       0       0       0       0
  3896 ;;      Temps:          2       0       0       0       0       0       0       0       0
  3897 ;;      Totals:         4       0       0       0       0       0       0       0       0
  3898 ;;Total ram usage:        4 bytes
  3899 ;; Hardware stack levels used: 1
  3900 ;; This function calls:
  3901 ;;		Nothing
  3902 ;; This function is called by:
  3903 ;;		_leer_temperatura
  3904 ;;		_leer_aire
  3905 ;; This function uses a non-reentrant model
  3906 ;;
  3907                           
  3908                           	psect	text12
  3909   00230A                     __ptext12:
  3910                           	callstack 0
  3911   00230A                     _leer_adc:
  3912                           	callstack 29
  3913   00230A                     
  3914                           ;adc.c: 18:     ADCON0bits.CHS = (unsigned char)canal;
  3915   00230A  C001  F003         	movff	leer_adc@canal,??_leer_adc
  3916   00230E  4603               	rlncf	??_leer_adc^0,f,c
  3917   002310  4603               	rlncf	??_leer_adc^0,f,c
  3918   002312  50C2               	movf	194,w,c	;volatile
  3919   002314  1803               	xorwf	??_leer_adc^0,w,c
  3920   002316  0BC3               	andlw	-61
  3921   002318  1803               	xorwf	??_leer_adc^0,w,c
  3922   00231A  6EC2               	movwf	194,c	;volatile
  3923   00231C                     
  3924                           ;adc.c: 19:     _delay((unsigned long)((20)*(8000000/4000000.0)));
  3925   00231C  0E0D               	movlw	13
  3926   00231E                     u2667:
  3927   00231E  2EE8               	decfsz	wreg,f,c
  3928   002320  D7FE               	bra	u2667
  3929   002322  0000               	nop	
  3930   002324                     
  3931                           ;adc.c: 20:     GO_nDONE = 1;
  3932   002324  82C2               	bsf	4034,1,c	;volatile
  3933   002326                     l85:
  3934   002326  B2C2               	btfsc	4034,1,c	;volatile
  3935   002328  EF98  F011         	goto	u1671
  3936   00232C  EF9A  F011         	goto	u1670
  3937   002330                     u1671:
  3938   002330  EF93  F011         	goto	l85
  3939   002334                     u1670:
  3940   002334                     
  3941                           ;adc.c: 22:     return ((int)(ADRESH << 8) | ADRESL);
  3942   002334  50C3               	movf	195,w,c	;volatile
  3943   002336  CFC4 F003          	movff	4036,??_leer_adc	;volatile
  3944   00233A  6A04               	clrf	(??_leer_adc+1)^0,c
  3945   00233C  C003  F004         	movff	??_leer_adc,??_leer_adc+1
  3946   002340  6A03               	clrf	??_leer_adc^0,c
  3947   002342  1003               	iorwf	??_leer_adc^0,w,c
  3948   002344  6E01               	movwf	?_leer_adc^0,c
  3949   002346  5004               	movf	(??_leer_adc+1)^0,w,c
  3950   002348  6E02               	movwf	(?_leer_adc+1)^0,c
  3951   00234A  0012               	return		;funcret
  3952   00234C                     __end_of_leer_adc:
  3953                           	callstack 0
  3954                           
  3955 ;; *************** function _init_PWM *****************
  3956 ;; Defined at:
  3957 ;;		line 5 in file "pwm.c"
  3958 ;; Parameters:    Size  Location     Type
  3959 ;;		None
  3960 ;; Auto vars:     Size  Location     Type
  3961 ;;		None
  3962 ;; Return value:  Size  Location     Type
  3963 ;;                  1    wreg      void 
  3964 ;; Registers used:
  3965 ;;		wreg, status,2
  3966 ;; Tracked objects:
  3967 ;;		On entry : 0/0
  3968 ;;		On exit  : 0/0
  3969 ;;		Unchanged: 0/0
  3970 ;; Data sizes:     COMRAM   BANK0   BANK1   BANK2   BANK3   BANK4   BANK5   BANK6   BANK7
  3971 ;;      Params:         0       0       0       0       0       0       0       0       0
  3972 ;;      Locals:         0       0       0       0       0       0       0       0       0
  3973 ;;      Temps:          0       0       0       0       0       0       0       0       0
  3974 ;;      Totals:         0       0       0       0       0       0       0       0       0
  3975 ;;Total ram usage:        0 bytes
  3976 ;; Hardware stack levels used: 1
  3977 ;; This function calls:
  3978 ;;		Nothing
  3979 ;; This function is called by:
  3980 ;;		_main
  3981 ;; This function uses a non-reentrant model
  3982 ;;
  3983                           
  3984                           	psect	text13
  3985   002598                     __ptext13:
  3986                           	callstack 0
  3987   002598                     _init_PWM:
  3988                           	callstack 30
  3989   002598                     
  3990                           ;pwm.c: 7:     TRISCbits.TRISC2 = 0;
  3991   002598  9494               	bcf	148,2,c	;volatile
  3992                           
  3993                           ;pwm.c: 9:     PR2 = 255;
  3994   00259A  68CB               	setf	203,c	;volatile
  3995   00259C                     
  3996                           ;pwm.c: 11:     CCP1CON = 0b00001100;
  3997   00259C  0E0C               	movlw	12
  3998   00259E  6EBD               	movwf	189,c	;volatile
  3999                           
  4000                           ;pwm.c: 13:     T2CON = 0b00000100;
  4001   0025A0  0E04               	movlw	4
  4002   0025A2  6ECA               	movwf	202,c	;volatile
  4003   0025A4  0012               	return		;funcret
  4004   0025A6                     __end_of_init_PWM:
  4005                           	callstack 0
  4006                           
  4007 ;; *************** function _init_ADC *****************
  4008 ;; Defined at:
  4009 ;;		line 5 in file "adc.c"
  4010 ;; Parameters:    Size  Location     Type
  4011 ;;		None
  4012 ;; Auto vars:     Size  Location     Type
  4013 ;;		None
  4014 ;; Return value:  Size  Location     Type
  4015 ;;                  1    wreg      void 
  4016 ;; Registers used:
  4017 ;;		wreg, status,2
  4018 ;; Tracked objects:
  4019 ;;		On entry : 0/0
  4020 ;;		On exit  : 0/0
  4021 ;;		Unchanged: 0/0
  4022 ;; Data sizes:     COMRAM   BANK0   BANK1   BANK2   BANK3   BANK4   BANK5   BANK6   BANK7
  4023 ;;      Params:         0       0       0       0       0       0       0       0       0
  4024 ;;      Locals:         0       0       0       0       0       0       0       0       0
  4025 ;;      Temps:          0       0       0       0       0       0       0       0       0
  4026 ;;      Totals:         0       0       0       0       0       0       0       0       0
  4027 ;;Total ram usage:        0 bytes
  4028 ;; Hardware stack levels used: 1
  4029 ;; This function calls:
  4030 ;;		Nothing
  4031 ;; This function is called by:
  4032 ;;		_main
  4033 ;; This function uses a non-reentrant model
  4034 ;;
  4035                           
  4036                           	psect	text14
  4037   00255E                     __ptext14:
  4038                           	callstack 0
  4039   00255E                     _init_ADC:
  4040                           	callstack 30
  4041   00255E                     
  4042                           ;adc.c: 8:     ADCON1 = 0x0D;
  4043   00255E  0E0D               	movlw	13
  4044   002560  6EC1               	movwf	193,c	;volatile
  4045                           
  4046                           ;adc.c: 11:     ADCON2 = 0xAA;
  4047   002562  0EAA               	movlw	170
  4048   002564  6EC0               	movwf	192,c	;volatile
  4049                           
  4050                           ;adc.c: 13:     ADCON0 = 0x01;
  4051   002566  0E01               	movlw	1
  4052   002568  6EC2               	movwf	194,c	;volatile
  4053   00256A                     
  4054                           ;adc.c: 14:     _delay((unsigned long)((50)*(8000000/4000000.0)));
  4055   00256A  0E21               	movlw	33
  4056   00256C                     u2677:
  4057   00256C  2EE8               	decfsz	wreg,f,c
  4058   00256E  D7FE               	bra	u2677
  4059   002570  0000               	nop	
  4060   002572  0012               	return		;funcret
  4061   002574                     __end_of_init_ADC:
  4062                           	callstack 0
  4063                           
  4064 ;; *************** function _control_temperatura *****************
  4065 ;; Defined at:
  4066 ;;		line 10 in file "control.c"
  4067 ;; Parameters:    Size  Location     Type
  4068 ;;  T               4   12[COMRAM] float 
  4069 ;; Auto vars:     Size  Location     Type
  4070 ;;		None
  4071 ;; Return value:  Size  Location     Type
  4072 ;;                  1    wreg      void 
  4073 ;; Registers used:
  4074 ;;		wreg, status,2, status,0, cstack
  4075 ;; Tracked objects:
  4076 ;;		On entry : 0/0
  4077 ;;		On exit  : 0/0
  4078 ;;		Unchanged: 0/0
  4079 ;; Data sizes:     COMRAM   BANK0   BANK1   BANK2   BANK3   BANK4   BANK5   BANK6   BANK7
  4080 ;;      Params:         4       0       0       0       0       0       0       0       0
  4081 ;;      Locals:         0       0       0       0       0       0       0       0       0
  4082 ;;      Temps:          0       0       0       0       0       0       0       0       0
  4083 ;;      Totals:         4       0       0       0       0       0       0       0       0
  4084 ;;Total ram usage:        4 bytes
  4085 ;; Hardware stack levels used: 1
  4086 ;; Hardware stack levels required when called: 1
  4087 ;; This function calls:
  4088 ;;		___flge
  4089 ;; This function is called by:
  4090 ;;		_main
  4091 ;; This function uses a non-reentrant model
  4092 ;;
  4093                           
  4094                           	psect	text15
  4095   001D86                     __ptext15:
  4096                           	callstack 0
  4097   001D86                     _control_temperatura:
  4098                           	callstack 29
  4099   001D86                     
  4100                           ;control.c: 11:     static int calentador_on = 0;;control.c: 12:     if (!calentador_on 
      +                          && T < 20.0) {
  4101   001D86  5057               	movf	control_temperatura@calentador_on^0,w,c
  4102   001D88  1058               	iorwf	(control_temperatura@calentador_on+1)^0,w,c
  4103   001D8A  A4D8               	btfss	status,2,c
  4104   001D8C  EFCA  F00E         	goto	u2431
  4105   001D90  EFCC  F00E         	goto	u2430
  4106   001D94                     u2431:
  4107   001D94  EFEB  F00E         	goto	l3173
  4108   001D98                     u2430:
  4109   001D98  C00D  F001         	movff	control_temperatura@T,___flge@ff1
  4110   001D9C  C00E  F002         	movff	control_temperatura@T+1,___flge@ff1+1
  4111   001DA0  C00F  F003         	movff	control_temperatura@T+2,___flge@ff1+2
  4112   001DA4  C010  F004         	movff	control_temperatura@T+3,___flge@ff1+3
  4113   001DA8  0E00               	movlw	0
  4114   001DAA  6E05               	movwf	___flge@ff2^0,c
  4115   001DAC  0E00               	movlw	0
  4116   001DAE  6E06               	movwf	(___flge@ff2+1)^0,c
  4117   001DB0  0EA0               	movlw	160
  4118   001DB2  6E07               	movwf	(___flge@ff2+2)^0,c
  4119   001DB4  0E41               	movlw	65
  4120   001DB6  6E08               	movwf	(___flge@ff2+3)^0,c
  4121   001DB8  ECD1  F00C         	call	___flge	;wreg free
  4122   001DBC  B0D8               	btfsc	status,0,c
  4123   001DBE  EFE3  F00E         	goto	u2441
  4124   001DC2  EFE5  F00E         	goto	u2440
  4125   001DC6                     u2441:
  4126   001DC6  EFEB  F00E         	goto	l3173
  4127   001DCA                     u2440:
  4128   001DCA                     
  4129                           ;control.c: 13:         LATDbits.LATD0 = 1;
  4130   001DCA  808C               	bsf	140,0,c	;volatile
  4131   001DCC                     
  4132                           ;control.c: 14:         calentador_on = 1;
  4133   001DCC  6A58               	clrf	(control_temperatura@calentador_on+1)^0,c
  4134   001DCE  0E01               	movlw	1
  4135   001DD0  6E57               	movwf	control_temperatura@calentador_on^0,c
  4136                           
  4137                           ;control.c: 15:     } else if (calentador_on && T > 24.0) {
  4138   001DD2  EF11  F00F         	goto	l110
  4139   001DD6                     l3173:
  4140   001DD6  5057               	movf	control_temperatura@calentador_on^0,w,c
  4141   001DD8  1058               	iorwf	(control_temperatura@calentador_on+1)^0,w,c
  4142   001DDA  B4D8               	btfsc	status,2,c
  4143   001DDC  EFF2  F00E         	goto	u2451
  4144   001DE0  EFF4  F00E         	goto	u2450
  4145   001DE4                     u2451:
  4146   001DE4  EF11  F00F         	goto	l110
  4147   001DE8                     u2450:
  4148   001DE8  0E00               	movlw	0
  4149   001DEA  6E01               	movwf	___flge@ff1^0,c
  4150   001DEC  0E00               	movlw	0
  4151   001DEE  6E02               	movwf	(___flge@ff1+1)^0,c
  4152   001DF0  0EC0               	movlw	192
  4153   001DF2  6E03               	movwf	(___flge@ff1+2)^0,c
  4154   001DF4  0E41               	movlw	65
  4155   001DF6  6E04               	movwf	(___flge@ff1+3)^0,c
  4156   001DF8  C00D  F005         	movff	control_temperatura@T,___flge@ff2
  4157   001DFC  C00E  F006         	movff	control_temperatura@T+1,___flge@ff2+1
  4158   001E00  C00F  F007         	movff	control_temperatura@T+2,___flge@ff2+2
  4159   001E04  C010  F008         	movff	control_temperatura@T+3,___flge@ff2+3
  4160   001E08  ECD1  F00C         	call	___flge	;wreg free
  4161   001E0C  B0D8               	btfsc	status,0,c
  4162   001E0E  EF0B  F00F         	goto	u2461
  4163   001E12  EF0D  F00F         	goto	u2460
  4164   001E16                     u2461:
  4165   001E16  EF11  F00F         	goto	l110
  4166   001E1A                     u2460:
  4167   001E1A                     
  4168                           ;control.c: 16:         LATDbits.LATD0 = 0;
  4169   001E1A  908C               	bcf	140,0,c	;volatile
  4170   001E1C                     
  4171                           ;control.c: 17:         calentador_on = 0;
  4172   001E1C  6A58               	clrf	(control_temperatura@calentador_on+1)^0,c
  4173   001E1E  0E00               	movlw	0
  4174   001E20  6E57               	movwf	control_temperatura@calentador_on^0,c
  4175   001E22                     l110:
  4176   001E22  0012               	return		;funcret
  4177   001E24                     __end_of_control_temperatura:
  4178                           	callstack 0
  4179                           
  4180 ;; *************** function _control_luz *****************
  4181 ;; Defined at:
  4182 ;;		line 25 in file "control.c"
  4183 ;; Parameters:    Size  Location     Type
  4184 ;;  lux             4   12[COMRAM] float 
  4185 ;; Auto vars:     Size  Location     Type
  4186 ;;		None
  4187 ;; Return value:  Size  Location     Type
  4188 ;;                  1    wreg      void 
  4189 ;; Registers used:
  4190 ;;		wreg, status,2, status,0, cstack
  4191 ;; Tracked objects:
  4192 ;;		On entry : 0/0
  4193 ;;		On exit  : 0/0
  4194 ;;		Unchanged: 0/0
  4195 ;; Data sizes:     COMRAM   BANK0   BANK1   BANK2   BANK3   BANK4   BANK5   BANK6   BANK7
  4196 ;;      Params:         4       0       0       0       0       0       0       0       0
  4197 ;;      Locals:         0       0       0       0       0       0       0       0       0
  4198 ;;      Temps:          0       0       0       0       0       0       0       0       0
  4199 ;;      Totals:         4       0       0       0       0       0       0       0       0
  4200 ;;Total ram usage:        4 bytes
  4201 ;; Hardware stack levels used: 1
  4202 ;; Hardware stack levels required when called: 1
  4203 ;; This function calls:
  4204 ;;		___flge
  4205 ;; This function is called by:
  4206 ;;		_main
  4207 ;; This function uses a non-reentrant model
  4208 ;;
  4209                           
  4210                           	psect	text16
  4211   001E24                     __ptext16:
  4212                           	callstack 0
  4213   001E24                     _control_luz:
  4214                           	callstack 29
  4215   001E24                     
  4216                           ;control.c: 26:     static int led_on = 0;;control.c: 27:     if(!led_on && lux < 450.0)
      +                           { LATDbits.LATD2 = 1; led_on = 1; }
  4217   001E24  5055               	movf	control_luz@led_on^0,w,c
  4218   001E26  1056               	iorwf	(control_luz@led_on+1)^0,w,c
  4219   001E28  A4D8               	btfss	status,2,c
  4220   001E2A  EF19  F00F         	goto	u2471
  4221   001E2E  EF1B  F00F         	goto	u2470
  4222   001E32                     u2471:
  4223   001E32  EF3A  F00F         	goto	l3189
  4224   001E36                     u2470:
  4225   001E36  C00D  F001         	movff	control_luz@lux,___flge@ff1
  4226   001E3A  C00E  F002         	movff	control_luz@lux+1,___flge@ff1+1
  4227   001E3E  C00F  F003         	movff	control_luz@lux+2,___flge@ff1+2
  4228   001E42  C010  F004         	movff	control_luz@lux+3,___flge@ff1+3
  4229   001E46  0E00               	movlw	0
  4230   001E48  6E05               	movwf	___flge@ff2^0,c
  4231   001E4A  0E00               	movlw	0
  4232   001E4C  6E06               	movwf	(___flge@ff2+1)^0,c
  4233   001E4E  0EE1               	movlw	225
  4234   001E50  6E07               	movwf	(___flge@ff2+2)^0,c
  4235   001E52  0E43               	movlw	67
  4236   001E54  6E08               	movwf	(___flge@ff2+3)^0,c
  4237   001E56  ECD1  F00C         	call	___flge	;wreg free
  4238   001E5A  B0D8               	btfsc	status,0,c
  4239   001E5C  EF32  F00F         	goto	u2481
  4240   001E60  EF34  F00F         	goto	u2480
  4241   001E64                     u2481:
  4242   001E64  EF3A  F00F         	goto	l3189
  4243   001E68                     u2480:
  4244   001E68  848C               	bsf	140,2,c	;volatile
  4245   001E6A  6A56               	clrf	(control_luz@led_on+1)^0,c
  4246   001E6C  0E01               	movlw	1
  4247   001E6E  6E55               	movwf	control_luz@led_on^0,c
  4248   001E70  EF60  F00F         	goto	l118
  4249   001E74                     l3189:
  4250   001E74  5055               	movf	control_luz@led_on^0,w,c
  4251   001E76  1056               	iorwf	(control_luz@led_on+1)^0,w,c
  4252   001E78  B4D8               	btfsc	status,2,c
  4253   001E7A  EF41  F00F         	goto	u2491
  4254   001E7E  EF43  F00F         	goto	u2490
  4255   001E82                     u2491:
  4256   001E82  EF60  F00F         	goto	l118
  4257   001E86                     u2490:
  4258   001E86  0E00               	movlw	0
  4259   001E88  6E01               	movwf	___flge@ff1^0,c
  4260   001E8A  0E80               	movlw	128
  4261   001E8C  6E02               	movwf	(___flge@ff1+1)^0,c
  4262   001E8E  0E09               	movlw	9
  4263   001E90  6E03               	movwf	(___flge@ff1+2)^0,c
  4264   001E92  0E44               	movlw	68
  4265   001E94  6E04               	movwf	(___flge@ff1+3)^0,c
  4266   001E96  C00D  F005         	movff	control_luz@lux,___flge@ff2
  4267   001E9A  C00E  F006         	movff	control_luz@lux+1,___flge@ff2+1
  4268   001E9E  C00F  F007         	movff	control_luz@lux+2,___flge@ff2+2
  4269   001EA2  C010  F008         	movff	control_luz@lux+3,___flge@ff2+3
  4270   001EA6  ECD1  F00C         	call	___flge	;wreg free
  4271   001EAA  B0D8               	btfsc	status,0,c
  4272   001EAC  EF5A  F00F         	goto	u2501
  4273   001EB0  EF5C  F00F         	goto	u2500
  4274   001EB4                     u2501:
  4275   001EB4  EF60  F00F         	goto	l118
  4276   001EB8                     u2500:
  4277   001EB8  948C               	bcf	140,2,c	;volatile
  4278   001EBA  6A56               	clrf	(control_luz@led_on+1)^0,c
  4279   001EBC  0E00               	movlw	0
  4280   001EBE  6E55               	movwf	control_luz@led_on^0,c
  4281   001EC0                     l118:
  4282   001EC0  0012               	return		;funcret
  4283   001EC2                     __end_of_control_luz:
  4284                           	callstack 0
  4285                           
  4286 ;; *************** function _control_humedad *****************
  4287 ;; Defined at:
  4288 ;;		line 51 in file "control.c"
  4289 ;; Parameters:    Size  Location     Type
  4290 ;;  H               4   12[COMRAM] float 
  4291 ;; Auto vars:     Size  Location     Type
  4292 ;;		None
  4293 ;; Return value:  Size  Location     Type
  4294 ;;                  1    wreg      void 
  4295 ;; Registers used:
  4296 ;;		wreg, status,2, status,0, cstack
  4297 ;; Tracked objects:
  4298 ;;		On entry : 0/0
  4299 ;;		On exit  : 0/0
  4300 ;;		Unchanged: 0/0
  4301 ;; Data sizes:     COMRAM   BANK0   BANK1   BANK2   BANK3   BANK4   BANK5   BANK6   BANK7
  4302 ;;      Params:         4       0       0       0       0       0       0       0       0
  4303 ;;      Locals:         0       0       0       0       0       0       0       0       0
  4304 ;;      Temps:          0       0       0       0       0       0       0       0       0
  4305 ;;      Totals:         4       0       0       0       0       0       0       0       0
  4306 ;;Total ram usage:        4 bytes
  4307 ;; Hardware stack levels used: 1
  4308 ;; Hardware stack levels required when called: 1
  4309 ;; This function calls:
  4310 ;;		___flge
  4311 ;;		_set_PWM_duty
  4312 ;; This function is called by:
  4313 ;;		_main
  4314 ;; This function uses a non-reentrant model
  4315 ;;
  4316                           
  4317                           	psect	text17
  4318   002074                     __ptext17:
  4319                           	callstack 0
  4320   002074                     _control_humedad:
  4321                           	callstack 29
  4322   002074                     
  4323                           ;control.c: 52:     if (H < 40.0) {
  4324   002074  C00D  F001         	movff	control_humedad@H,___flge@ff1
  4325   002078  C00E  F002         	movff	control_humedad@H+1,___flge@ff1+1
  4326   00207C  C00F  F003         	movff	control_humedad@H+2,___flge@ff1+2
  4327   002080  C010  F004         	movff	control_humedad@H+3,___flge@ff1+3
  4328   002084  0E00               	movlw	0
  4329   002086  6E05               	movwf	___flge@ff2^0,c
  4330   002088  0E00               	movlw	0
  4331   00208A  6E06               	movwf	(___flge@ff2+1)^0,c
  4332   00208C  0E20               	movlw	32
  4333   00208E  6E07               	movwf	(___flge@ff2+2)^0,c
  4334   002090  0E42               	movlw	66
  4335   002092  6E08               	movwf	(___flge@ff2+3)^0,c
  4336   002094  ECD1  F00C         	call	___flge	;wreg free
  4337   002098  B0D8               	btfsc	status,0,c
  4338   00209A  EF51  F010         	goto	u2531
  4339   00209E  EF53  F010         	goto	u2530
  4340   0020A2                     u2531:
  4341   0020A2  EF5A  F010         	goto	l3215
  4342   0020A6                     u2530:
  4343   0020A6                     
  4344                           ;control.c: 53:         set_PWM_duty(200);
  4345   0020A6  6A02               	clrf	(set_PWM_duty@duty+1)^0,c
  4346   0020A8  0EC8               	movlw	200
  4347   0020AA  6E01               	movwf	set_PWM_duty@duty^0,c
  4348   0020AC  EC3C  F011         	call	_set_PWM_duty	;wreg free
  4349                           
  4350                           ;control.c: 54:     } else if (H > 60.0) {
  4351   0020B0  EF79  F010         	goto	l130
  4352   0020B4                     l3215:
  4353   0020B4  0E00               	movlw	0
  4354   0020B6  6E01               	movwf	___flge@ff1^0,c
  4355   0020B8  0E00               	movlw	0
  4356   0020BA  6E02               	movwf	(___flge@ff1+1)^0,c
  4357   0020BC  0E70               	movlw	112
  4358   0020BE  6E03               	movwf	(___flge@ff1+2)^0,c
  4359   0020C0  0E42               	movlw	66
  4360   0020C2  6E04               	movwf	(___flge@ff1+3)^0,c
  4361   0020C4  C00D  F005         	movff	control_humedad@H,___flge@ff2
  4362   0020C8  C00E  F006         	movff	control_humedad@H+1,___flge@ff2+1
  4363   0020CC  C00F  F007         	movff	control_humedad@H+2,___flge@ff2+2
  4364   0020D0  C010  F008         	movff	control_humedad@H+3,___flge@ff2+3
  4365   0020D4  ECD1  F00C         	call	___flge	;wreg free
  4366   0020D8  B0D8               	btfsc	status,0,c
  4367   0020DA  EF71  F010         	goto	u2541
  4368   0020DE  EF73  F010         	goto	u2540
  4369   0020E2                     u2541:
  4370   0020E2  EF79  F010         	goto	l130
  4371   0020E6                     u2540:
  4372   0020E6                     
  4373                           ;control.c: 55:         set_PWM_duty(900);
  4374   0020E6  0E03               	movlw	3
  4375   0020E8  6E02               	movwf	(set_PWM_duty@duty+1)^0,c
  4376   0020EA  0E84               	movlw	132
  4377   0020EC  6E01               	movwf	set_PWM_duty@duty^0,c
  4378   0020EE  EC3C  F011         	call	_set_PWM_duty	;wreg free
  4379   0020F2                     l130:
  4380   0020F2  0012               	return		;funcret
  4381   0020F4                     __end_of_control_humedad:
  4382                           	callstack 0
  4383                           
  4384 ;; *************** function _control_aire *****************
  4385 ;; Defined at:
  4386 ;;		line 34 in file "control.c"
  4387 ;; Parameters:    Size  Location     Type
  4388 ;;  aire            2    4[COMRAM] int 
  4389 ;; Auto vars:     Size  Location     Type
  4390 ;;		None
  4391 ;; Return value:  Size  Location     Type
  4392 ;;                  1    wreg      void 
  4393 ;; Registers used:
  4394 ;;		wreg, status,2, status,0, cstack
  4395 ;; Tracked objects:
  4396 ;;		On entry : 0/0
  4397 ;;		On exit  : 0/0
  4398 ;;		Unchanged: 0/0
  4399 ;; Data sizes:     COMRAM   BANK0   BANK1   BANK2   BANK3   BANK4   BANK5   BANK6   BANK7
  4400 ;;      Params:         2       0       0       0       0       0       0       0       0
  4401 ;;      Locals:         0       0       0       0       0       0       0       0       0
  4402 ;;      Temps:          0       0       0       0       0       0       0       0       0
  4403 ;;      Totals:         2       0       0       0       0       0       0       0       0
  4404 ;;Total ram usage:        2 bytes
  4405 ;; Hardware stack levels used: 1
  4406 ;; Hardware stack levels required when called: 1
  4407 ;; This function calls:
  4408 ;;		_set_PWM_duty
  4409 ;; This function is called by:
  4410 ;;		_main
  4411 ;; This function uses a non-reentrant model
  4412 ;;
  4413                           
  4414                           	psect	text18
  4415   002222                     __ptext18:
  4416                           	callstack 0
  4417   002222                     _control_aire:
  4418                           	callstack 29
  4419   002222                     
  4420                           ;control.c: 35:     if (aire > 300) {
  4421   002222  BE06               	btfsc	(control_aire@aire+1)^0,7,c
  4422   002224  EF1D  F011         	goto	u2511
  4423   002228  0E2D               	movlw	45
  4424   00222A  5C05               	subwf	control_aire@aire^0,w,c
  4425   00222C  0E01               	movlw	1
  4426   00222E  5806               	subwfb	(control_aire@aire+1)^0,w,c
  4427   002230  A0D8               	btfss	status,0,c
  4428   002232  EF1D  F011         	goto	u2511
  4429   002236  EF1F  F011         	goto	u2510
  4430   00223A                     u2511:
  4431   00223A  EF37  F011         	goto	l3207
  4432   00223E                     u2510:
  4433   00223E                     
  4434                           ;control.c: 36:         contador_aire++;
  4435   00223E  4A59               	infsnz	_contador_aire^0,f,c
  4436   002240  2A5A               	incf	(_contador_aire+1)^0,f,c
  4437   002242                     
  4438                           ;control.c: 37:         set_PWM_duty(1023);
  4439   002242  0E03               	movlw	3
  4440   002244  6E02               	movwf	(set_PWM_duty@duty+1)^0,c
  4441   002246  6801               	setf	set_PWM_duty@duty^0,c
  4442   002248  EC3C  F011         	call	_set_PWM_duty	;wreg free
  4443   00224C                     
  4444                           ;control.c: 38:         if (contador_aire > 10) {
  4445   00224C  BE5A               	btfsc	(_contador_aire+1)^0,7,c
  4446   00224E  EF32  F011         	goto	u2521
  4447   002252  505A               	movf	(_contador_aire+1)^0,w,c
  4448   002254  E109               	bnz	u2520
  4449   002256  0E0B               	movlw	11
  4450   002258  5C59               	subwf	_contador_aire^0,w,c
  4451   00225A  A0D8               	btfss	status,0,c
  4452   00225C  EF32  F011         	goto	u2521
  4453   002260  EF34  F011         	goto	u2520
  4454   002264                     u2521:
  4455   002264  EF3B  F011         	goto	l124
  4456   002268                     u2520:
  4457   002268                     
  4458                           ;control.c: 39:             LATDbits.LATD3 = 1;
  4459   002268  868C               	bsf	140,3,c	;volatile
  4460   00226A  EF3B  F011         	goto	l124
  4461   00226E                     l3207:
  4462                           
  4463                           ;control.c: 42:         contador_aire = 0;
  4464   00226E  6A5A               	clrf	(_contador_aire+1)^0,c
  4465   002270  0E00               	movlw	0
  4466   002272  6E59               	movwf	_contador_aire^0,c
  4467   002274                     
  4468                           ;control.c: 43:         LATDbits.LATD3 = 0;
  4469   002274  968C               	bcf	140,3,c	;volatile
  4470   002276                     l124:
  4471   002276  0012               	return		;funcret
  4472   002278                     __end_of_control_aire:
  4473                           	callstack 0
  4474                           
  4475 ;; *************** function _set_PWM_duty *****************
  4476 ;; Defined at:
  4477 ;;		line 16 in file "pwm.c"
  4478 ;; Parameters:    Size  Location     Type
  4479 ;;  duty            2    0[COMRAM] int 
  4480 ;; Auto vars:     Size  Location     Type
  4481 ;;		None
  4482 ;; Return value:  Size  Location     Type
  4483 ;;                  1    wreg      void 
  4484 ;; Registers used:
  4485 ;;		wreg, status,2, status,0
  4486 ;; Tracked objects:
  4487 ;;		On entry : 0/0
  4488 ;;		On exit  : 0/0
  4489 ;;		Unchanged: 0/0
  4490 ;; Data sizes:     COMRAM   BANK0   BANK1   BANK2   BANK3   BANK4   BANK5   BANK6   BANK7
  4491 ;;      Params:         2       0       0       0       0       0       0       0       0
  4492 ;;      Locals:         0       0       0       0       0       0       0       0       0
  4493 ;;      Temps:          2       0       0       0       0       0       0       0       0
  4494 ;;      Totals:         4       0       0       0       0       0       0       0       0
  4495 ;;Total ram usage:        4 bytes
  4496 ;; Hardware stack levels used: 1
  4497 ;; This function calls:
  4498 ;;		Nothing
  4499 ;; This function is called by:
  4500 ;;		_control_aire
  4501 ;;		_control_humedad
  4502 ;; This function uses a non-reentrant model
  4503 ;;
  4504                           
  4505                           	psect	text19
  4506   002278                     __ptext19:
  4507                           	callstack 0
  4508   002278                     _set_PWM_duty:
  4509                           	callstack 29
  4510   002278                     
  4511                           ;pwm.c: 18:     if(duty > 1023) duty = 1023;
  4512   002278  BE02               	btfsc	(set_PWM_duty@duty+1)^0,7,c
  4513   00227A  EF46  F011         	goto	u1681
  4514   00227E  0E04               	movlw	4
  4515   002280  5C02               	subwf	(set_PWM_duty@duty+1)^0,w,c
  4516   002282  A0D8               	btfss	status,0,c
  4517   002284  EF46  F011         	goto	u1681
  4518   002288  EF48  F011         	goto	u1680
  4519   00228C                     u1681:
  4520   00228C  EF4B  F011         	goto	l2523
  4521   002290                     u1680:
  4522   002290  0E03               	movlw	3
  4523   002292  6E02               	movwf	(set_PWM_duty@duty+1)^0,c
  4524   002294  6801               	setf	set_PWM_duty@duty^0,c
  4525   002296                     l2523:
  4526                           
  4527                           ;pwm.c: 20:     CCPR1L = (unsigned char)(duty >> 2);
  4528   002296  C001  F003         	movff	set_PWM_duty@duty,??_set_PWM_duty
  4529   00229A  C002  F004         	movff	set_PWM_duty@duty+1,??_set_PWM_duty+1
  4530   00229E  3404               	rlcf	(??_set_PWM_duty+1)^0,w,c
  4531   0022A0  3204               	rrcf	(??_set_PWM_duty+1)^0,f,c
  4532   0022A2  3203               	rrcf	??_set_PWM_duty^0,f,c
  4533   0022A4  3404               	rlcf	(??_set_PWM_duty+1)^0,w,c
  4534   0022A6  3204               	rrcf	(??_set_PWM_duty+1)^0,f,c
  4535   0022A8  3203               	rrcf	??_set_PWM_duty^0,f,c
  4536   0022AA  5003               	movf	??_set_PWM_duty^0,w,c
  4537   0022AC  6EBE               	movwf	190,c	;volatile
  4538   0022AE                     
  4539                           ;pwm.c: 21:     CCP1CONbits.DC1B = duty & 0x03;
  4540   0022AE  C001  F003         	movff	set_PWM_duty@duty,??_set_PWM_duty
  4541   0022B2  0E03               	movlw	3
  4542   0022B4  1603               	andwf	??_set_PWM_duty^0,f,c
  4543   0022B6  3A03               	swapf	??_set_PWM_duty^0,f,c
  4544   0022B8  50BD               	movf	189,w,c	;volatile
  4545   0022BA  1803               	xorwf	??_set_PWM_duty^0,w,c
  4546   0022BC  0BCF               	andlw	-49
  4547   0022BE  1803               	xorwf	??_set_PWM_duty^0,w,c
  4548   0022C0  6EBD               	movwf	189,c	;volatile
  4549   0022C2  0012               	return		;funcret
  4550   0022C4                     __end_of_set_PWM_duty:
  4551                           	callstack 0
  4552                           
  4553 ;; *************** function ___fltol *****************
  4554 ;; Defined at:
  4555 ;;		line 43 in file "C:\Program Files\Microchip\xc8\v3.10\pic\sources\c99\common\fltol.c"
  4556 ;; Parameters:    Size  Location     Type
  4557 ;;  f1              4    0[COMRAM] void 
  4558 ;; Auto vars:     Size  Location     Type
  4559 ;;  exp1            1    9[COMRAM] unsigned char 
  4560 ;;  sign1           1    8[COMRAM] unsigned char 
  4561 ;; Return value:  Size  Location     Type
  4562 ;;                  4    0[COMRAM] long 
  4563 ;; Registers used:
  4564 ;;		wreg, status,2, status,0
  4565 ;; Tracked objects:
  4566 ;;		On entry : 0/0
  4567 ;;		On exit  : 0/0
  4568 ;;		Unchanged: 0/0
  4569 ;; Data sizes:     COMRAM   BANK0   BANK1   BANK2   BANK3   BANK4   BANK5   BANK6   BANK7
  4570 ;;      Params:         4       0       0       0       0       0       0       0       0
  4571 ;;      Locals:         2       0       0       0       0       0       0       0       0
  4572 ;;      Temps:          4       0       0       0       0       0       0       0       0
  4573 ;;      Totals:        10       0       0       0       0       0       0       0       0
  4574 ;;Total ram usage:       10 bytes
  4575 ;; Hardware stack levels used: 1
  4576 ;; This function calls:
  4577 ;;		Nothing
  4578 ;; This function is called by:
  4579 ;;		_main
  4580 ;; This function uses a non-reentrant model
  4581 ;;
  4582                           
  4583                           	psect	text20
  4584   00189C                     __ptext20:
  4585                           	callstack 0
  4586   00189C                     ___fltol:
  4587                           	callstack 30
  4588   00189C  3403               	rlcf	(___fltol@f1+2)^0,w,c
  4589   00189E  3404               	rlcf	(___fltol@f1+3)^0,w,c
  4590   0018A0  6E0A               	movwf	___fltol@exp1^0,c
  4591   0018A2  500A               	movf	___fltol@exp1^0,w,c
  4592   0018A4  A4D8               	btfss	status,2,c
  4593   0018A6  EF57  F00C         	goto	u2561
  4594   0018AA  EF59  F00C         	goto	u2560
  4595   0018AE                     u2561:
  4596   0018AE  EF63  F00C         	goto	l3259
  4597   0018B2                     u2560:
  4598   0018B2                     l3255:
  4599   0018B2  0E00               	movlw	0
  4600   0018B4  6E01               	movwf	?___fltol^0,c
  4601   0018B6  0E00               	movlw	0
  4602   0018B8  6E02               	movwf	(?___fltol+1)^0,c
  4603   0018BA  0E00               	movlw	0
  4604   0018BC  6E03               	movwf	(?___fltol+2)^0,c
  4605   0018BE  0E00               	movlw	0
  4606   0018C0  6E04               	movwf	(?___fltol+3)^0,c
  4607   0018C2  EFD0  F00C         	goto	l685
  4608   0018C6                     l3259:
  4609   0018C6  C001  F005         	movff	___fltol@f1,??___fltol
  4610   0018CA  C002  F006         	movff	___fltol@f1+1,??___fltol+1
  4611   0018CE  C003  F007         	movff	___fltol@f1+2,??___fltol+2
  4612   0018D2  C004  F008         	movff	___fltol@f1+3,??___fltol+3
  4613   0018D6  0E20               	movlw	32
  4614   0018D8  EF73  F00C         	goto	u2570
  4615   0018DC                     u2575:
  4616   0018DC  90D8               	bcf	status,0,c
  4617   0018DE  3208               	rrcf	(??___fltol+3)^0,f,c
  4618   0018E0  3207               	rrcf	(??___fltol+2)^0,f,c
  4619   0018E2  3206               	rrcf	(??___fltol+1)^0,f,c
  4620   0018E4  3205               	rrcf	??___fltol^0,f,c
  4621   0018E6                     u2570:
  4622   0018E6  2EE8               	decfsz	wreg,f,c
  4623   0018E8  EF6E  F00C         	goto	u2575
  4624   0018EC  5005               	movf	??___fltol^0,w,c
  4625   0018EE  6E09               	movwf	___fltol@sign1^0,c
  4626   0018F0  8E03               	bsf	(___fltol@f1+2)^0,7,c
  4627   0018F2  0EFF               	movlw	255
  4628   0018F4  1601               	andwf	___fltol@f1^0,f,c
  4629   0018F6  0EFF               	movlw	255
  4630   0018F8  1602               	andwf	(___fltol@f1+1)^0,f,c
  4631   0018FA  0EFF               	movlw	255
  4632   0018FC  1603               	andwf	(___fltol@f1+2)^0,f,c
  4633   0018FE  0E00               	movlw	0
  4634   001900  1604               	andwf	(___fltol@f1+3)^0,f,c
  4635   001902  0E96               	movlw	150
  4636   001904  5E0A               	subwf	___fltol@exp1^0,f,c
  4637   001906  BE0A               	btfsc	___fltol@exp1^0,7,c
  4638   001908  EF8A  F00C         	goto	u2580
  4639   00190C  EF88  F00C         	goto	u2581
  4640   001910                     u2581:
  4641   001910  EFA0  F00C         	goto	l3279
  4642   001914                     u2580:
  4643   001914  500A               	movf	___fltol@exp1^0,w,c
  4644   001916  0A80               	xorlw	128
  4645   001918  0F97               	addlw	151
  4646   00191A  B0D8               	btfsc	status,0,c
  4647   00191C  EF92  F00C         	goto	u2591
  4648   001920  EF94  F00C         	goto	u2590
  4649   001924                     u2591:
  4650   001924  EF96  F00C         	goto	l3275
  4651   001928                     u2590:
  4652   001928  EF59  F00C         	goto	l3255
  4653   00192C                     l3275:
  4654   00192C  90D8               	bcf	status,0,c
  4655   00192E  3204               	rrcf	(___fltol@f1+3)^0,f,c
  4656   001930  3203               	rrcf	(___fltol@f1+2)^0,f,c
  4657   001932  3202               	rrcf	(___fltol@f1+1)^0,f,c
  4658   001934  3201               	rrcf	___fltol@f1^0,f,c
  4659   001936  3E0A               	incfsz	___fltol@exp1^0,f,c
  4660   001938  EF96  F00C         	goto	l3275
  4661   00193C  EFB8  F00C         	goto	l3289
  4662   001940                     l3279:
  4663   001940  0E1F               	movlw	31
  4664   001942  640A               	cpfsgt	___fltol@exp1^0,c
  4665   001944  EFA6  F00C         	goto	u2601
  4666   001948  EFA8  F00C         	goto	u2600
  4667   00194C                     u2601:
  4668   00194C  EFB0  F00C         	goto	l3287
  4669   001950                     u2600:
  4670   001950  EF59  F00C         	goto	l3255
  4671   001954                     l3285:
  4672   001954  90D8               	bcf	status,0,c
  4673   001956  3601               	rlcf	___fltol@f1^0,f,c
  4674   001958  3602               	rlcf	(___fltol@f1+1)^0,f,c
  4675   00195A  3603               	rlcf	(___fltol@f1+2)^0,f,c
  4676   00195C  3604               	rlcf	(___fltol@f1+3)^0,f,c
  4677   00195E  060A               	decf	___fltol@exp1^0,f,c
  4678   001960                     l3287:
  4679   001960  500A               	movf	___fltol@exp1^0,w,c
  4680   001962  A4D8               	btfss	status,2,c
  4681   001964  EFB6  F00C         	goto	u2611
  4682   001968  EFB8  F00C         	goto	u2610
  4683   00196C                     u2611:
  4684   00196C  EFAA  F00C         	goto	l3285
  4685   001970                     u2610:
  4686   001970                     l3289:
  4687   001970  5009               	movf	___fltol@sign1^0,w,c
  4688   001972  B4D8               	btfsc	status,2,c
  4689   001974  EFBE  F00C         	goto	u2621
  4690   001978  EFC0  F00C         	goto	u2620
  4691   00197C                     u2621:
  4692   00197C  EFC8  F00C         	goto	l3293
  4693   001980                     u2620:
  4694   001980  1E04               	comf	(___fltol@f1+3)^0,f,c
  4695   001982  1E03               	comf	(___fltol@f1+2)^0,f,c
  4696   001984  1E02               	comf	(___fltol@f1+1)^0,f,c
  4697   001986  6C01               	negf	___fltol@f1^0,c
  4698   001988  0E00               	movlw	0
  4699   00198A  2202               	addwfc	(___fltol@f1+1)^0,f,c
  4700   00198C  2203               	addwfc	(___fltol@f1+2)^0,f,c
  4701   00198E  2204               	addwfc	(___fltol@f1+3)^0,f,c
  4702   001990                     l3293:
  4703   001990  C001  F001         	movff	___fltol@f1,?___fltol
  4704   001994  C002  F002         	movff	___fltol@f1+1,?___fltol+1
  4705   001998  C003  F003         	movff	___fltol@f1+2,?___fltol+2
  4706   00199C  C004  F004         	movff	___fltol@f1+3,?___fltol+3
  4707   0019A0                     l685:
  4708   0019A0  0012               	return		;funcret
  4709   0019A2                     __end_of___fltol:
  4710                           	callstack 0
  4711                           
  4712 ;; *************** function _OLED_WriteString *****************
  4713 ;; Defined at:
  4714 ;;		line 151 in file "oled.c"
  4715 ;; Parameters:    Size  Location     Type
  4716 ;;  str             2    8[COMRAM] PTR unsigned char 
  4717 ;;		 -> main@buffer(14), STR_1(10), 
  4718 ;; Auto vars:     Size  Location     Type
  4719 ;;		None
  4720 ;; Return value:  Size  Location     Type
  4721 ;;                  1    wreg      void 
  4722 ;; Registers used:
  4723 ;;		wreg, fsr1l, fsr1h, status,2, status,0, tblptrl, tblptrh, tblptru, prodl, prodh, cstack
  4724 ;; Tracked objects:
  4725 ;;		On entry : 0/0
  4726 ;;		On exit  : 0/0
  4727 ;;		Unchanged: 0/0
  4728 ;; Data sizes:     COMRAM   BANK0   BANK1   BANK2   BANK3   BANK4   BANK5   BANK6   BANK7
  4729 ;;      Params:         2       0       0       0       0       0       0       0       0
  4730 ;;      Locals:         0       0       0       0       0       0       0       0       0
  4731 ;;      Temps:          0       0       0       0       0       0       0       0       0
  4732 ;;      Totals:         2       0       0       0       0       0       0       0       0
  4733 ;;Total ram usage:        2 bytes
  4734 ;; Hardware stack levels used: 1
  4735 ;; Hardware stack levels required when called: 2
  4736 ;; This function calls:
  4737 ;;		_OLED_WriteChar
  4738 ;; This function is called by:
  4739 ;;		_main
  4740 ;; This function uses a non-reentrant model
  4741 ;;
  4742                           
  4743                           	psect	text21
  4744   00216C                     __ptext21:
  4745                           	callstack 0
  4746   00216C                     _OLED_WriteString:
  4747                           	callstack 28
  4748   00216C                     
  4749                           ;oled.c: 152:     while (*str) {
  4750   00216C  EFCC  F010         	goto	l3099
  4751   002170                     l3095:
  4752                           
  4753                           ;oled.c: 153:         OLED_WriteChar(*str);
  4754   002170  C009  FFF6         	movff	OLED_WriteString@str,tblptrl
  4755   002174  C00A  FFF7         	movff	OLED_WriteString@str+1,tblptrh
  4756   002178  6AF8               	clrf	tblptru,c
  4757   00217A  0E07               	movlw	(high __ramtop+-1)
  4758   00217C  64F7               	cpfsgt	tblptrh,c
  4759   00217E  D003               	bra	u2387
  4760   002180  0008               	tblrd		*
  4761   002182  50F5               	movf	tablat,w,c
  4762   002184  D005               	bra	u2380
  4763   002186                     u2387:
  4764   002186  CFF6 FFE1          	movff	tblptrl,fsr1l
  4765   00218A  CFF7 FFE2          	movff	tblptrh,fsr1h
  4766   00218E  50E7               	movf	indf1,w,c
  4767   002190                     u2380:
  4768   002190  ECBE  F00B         	call	_OLED_WriteChar
  4769   002194                     
  4770                           ;oled.c: 154:         str++;
  4771   002194  4A09               	infsnz	OLED_WriteString@str^0,f,c
  4772   002196  2A0A               	incf	(OLED_WriteString@str+1)^0,f,c
  4773   002198                     l3099:
  4774                           
  4775                           ;oled.c: 152:     while (*str) {
  4776   002198  C009  FFF6         	movff	OLED_WriteString@str,tblptrl
  4777   00219C  C00A  FFF7         	movff	OLED_WriteString@str+1,tblptrh
  4778   0021A0  6AF8               	clrf	tblptru,c
  4779   0021A2  0E07               	movlw	(high __ramtop+-1)
  4780   0021A4  64F7               	cpfsgt	tblptrh,c
  4781   0021A6  D003               	bra	u2397
  4782   0021A8  0008               	tblrd		*
  4783   0021AA  50F5               	movf	tablat,w,c
  4784   0021AC  D005               	bra	u2390
  4785   0021AE                     u2397:
  4786   0021AE  CFF6 FFE1          	movff	tblptrl,fsr1l
  4787   0021B2  CFF7 FFE2          	movff	tblptrh,fsr1h
  4788   0021B6  50E7               	movf	indf1,w,c
  4789   0021B8                     u2390:
  4790   0021B8  0900               	iorlw	0
  4791   0021BA  A4D8               	btfss	status,2,c
  4792   0021BC  EFE2  F010         	goto	u2401
  4793   0021C0  EFE4  F010         	goto	u2400
  4794   0021C4                     u2401:
  4795   0021C4  EFB8  F010         	goto	l3095
  4796   0021C8                     u2400:
  4797   0021C8  0012               	return		;funcret
  4798   0021CA                     __end_of_OLED_WriteString:
  4799                           	callstack 0
  4800                           
  4801 ;; *************** function _OLED_WriteChar *****************
  4802 ;; Defined at:
  4803 ;;		line 132 in file "oled.c"
  4804 ;; Parameters:    Size  Location     Type
  4805 ;;  c               1    wreg     unsigned char 
  4806 ;; Auto vars:     Size  Location     Type
  4807 ;;  c               1    7[COMRAM] unsigned char 
  4808 ;;  index           2    4[COMRAM] int 
  4809 ;;  i               1    6[COMRAM] unsigned char 
  4810 ;; Return value:  Size  Location     Type
  4811 ;;                  1    wreg      void 
  4812 ;; Registers used:
  4813 ;;		wreg, status,2, status,0, tblptrl, tblptrh, tblptru, prodl, prodh, cstack
  4814 ;; Tracked objects:
  4815 ;;		On entry : 0/0
  4816 ;;		On exit  : 0/0
  4817 ;;		Unchanged: 0/0
  4818 ;; Data sizes:     COMRAM   BANK0   BANK1   BANK2   BANK3   BANK4   BANK5   BANK6   BANK7
  4819 ;;      Params:         0       0       0       0       0       0       0       0       0
  4820 ;;      Locals:         4       0       0       0       0       0       0       0       0
  4821 ;;      Temps:          1       0       0       0       0       0       0       0       0
  4822 ;;      Totals:         5       0       0       0       0       0       0       0       0
  4823 ;;Total ram usage:        5 bytes
  4824 ;; Hardware stack levels used: 1
  4825 ;; Hardware stack levels required when called: 1
  4826 ;; This function calls:
  4827 ;;		_I2C_Start
  4828 ;;		_I2C_Stop
  4829 ;;		_I2C_Write
  4830 ;; This function is called by:
  4831 ;;		_OLED_WriteString
  4832 ;; This function uses a non-reentrant model
  4833 ;;
  4834                           
  4835                           	psect	text22
  4836   00177C                     __ptext22:
  4837                           	callstack 0
  4838   00177C                     _OLED_WriteChar:
  4839                           	callstack 28
  4840                           
  4841                           ;incstack = 0
  4842                           ;OLED_WriteChar@c stored from wreg
  4843   00177C  6E08               	movwf	OLED_WriteChar@c^0,c
  4844   00177E                     
  4845                           ;oled.c: 133:     unsigned char i;;oled.c: 134:     int index = 0;
  4846   00177E  6A06               	clrf	(OLED_WriteChar@index+1)^0,c
  4847   001780  0E00               	movlw	0
  4848   001782  6E05               	movwf	OLED_WriteChar@index^0,c
  4849   001784                     
  4850                           ;oled.c: 135:     if (c == ' ') index = 0;
  4851   001784  0E20               	movlw	32
  4852   001786  1808               	xorwf	OLED_WriteChar@c^0,w,c
  4853   001788  A4D8               	btfss	status,2,c
  4854   00178A  EFC9  F00B         	goto	u1691
  4855   00178E  EFCB  F00B         	goto	u1690
  4856   001792                     u1691:
  4857   001792  EFD0  F00B         	goto	l2543
  4858   001796                     u1690:
  4859   001796  6A06               	clrf	(OLED_WriteChar@index+1)^0,c
  4860   001798  0E00               	movlw	0
  4861   00179A  6E05               	movwf	OLED_WriteChar@index^0,c
  4862   00179C  EF28  F00C         	goto	l2567
  4863   0017A0                     l2543:
  4864   0017A0  0E2F               	movlw	47
  4865   0017A2  6408               	cpfsgt	OLED_WriteChar@c^0,c
  4866   0017A4  EFD6  F00B         	goto	u1701
  4867   0017A8  EFD8  F00B         	goto	u1700
  4868   0017AC                     u1701:
  4869   0017AC  EFE8  F00B         	goto	l2549
  4870   0017B0                     u1700:
  4871   0017B0  0E3A               	movlw	58
  4872   0017B2  6008               	cpfslt	OLED_WriteChar@c^0,c
  4873   0017B4  EFDE  F00B         	goto	u1711
  4874   0017B8  EFE0  F00B         	goto	u1710
  4875   0017BC                     u1711:
  4876   0017BC  EFE8  F00B         	goto	l2549
  4877   0017C0                     u1710:
  4878   0017C0  0ED1               	movlw	209
  4879   0017C2  2408               	addwf	OLED_WriteChar@c^0,w,c
  4880   0017C4  6E05               	movwf	OLED_WriteChar@index^0,c
  4881   0017C6  6A06               	clrf	(OLED_WriteChar@index+1)^0,c
  4882   0017C8  0EFF               	movlw	255
  4883   0017CA  2206               	addwfc	(OLED_WriteChar@index+1)^0,f,c
  4884   0017CC  EF28  F00C         	goto	l2567
  4885   0017D0                     l2549:
  4886   0017D0  0E40               	movlw	64
  4887   0017D2  6408               	cpfsgt	OLED_WriteChar@c^0,c
  4888   0017D4  EFEE  F00B         	goto	u1721
  4889   0017D8  EFF0  F00B         	goto	u1720
  4890   0017DC                     u1721:
  4891   0017DC  EF00  F00C         	goto	l2555
  4892   0017E0                     u1720:
  4893   0017E0  0E5B               	movlw	91
  4894   0017E2  6008               	cpfslt	OLED_WriteChar@c^0,c
  4895   0017E4  EFF6  F00B         	goto	u1731
  4896   0017E8  EFF8  F00B         	goto	u1730
  4897   0017EC                     u1731:
  4898   0017EC  EF00  F00C         	goto	l2555
  4899   0017F0                     u1730:
  4900   0017F0  0ECA               	movlw	202
  4901   0017F2  2408               	addwf	OLED_WriteChar@c^0,w,c
  4902   0017F4  6E05               	movwf	OLED_WriteChar@index^0,c
  4903   0017F6  6A06               	clrf	(OLED_WriteChar@index+1)^0,c
  4904   0017F8  0EFF               	movlw	255
  4905   0017FA  2206               	addwfc	(OLED_WriteChar@index+1)^0,f,c
  4906   0017FC  EF28  F00C         	goto	l2567
  4907   001800                     l2555:
  4908   001800  0E3A               	movlw	58
  4909   001802  1808               	xorwf	OLED_WriteChar@c^0,w,c
  4910   001804  A4D8               	btfss	status,2,c
  4911   001806  EF07  F00C         	goto	u1741
  4912   00180A  EF09  F00C         	goto	u1740
  4913   00180E                     u1741:
  4914   00180E  EF0E  F00C         	goto	l2559
  4915   001812                     u1740:
  4916   001812  6A06               	clrf	(OLED_WriteChar@index+1)^0,c
  4917   001814  0E25               	movlw	37
  4918   001816  6E05               	movwf	OLED_WriteChar@index^0,c
  4919   001818  EF28  F00C         	goto	l2567
  4920   00181C                     l2559:
  4921   00181C  0E25               	movlw	37
  4922   00181E  1808               	xorwf	OLED_WriteChar@c^0,w,c
  4923   001820  A4D8               	btfss	status,2,c
  4924   001822  EF15  F00C         	goto	u1751
  4925   001826  EF17  F00C         	goto	u1750
  4926   00182A                     u1751:
  4927   00182A  EF1C  F00C         	goto	l2563
  4928   00182E                     u1750:
  4929   00182E  6A06               	clrf	(OLED_WriteChar@index+1)^0,c
  4930   001830  0E26               	movlw	38
  4931   001832  6E05               	movwf	OLED_WriteChar@index^0,c
  4932   001834  EF28  F00C         	goto	l2567
  4933   001838                     l2563:
  4934   001838  0E2E               	movlw	46
  4935   00183A  1808               	xorwf	OLED_WriteChar@c^0,w,c
  4936   00183C  A4D8               	btfss	status,2,c
  4937   00183E  EF23  F00C         	goto	u1761
  4938   001842  EF25  F00C         	goto	u1760
  4939   001846                     u1761:
  4940   001846  EF28  F00C         	goto	l2567
  4941   00184A                     u1760:
  4942   00184A  6A06               	clrf	(OLED_WriteChar@index+1)^0,c
  4943   00184C  0E27               	movlw	39
  4944   00184E  6E05               	movwf	OLED_WriteChar@index^0,c
  4945   001850                     l2567:
  4946                           
  4947                           ;oled.c: 142:     I2C_Start();
  4948   001850  EC35  F012         	call	_I2C_Start	;wreg free
  4949   001854                     
  4950                           ;oled.c: 143:     I2C_Write(0x78);
  4951   001854  0E78               	movlw	120
  4952   001856  EC7A  F010         	call	_I2C_Write
  4953   00185A                     
  4954                           ;oled.c: 144:     I2C_Write(0x40);
  4955   00185A  0E40               	movlw	64
  4956   00185C  EC7A  F010         	call	_I2C_Write
  4957   001860                     
  4958                           ;oled.c: 145:     for (i = 0; i < 5; i++) I2C_Write(font5x7[index][i]);
  4959   001860  6A07               	clrf	OLED_WriteChar@i^0,c
  4960   001862                     l2579:
  4961   001862  5005               	movf	OLED_WriteChar@index^0,w,c
  4962   001864  0D05               	mullw	5
  4963   001866  50F3               	movf	243,w,c
  4964   001868  0F01               	addlw	low _font5x7
  4965   00186A  2407               	addwf	OLED_WriteChar@i^0,w,c
  4966   00186C  6E04               	movwf	??_OLED_WriteChar^0,c
  4967   00186E  C004  FFF6         	movff	??_OLED_WriteChar,tblptrl
  4968   001872                     	if	1	;There is more than 1 active tblptr byte
  4969   001872  0E08               	movlw	high __smallconst
  4970   001874  6EF7               	movwf	tblptrh,c
  4971   001876                     	endif
  4972   001876                     	if	0	;tblptru may be non-zero
  4973   001876                     	endif
  4974   001876                     	if	0	;tblptru may be non-zero
  4975   001876                     	endif
  4976   001876  0008               	tblrd		*
  4977   001878  50F5               	movf	tablat,w,c
  4978   00187A  EC7A  F010         	call	_I2C_Write
  4979   00187E  2A07               	incf	OLED_WriteChar@i^0,f,c
  4980   001880  0E04               	movlw	4
  4981   001882  6407               	cpfsgt	OLED_WriteChar@i^0,c
  4982   001884  EF46  F00C         	goto	u1771
  4983   001888  EF48  F00C         	goto	u1770
  4984   00188C                     u1771:
  4985   00188C  EF31  F00C         	goto	l2579
  4986   001890                     u1770:
  4987   001890                     
  4988                           ;oled.c: 146:     I2C_Write(0x00);
  4989   001890  0E00               	movlw	0
  4990   001892  EC7A  F010         	call	_I2C_Write
  4991   001896                     
  4992                           ;oled.c: 147:     I2C_Stop();
  4993   001896  EC80  F012         	call	_I2C_Stop	;wreg free
  4994   00189A  0012               	return		;funcret
  4995   00189C                     __end_of_OLED_WriteChar:
  4996                           	callstack 0
  4997                           
  4998 ;; *************** function _OLED_SetCursor *****************
  4999 ;; Defined at:
  5000 ;;		line 124 in file "oled.c"
  5001 ;; Parameters:    Size  Location     Type
  5002 ;;  col             1    wreg     unsigned char 
  5003 ;;  page            1    4[COMRAM] unsigned char 
  5004 ;; Auto vars:     Size  Location     Type
  5005 ;;  col             1    5[COMRAM] unsigned char 
  5006 ;; Return value:  Size  Location     Type
  5007 ;;                  1    wreg      void 
  5008 ;; Registers used:
  5009 ;;		wreg, status,2, status,0, cstack
  5010 ;; Tracked objects:
  5011 ;;		On entry : 0/0
  5012 ;;		On exit  : 0/0
  5013 ;;		Unchanged: 0/0
  5014 ;; Data sizes:     COMRAM   BANK0   BANK1   BANK2   BANK3   BANK4   BANK5   BANK6   BANK7
  5015 ;;      Params:         1       0       0       0       0       0       0       0       0
  5016 ;;      Locals:         1       0       0       0       0       0       0       0       0
  5017 ;;      Temps:          0       0       0       0       0       0       0       0       0
  5018 ;;      Totals:         2       0       0       0       0       0       0       0       0
  5019 ;;Total ram usage:        2 bytes
  5020 ;; Hardware stack levels used: 1
  5021 ;; Hardware stack levels required when called: 1
  5022 ;; This function calls:
  5023 ;;		_OLED_Command
  5024 ;; This function is called by:
  5025 ;;		_main
  5026 ;; This function uses a non-reentrant model
  5027 ;;
  5028                           
  5029                           	psect	text23
  5030   0024DE                     __ptext23:
  5031                           	callstack 0
  5032   0024DE                     _OLED_SetCursor:
  5033                           	callstack 29
  5034                           
  5035                           ;incstack = 0
  5036                           ;OLED_SetCursor@col stored from wreg
  5037   0024DE  6E06               	movwf	OLED_SetCursor@col^0,c
  5038   0024E0                     
  5039                           ;oled.c: 125:     col += 2;
  5040   0024E0  0E02               	movlw	2
  5041   0024E2  2606               	addwf	OLED_SetCursor@col^0,f,c
  5042   0024E4                     
  5043                           ;oled.c: 126:     OLED_Command(0xB0 + page);
  5044   0024E4  5005               	movf	OLED_SetCursor@page^0,w,c
  5045   0024E6  0FB0               	addlw	176
  5046   0024E8  EC91  F012         	call	_OLED_Command
  5047   0024EC                     
  5048                           ;oled.c: 127:     OLED_Command(0x00 | (col & 0x0F));
  5049   0024EC  5006               	movf	OLED_SetCursor@col^0,w,c
  5050   0024EE  0B0F               	andlw	15
  5051   0024F0  EC91  F012         	call	_OLED_Command
  5052   0024F4                     
  5053                           ;oled.c: 128:     OLED_Command(0x10 | (col >> 4));
  5054   0024F4  3806               	swapf	OLED_SetCursor@col^0,w,c
  5055   0024F6  0B0F               	andlw	15
  5056   0024F8  0910               	iorlw	16
  5057   0024FA  EC91  F012         	call	_OLED_Command
  5058   0024FE  0012               	return		;funcret
  5059   002500                     __end_of_OLED_SetCursor:
  5060                           	callstack 0
  5061                           
  5062 ;; *************** function _OLED_Init *****************
  5063 ;; Defined at:
  5064 ;;		line 70 in file "oled.c"
  5065 ;; Parameters:    Size  Location     Type
  5066 ;;		None
  5067 ;; Auto vars:     Size  Location     Type
  5068 ;;		None
  5069 ;; Return value:  Size  Location     Type
  5070 ;;                  1    wreg      void 
  5071 ;; Registers used:
  5072 ;;		wreg, status,2, status,0, cstack
  5073 ;; Tracked objects:
  5074 ;;		On entry : 0/0
  5075 ;;		On exit  : 0/0
  5076 ;;		Unchanged: 0/0
  5077 ;; Data sizes:     COMRAM   BANK0   BANK1   BANK2   BANK3   BANK4   BANK5   BANK6   BANK7
  5078 ;;      Params:         0       0       0       0       0       0       0       0       0
  5079 ;;      Locals:         0       0       0       0       0       0       0       0       0
  5080 ;;      Temps:          2       0       0       0       0       0       0       0       0
  5081 ;;      Totals:         2       0       0       0       0       0       0       0       0
  5082 ;;Total ram usage:        2 bytes
  5083 ;; Hardware stack levels used: 1
  5084 ;; Hardware stack levels required when called: 1
  5085 ;; This function calls:
  5086 ;;		_OLED_Command
  5087 ;; This function is called by:
  5088 ;;		_main
  5089 ;; This function uses a non-reentrant model
  5090 ;;
  5091                           
  5092                           	psect	text24
  5093   001AA6                     __ptext24:
  5094                           	callstack 0
  5095   001AA6                     _OLED_Init:
  5096                           	callstack 29
  5097   001AA6                     
  5098                           ;oled.c: 71:     _delay((unsigned long)((200)*(8000000/4000.0)));
  5099   001AA6  0E03               	movlw	3
  5100   001AA8  6E06               	movwf	(??_OLED_Init+1)^0,c
  5101   001AAA  0E08               	movlw	8
  5102   001AAC  6E05               	movwf	??_OLED_Init^0,c
  5103   001AAE  0E77               	movlw	119
  5104   001AB0                     u2687:
  5105   001AB0  2EE8               	decfsz	wreg,f,c
  5106   001AB2  D7FE               	bra	u2687
  5107   001AB4  2E05               	decfsz	??_OLED_Init^0,f,c
  5108   001AB6  D7FC               	bra	u2687
  5109   001AB8  2E06               	decfsz	(??_OLED_Init+1)^0,f,c
  5110   001ABA  D7FA               	bra	u2687
  5111   001ABC  0000               	nop	
  5112   001ABE                     
  5113                           ;oled.c: 72:     OLED_Command(0xAE);
  5114   001ABE  0EAE               	movlw	174
  5115   001AC0  EC91  F012         	call	_OLED_Command
  5116   001AC4                     
  5117                           ;oled.c: 73:     OLED_Command(0xD5); OLED_Command(0xF0);
  5118   001AC4  0ED5               	movlw	213
  5119   001AC6  EC91  F012         	call	_OLED_Command
  5120   001ACA  0EF0               	movlw	240
  5121   001ACC  EC91  F012         	call	_OLED_Command
  5122   001AD0                     
  5123                           ;oled.c: 74:     OLED_Command(0xA8); OLED_Command(0x3F);
  5124   001AD0  0EA8               	movlw	168
  5125   001AD2  EC91  F012         	call	_OLED_Command
  5126   001AD6  0E3F               	movlw	63
  5127   001AD8  EC91  F012         	call	_OLED_Command
  5128   001ADC                     
  5129                           ;oled.c: 75:     OLED_Command(0xD3); OLED_Command(0x00);
  5130   001ADC  0ED3               	movlw	211
  5131   001ADE  EC91  F012         	call	_OLED_Command
  5132   001AE2  0E00               	movlw	0
  5133   001AE4  EC91  F012         	call	_OLED_Command
  5134   001AE8                     
  5135                           ;oled.c: 76:     OLED_Command(0x40);
  5136   001AE8  0E40               	movlw	64
  5137   001AEA  EC91  F012         	call	_OLED_Command
  5138   001AEE                     
  5139                           ;oled.c: 77:     OLED_Command(0x8D); OLED_Command(0x14);
  5140   001AEE  0E8D               	movlw	141
  5141   001AF0  EC91  F012         	call	_OLED_Command
  5142   001AF4  0E14               	movlw	20
  5143   001AF6  EC91  F012         	call	_OLED_Command
  5144   001AFA                     
  5145                           ;oled.c: 78:     OLED_Command(0x20); OLED_Command(0x02);
  5146   001AFA  0E20               	movlw	32
  5147   001AFC  EC91  F012         	call	_OLED_Command
  5148   001B00  0E02               	movlw	2
  5149   001B02  EC91  F012         	call	_OLED_Command
  5150   001B06                     
  5151                           ;oled.c: 79:     OLED_Command(0xA1);
  5152   001B06  0EA1               	movlw	161
  5153   001B08  EC91  F012         	call	_OLED_Command
  5154   001B0C                     
  5155                           ;oled.c: 80:     OLED_Command(0xC8);
  5156   001B0C  0EC8               	movlw	200
  5157   001B0E  EC91  F012         	call	_OLED_Command
  5158   001B12                     
  5159                           ;oled.c: 81:     OLED_Command(0xDA); OLED_Command(0x12);
  5160   001B12  0EDA               	movlw	218
  5161   001B14  EC91  F012         	call	_OLED_Command
  5162   001B18  0E12               	movlw	18
  5163   001B1A  EC91  F012         	call	_OLED_Command
  5164   001B1E                     
  5165                           ;oled.c: 82:     OLED_Command(0x81); OLED_Command(0xFF);
  5166   001B1E  0E81               	movlw	129
  5167   001B20  EC91  F012         	call	_OLED_Command
  5168   001B24  0EFF               	movlw	255
  5169   001B26  EC91  F012         	call	_OLED_Command
  5170   001B2A                     
  5171                           ;oled.c: 83:     OLED_Command(0xD9); OLED_Command(0xF1);
  5172   001B2A  0ED9               	movlw	217
  5173   001B2C  EC91  F012         	call	_OLED_Command
  5174   001B30  0EF1               	movlw	241
  5175   001B32  EC91  F012         	call	_OLED_Command
  5176   001B36                     
  5177                           ;oled.c: 84:     OLED_Command(0xDB); OLED_Command(0x40);
  5178   001B36  0EDB               	movlw	219
  5179   001B38  EC91  F012         	call	_OLED_Command
  5180   001B3C  0E40               	movlw	64
  5181   001B3E  EC91  F012         	call	_OLED_Command
  5182   001B42                     
  5183                           ;oled.c: 85:     OLED_Command(0xA4);
  5184   001B42  0EA4               	movlw	164
  5185   001B44  EC91  F012         	call	_OLED_Command
  5186   001B48                     
  5187                           ;oled.c: 86:     OLED_Command(0xA6);
  5188   001B48  0EA6               	movlw	166
  5189   001B4A  EC91  F012         	call	_OLED_Command
  5190   001B4E                     
  5191                           ;oled.c: 87:     OLED_Command(0xAF);
  5192   001B4E  0EAF               	movlw	175
  5193   001B50  EC91  F012         	call	_OLED_Command
  5194   001B54                     
  5195                           ;oled.c: 88:     _delay((unsigned long)((100)*(8000000/4000.0)));
  5196   001B54  0E02               	movlw	2
  5197   001B56  6E06               	movwf	(??_OLED_Init+1)^0,c
  5198   001B58  0E04               	movlw	4
  5199   001B5A  6E05               	movwf	??_OLED_Init^0,c
  5200   001B5C  0EBA               	movlw	186
  5201   001B5E                     u2697:
  5202   001B5E  2EE8               	decfsz	wreg,f,c
  5203   001B60  D7FE               	bra	u2697
  5204   001B62  2E05               	decfsz	??_OLED_Init^0,f,c
  5205   001B64  D7FC               	bra	u2697
  5206   001B66  2E06               	decfsz	(??_OLED_Init+1)^0,f,c
  5207   001B68  D7FA               	bra	u2697
  5208   001B6A  D000               	nop2	
  5209   001B6C  0012               	return		;funcret
  5210   001B6E                     __end_of_OLED_Init:
  5211                           	callstack 0
  5212                           
  5213 ;; *************** function _OLED_ClearLine *****************
  5214 ;; Defined at:
  5215 ;;		line 109 in file "oled.c"
  5216 ;; Parameters:    Size  Location     Type
  5217 ;;  linea           1    wreg     unsigned char 
  5218 ;; Auto vars:     Size  Location     Type
  5219 ;;  linea           1    4[COMRAM] unsigned char 
  5220 ;;  i               1    5[COMRAM] unsigned char 
  5221 ;; Return value:  Size  Location     Type
  5222 ;;                  1    wreg      void 
  5223 ;; Registers used:
  5224 ;;		wreg, status,2, status,0, cstack
  5225 ;; Tracked objects:
  5226 ;;		On entry : 0/0
  5227 ;;		On exit  : 0/0
  5228 ;;		Unchanged: 0/0
  5229 ;; Data sizes:     COMRAM   BANK0   BANK1   BANK2   BANK3   BANK4   BANK5   BANK6   BANK7
  5230 ;;      Params:         0       0       0       0       0       0       0       0       0
  5231 ;;      Locals:         2       0       0       0       0       0       0       0       0
  5232 ;;      Temps:          0       0       0       0       0       0       0       0       0
  5233 ;;      Totals:         2       0       0       0       0       0       0       0       0
  5234 ;;Total ram usage:        2 bytes
  5235 ;; Hardware stack levels used: 1
  5236 ;; Hardware stack levels required when called: 1
  5237 ;; This function calls:
  5238 ;;		_I2C_Start
  5239 ;;		_I2C_Stop
  5240 ;;		_I2C_Write
  5241 ;;		_OLED_Command
  5242 ;; This function is called by:
  5243 ;;		_main
  5244 ;; This function uses a non-reentrant model
  5245 ;;
  5246                           
  5247                           	psect	text25
  5248   0022C4                     __ptext25:
  5249                           	callstack 0
  5250   0022C4                     _OLED_ClearLine:
  5251                           	callstack 29
  5252                           
  5253                           ;incstack = 0
  5254                           ;OLED_ClearLine@linea stored from wreg
  5255   0022C4  6E05               	movwf	OLED_ClearLine@linea^0,c
  5256   0022C6                     
  5257                           ;oled.c: 110:     unsigned char i;;oled.c: 112:     OLED_Command(0xB0 + linea);
  5258   0022C6  5005               	movf	OLED_ClearLine@linea^0,w,c
  5259   0022C8  0FB0               	addlw	176
  5260   0022CA  EC91  F012         	call	_OLED_Command
  5261                           
  5262                           ;oled.c: 113:     OLED_Command(0x02);
  5263   0022CE  0E02               	movlw	2
  5264   0022D0  EC91  F012         	call	_OLED_Command
  5265                           
  5266                           ;oled.c: 114:     OLED_Command(0x10);
  5267   0022D4  0E10               	movlw	16
  5268   0022D6  EC91  F012         	call	_OLED_Command
  5269   0022DA                     
  5270                           ;oled.c: 116:     I2C_Start();
  5271   0022DA  EC35  F012         	call	_I2C_Start	;wreg free
  5272   0022DE                     
  5273                           ;oled.c: 117:     I2C_Write(0x78);
  5274   0022DE  0E78               	movlw	120
  5275   0022E0  EC7A  F010         	call	_I2C_Write
  5276   0022E4                     
  5277                           ;oled.c: 118:     I2C_Write(0x40);
  5278   0022E4  0E40               	movlw	64
  5279   0022E6  EC7A  F010         	call	_I2C_Write
  5280   0022EA                     
  5281                           ;oled.c: 119:     for (i = 0; i < 128; i++) I2C_Write(0x00);
  5282   0022EA  6A06               	clrf	OLED_ClearLine@i^0,c
  5283   0022EC                     l3233:
  5284   0022EC  0E00               	movlw	0
  5285   0022EE  EC7A  F010         	call	_I2C_Write
  5286   0022F2  2A06               	incf	OLED_ClearLine@i^0,f,c
  5287   0022F4  0E7F               	movlw	127
  5288   0022F6  6406               	cpfsgt	OLED_ClearLine@i^0,c
  5289   0022F8  EF80  F011         	goto	u2551
  5290   0022FC  EF82  F011         	goto	u2550
  5291   002300                     u2551:
  5292   002300  EF76  F011         	goto	l3233
  5293   002304                     u2550:
  5294   002304                     
  5295                           ;oled.c: 120:     I2C_Stop();
  5296   002304  EC80  F012         	call	_I2C_Stop	;wreg free
  5297   002308  0012               	return		;funcret
  5298   00230A                     __end_of_OLED_ClearLine:
  5299                           	callstack 0
  5300                           
  5301 ;; *************** function _OLED_Clear *****************
  5302 ;; Defined at:
  5303 ;;		line 94 in file "oled.c"
  5304 ;; Parameters:    Size  Location     Type
  5305 ;;		None
  5306 ;; Auto vars:     Size  Location     Type
  5307 ;;  page            1    5[COMRAM] unsigned char 
  5308 ;;  i               1    4[COMRAM] unsigned char 
  5309 ;; Return value:  Size  Location     Type
  5310 ;;                  1    wreg      void 
  5311 ;; Registers used:
  5312 ;;		wreg, status,2, status,0, cstack
  5313 ;; Tracked objects:
  5314 ;;		On entry : 0/0
  5315 ;;		On exit  : 0/0
  5316 ;;		Unchanged: 0/0
  5317 ;; Data sizes:     COMRAM   BANK0   BANK1   BANK2   BANK3   BANK4   BANK5   BANK6   BANK7
  5318 ;;      Params:         0       0       0       0       0       0       0       0       0
  5319 ;;      Locals:         2       0       0       0       0       0       0       0       0
  5320 ;;      Temps:          0       0       0       0       0       0       0       0       0
  5321 ;;      Totals:         2       0       0       0       0       0       0       0       0
  5322 ;;Total ram usage:        2 bytes
  5323 ;; Hardware stack levels used: 1
  5324 ;; Hardware stack levels required when called: 2
  5325 ;; This function calls:
  5326 ;;		_I2C_Start
  5327 ;;		_I2C_Stop
  5328 ;;		_I2C_Write
  5329 ;;		_OLED_Command
  5330 ;; This function is called by:
  5331 ;;		_main
  5332 ;; This function uses a non-reentrant model
  5333 ;;
  5334                           
  5335                           	psect	text26
  5336   0021CA                     __ptext26:
  5337                           	callstack 0
  5338   0021CA                     _OLED_Clear:
  5339                           	callstack 28
  5340   0021CA                     
  5341                           ;oled.c: 95:     unsigned char page, i;;oled.c: 96:     for (page = 0; page < 8; page++)
      +                           {
  5342   0021CA  6A06               	clrf	OLED_Clear@page^0,c
  5343   0021CC                     l3045:
  5344                           
  5345                           ;oled.c: 97:         OLED_Command(0xB0 + page);
  5346   0021CC  5006               	movf	OLED_Clear@page^0,w,c
  5347   0021CE  0FB0               	addlw	176
  5348   0021D0  EC91  F012         	call	_OLED_Command
  5349                           
  5350                           ;oled.c: 98:         OLED_Command(0x00);
  5351   0021D4  0E00               	movlw	0
  5352   0021D6  EC91  F012         	call	_OLED_Command
  5353                           
  5354                           ;oled.c: 99:         OLED_Command(0x10);
  5355   0021DA  0E10               	movlw	16
  5356   0021DC  EC91  F012         	call	_OLED_Command
  5357   0021E0                     
  5358                           ;oled.c: 100:         I2C_Start();
  5359   0021E0  EC35  F012         	call	_I2C_Start	;wreg free
  5360   0021E4                     
  5361                           ;oled.c: 101:         I2C_Write(0x78);
  5362   0021E4  0E78               	movlw	120
  5363   0021E6  EC7A  F010         	call	_I2C_Write
  5364   0021EA                     
  5365                           ;oled.c: 102:         I2C_Write(0x40);
  5366   0021EA  0E40               	movlw	64
  5367   0021EC  EC7A  F010         	call	_I2C_Write
  5368   0021F0                     
  5369                           ;oled.c: 103:         for (i = 0; i < 128; i++) I2C_Write(0x00);
  5370   0021F0  6A05               	clrf	OLED_Clear@i^0,c
  5371   0021F2                     l3059:
  5372   0021F2  0E00               	movlw	0
  5373   0021F4  EC7A  F010         	call	_I2C_Write
  5374   0021F8  2A05               	incf	OLED_Clear@i^0,f,c
  5375   0021FA  0E7F               	movlw	127
  5376   0021FC  6405               	cpfsgt	OLED_Clear@i^0,c
  5377   0021FE  EF03  F011         	goto	u2361
  5378   002202  EF05  F011         	goto	u2360
  5379   002206                     u2361:
  5380   002206  EFF9  F010         	goto	l3059
  5381   00220A                     u2360:
  5382   00220A                     
  5383                           ;oled.c: 104:         I2C_Stop();
  5384   00220A  EC80  F012         	call	_I2C_Stop	;wreg free
  5385   00220E                     
  5386                           ;oled.c: 105:     }
  5387   00220E  2A06               	incf	OLED_Clear@page^0,f,c
  5388   002210  0E07               	movlw	7
  5389   002212  6406               	cpfsgt	OLED_Clear@page^0,c
  5390   002214  EF0E  F011         	goto	u2371
  5391   002218  EF10  F011         	goto	u2370
  5392   00221C                     u2371:
  5393   00221C  EFE6  F010         	goto	l3045
  5394   002220                     u2370:
  5395   002220  0012               	return		;funcret
  5396   002222                     __end_of_OLED_Clear:
  5397                           	callstack 0
  5398                           
  5399 ;; *************** function _OLED_Command *****************
  5400 ;; Defined at:
  5401 ;;		line 53 in file "oled.c"
  5402 ;; Parameters:    Size  Location     Type
  5403 ;;  cmd             1    wreg     unsigned char 
  5404 ;; Auto vars:     Size  Location     Type
  5405 ;;  cmd             1    3[COMRAM] unsigned char 
  5406 ;; Return value:  Size  Location     Type
  5407 ;;                  1    wreg      void 
  5408 ;; Registers used:
  5409 ;;		wreg, status,2, status,0, cstack
  5410 ;; Tracked objects:
  5411 ;;		On entry : 0/0
  5412 ;;		On exit  : 0/0
  5413 ;;		Unchanged: 0/0
  5414 ;; Data sizes:     COMRAM   BANK0   BANK1   BANK2   BANK3   BANK4   BANK5   BANK6   BANK7
  5415 ;;      Params:         0       0       0       0       0       0       0       0       0
  5416 ;;      Locals:         1       0       0       0       0       0       0       0       0
  5417 ;;      Temps:          0       0       0       0       0       0       0       0       0
  5418 ;;      Totals:         1       0       0       0       0       0       0       0       0
  5419 ;;Total ram usage:        1 bytes
  5420 ;; Hardware stack levels used: 1
  5421 ;; This function calls:
  5422 ;;		_I2C_Start
  5423 ;;		_I2C_Stop
  5424 ;;		_I2C_Write
  5425 ;; This function is called by:
  5426 ;;		_OLED_Init
  5427 ;;		_OLED_Clear
  5428 ;;		_OLED_ClearLine
  5429 ;;		_OLED_SetCursor
  5430 ;; This function uses a non-reentrant model
  5431 ;;
  5432                           
  5433                           	psect	text27
  5434   002522                     __ptext27:
  5435                           	callstack 0
  5436   002522                     _OLED_Command:
  5437                           	callstack 29
  5438                           
  5439                           ;incstack = 0
  5440                           ;OLED_Command@cmd stored from wreg
  5441   002522  6E04               	movwf	OLED_Command@cmd^0,c
  5442   002524                     
  5443                           ;oled.c: 54:     I2C_Start();
  5444   002524  EC35  F012         	call	_I2C_Start	;wreg free
  5445   002528                     
  5446                           ;oled.c: 55:     I2C_Write(0x78);
  5447   002528  0E78               	movlw	120
  5448   00252A  EC7A  F010         	call	_I2C_Write
  5449   00252E                     
  5450                           ;oled.c: 56:     I2C_Write(0x00);
  5451   00252E  0E00               	movlw	0
  5452   002530  EC7A  F010         	call	_I2C_Write
  5453   002534                     
  5454                           ;oled.c: 57:     I2C_Write(cmd);
  5455   002534  5004               	movf	OLED_Command@cmd^0,w,c
  5456   002536  EC7A  F010         	call	_I2C_Write
  5457   00253A                     
  5458                           ;oled.c: 58:     I2C_Stop();
  5459   00253A  EC80  F012         	call	_I2C_Stop	;wreg free
  5460   00253E  0012               	return		;funcret
  5461   002540                     __end_of_OLED_Command:
  5462                           	callstack 0
  5463                           
  5464 ;; *************** function _I2C_Init *****************
  5465 ;; Defined at:
  5466 ;;		line 15 in file "i2c.c"
  5467 ;; Parameters:    Size  Location     Type
  5468 ;;		None
  5469 ;; Auto vars:     Size  Location     Type
  5470 ;;		None
  5471 ;; Return value:  Size  Location     Type
  5472 ;;                  1    wreg      void 
  5473 ;; Registers used:
  5474 ;;		None
  5475 ;; Tracked objects:
  5476 ;;		On entry : 0/0
  5477 ;;		On exit  : 0/0
  5478 ;;		Unchanged: 0/0
  5479 ;; Data sizes:     COMRAM   BANK0   BANK1   BANK2   BANK3   BANK4   BANK5   BANK6   BANK7
  5480 ;;      Params:         0       0       0       0       0       0       0       0       0
  5481 ;;      Locals:         0       0       0       0       0       0       0       0       0
  5482 ;;      Temps:          0       0       0       0       0       0       0       0       0
  5483 ;;      Totals:         0       0       0       0       0       0       0       0       0
  5484 ;;Total ram usage:        0 bytes
  5485 ;; Hardware stack levels used: 1
  5486 ;; This function calls:
  5487 ;;		Nothing
  5488 ;; This function is called by:
  5489 ;;		_main
  5490 ;; This function uses a non-reentrant model
  5491 ;;
  5492                           
  5493                           	psect	text28
  5494   0025A6                     __ptext28:
  5495                           	callstack 0
  5496   0025A6                     _I2C_Init:
  5497                           	callstack 30
  5498   0025A6                     
  5499                           ;i2c.c: 16:     TRISBbits.TRISB0 = 0;
  5500   0025A6  9093               	bcf	147,0,c	;volatile
  5501                           
  5502                           ;i2c.c: 17:     TRISBbits.TRISB1 = 0;
  5503   0025A8  9293               	bcf	147,1,c	;volatile
  5504                           
  5505                           ;i2c.c: 18:     LATBbits.LATB0 = 1;
  5506   0025AA  808A               	bsf	138,0,c	;volatile
  5507                           
  5508                           ;i2c.c: 19:     LATBbits.LATB1 = 1;
  5509   0025AC  828A               	bsf	138,1,c	;volatile
  5510                           
  5511                           ;i2c.c: 20:     INTCON2bits.RBPU = 1;
  5512   0025AE  8EF1               	bsf	241,7,c	;volatile
  5513   0025B0  0012               	return		;funcret
  5514   0025B2                     __end_of_I2C_Init:
  5515                           	callstack 0
  5516                           
  5517 ;; *************** function _BME280_ReadHumidity *****************
  5518 ;; Defined at:
  5519 ;;		line 46 in file "bme280.c"
  5520 ;; Parameters:    Size  Location     Type
  5521 ;;		None
  5522 ;; Auto vars:     Size  Location     Type
  5523 ;;  hum             4   74[COMRAM] float 
  5524 ;;  raw             2   70[COMRAM] unsigned int 
  5525 ;;  lsb             1   73[COMRAM] unsigned char 
  5526 ;;  msb             1   72[COMRAM] unsigned char 
  5527 ;; Return value:  Size  Location     Type
  5528 ;;                  4   64[COMRAM] float 
  5529 ;; Registers used:
  5530 ;;		wreg, status,2, status,0, prodl, prodh, cstack
  5531 ;; Tracked objects:
  5532 ;;		On entry : 0/0
  5533 ;;		On exit  : 0/0
  5534 ;;		Unchanged: 0/0
  5535 ;; Data sizes:     COMRAM   BANK0   BANK1   BANK2   BANK3   BANK4   BANK5   BANK6   BANK7
  5536 ;;      Params:         4       0       0       0       0       0       0       0       0
  5537 ;;      Locals:         8       0       0       0       0       0       0       0       0
  5538 ;;      Temps:          2       0       0       0       0       0       0       0       0
  5539 ;;      Totals:        14       0       0       0       0       0       0       0       0
  5540 ;;Total ram usage:       14 bytes
  5541 ;; Hardware stack levels used: 1
  5542 ;; Hardware stack levels required when called: 2
  5543 ;; This function calls:
  5544 ;;		_BME280_Read
  5545 ;;		_BME280_Write
  5546 ;;		___fldiv
  5547 ;;		___flge
  5548 ;;		___flmul
  5549 ;;		___xxtofl
  5550 ;; This function is called by:
  5551 ;;		_main
  5552 ;; This function uses a non-reentrant model
  5553 ;;
  5554                           
  5555                           	psect	text29
  5556   00164E                     __ptext29:
  5557                           	callstack 0
  5558   00164E                     _BME280_ReadHumidity:
  5559                           	callstack 28
  5560   00164E                     
  5561                           ;bme280.c: 47:     unsigned char msb, lsb;;bme280.c: 48:     unsigned int raw;;bme280.c:
      +                           51:     BME280_Write(0xF2, 0x01);
  5562   00164E  0E01               	movlw	1
  5563   001650  6E04               	movwf	BME280_Write@data^0,c
  5564   001652  0EF2               	movlw	242
  5565   001654  ECA0  F012         	call	_BME280_Write
  5566                           
  5567                           ;bme280.c: 52:     BME280_Write(0xF4, 0x25);
  5568   001658  0E25               	movlw	37
  5569   00165A  6E04               	movwf	BME280_Write@data^0,c
  5570   00165C  0EF4               	movlw	244
  5571   00165E  ECA0  F012         	call	_BME280_Write
  5572   001662                     
  5573                           ;bme280.c: 53:     _delay((unsigned long)((10)*(8000000/4000.0)));
  5574   001662  0E1A               	movlw	26
  5575   001664  6E45               	movwf	??_BME280_ReadHumidity^0,c
  5576   001666  0EF8               	movlw	248
  5577   001668                     u2707:
  5578   001668  2EE8               	decfsz	wreg,f,c
  5579   00166A  D7FE               	bra	u2707
  5580   00166C  2E45               	decfsz	??_BME280_ReadHumidity^0,f,c
  5581   00166E  D7FC               	bra	u2707
  5582   001670  D000               	nop2	
  5583   001672                     
  5584                           ;bme280.c: 56:     BME280_Read(0xFA);
  5585   001672  0EFA               	movlw	250
  5586   001674  ECA6  F011         	call	_BME280_Read
  5587   001678                     
  5588                           ;bme280.c: 57:     BME280_Read(0xFB);
  5589   001678  0EFB               	movlw	251
  5590   00167A  ECA6  F011         	call	_BME280_Read
  5591   00167E                     
  5592                           ;bme280.c: 58:     BME280_Read(0xFC);
  5593   00167E  0EFC               	movlw	252
  5594   001680  ECA6  F011         	call	_BME280_Read
  5595   001684                     
  5596                           ;bme280.c: 61:     msb = BME280_Read(0xFD);
  5597   001684  0EFD               	movlw	253
  5598   001686  ECA6  F011         	call	_BME280_Read
  5599   00168A  6E49               	movwf	BME280_ReadHumidity@msb^0,c
  5600   00168C                     
  5601                           ;bme280.c: 62:     lsb = BME280_Read(0xFE);
  5602   00168C  0EFE               	movlw	254
  5603   00168E  ECA6  F011         	call	_BME280_Read
  5604   001692  6E4A               	movwf	BME280_ReadHumidity@lsb^0,c
  5605   001694                     
  5606                           ;bme280.c: 64:     raw = ((unsigned int)msb << 8) | lsb;
  5607   001694  5049               	movf	BME280_ReadHumidity@msb^0,w,c
  5608   001696  6E45               	movwf	??_BME280_ReadHumidity^0,c
  5609   001698  504A               	movf	BME280_ReadHumidity@lsb^0,w,c
  5610   00169A  6E47               	movwf	BME280_ReadHumidity@raw^0,c
  5611   00169C  C045  F048         	movff	??_BME280_ReadHumidity,BME280_ReadHumidity@raw+1
  5612   0016A0                     
  5613                           ;bme280.c: 66:     float hum = (raw * 100.0) / 65535.0;
  5614   0016A0  0E00               	movlw	0
  5615   0016A2  6E13               	movwf	___flmul@a^0,c
  5616   0016A4  0E00               	movlw	0
  5617   0016A6  6E14               	movwf	(___flmul@a+1)^0,c
  5618   0016A8  0EC8               	movlw	200
  5619   0016AA  6E15               	movwf	(___flmul@a+2)^0,c
  5620   0016AC  0E42               	movlw	66
  5621   0016AE  6E16               	movwf	(___flmul@a+3)^0,c
  5622   0016B0  C047  F001         	movff	BME280_ReadHumidity@raw,___xxtofl@val
  5623   0016B4  C048  F002         	movff	BME280_ReadHumidity@raw+1,___xxtofl@val+1
  5624   0016B8  6A03               	clrf	(___xxtofl@val+2)^0,c
  5625   0016BA  6A04               	clrf	(___xxtofl@val+3)^0,c
  5626   0016BC  0E00               	movlw	0
  5627   0016BE  EC4D  F00A         	call	___xxtofl
  5628   0016C2  C001  F00F         	movff	?___xxtofl,___flmul@b
  5629   0016C6  C002  F010         	movff	?___xxtofl+1,___flmul@b+1
  5630   0016CA  C003  F011         	movff	?___xxtofl+2,___flmul@b+2
  5631   0016CE  C004  F012         	movff	?___xxtofl+3,___flmul@b+3
  5632   0016D2  EC76  F004         	call	___flmul	;wreg free
  5633   0016D6  C00F  F028         	movff	?___flmul,___fldiv@b
  5634   0016DA  C010  F029         	movff	?___flmul+1,___fldiv@b+1
  5635   0016DE  C011  F02A         	movff	?___flmul+2,___fldiv@b+2
  5636   0016E2  C012  F02B         	movff	?___flmul+3,___fldiv@b+3
  5637   0016E6  0E00               	movlw	0
  5638   0016E8  6E2C               	movwf	___fldiv@a^0,c
  5639   0016EA  0EFF               	movlw	255
  5640   0016EC  6E2D               	movwf	(___fldiv@a+1)^0,c
  5641   0016EE  0E7F               	movlw	127
  5642   0016F0  6E2E               	movwf	(___fldiv@a+2)^0,c
  5643   0016F2  0E47               	movlw	71
  5644   0016F4  6E2F               	movwf	(___fldiv@a+3)^0,c
  5645   0016F6  EC89  F006         	call	___fldiv	;wreg free
  5646   0016FA  C028  F04B         	movff	?___fldiv,BME280_ReadHumidity@hum
  5647   0016FE  C029  F04C         	movff	?___fldiv+1,BME280_ReadHumidity@hum+1
  5648   001702  C02A  F04D         	movff	?___fldiv+2,BME280_ReadHumidity@hum+2
  5649   001706  C02B  F04E         	movff	?___fldiv+3,BME280_ReadHumidity@hum+3
  5650   00170A                     
  5651                           ;bme280.c: 67:     if (hum > 100.0) hum = 100.0;
  5652   00170A  0E00               	movlw	0
  5653   00170C  6E01               	movwf	___flge@ff1^0,c
  5654   00170E  0E00               	movlw	0
  5655   001710  6E02               	movwf	(___flge@ff1+1)^0,c
  5656   001712  0EC8               	movlw	200
  5657   001714  6E03               	movwf	(___flge@ff1+2)^0,c
  5658   001716  0E42               	movlw	66
  5659   001718  6E04               	movwf	(___flge@ff1+3)^0,c
  5660   00171A  C04B  F005         	movff	BME280_ReadHumidity@hum,___flge@ff2
  5661   00171E  C04C  F006         	movff	BME280_ReadHumidity@hum+1,___flge@ff2+1
  5662   001722  C04D  F007         	movff	BME280_ReadHumidity@hum+2,___flge@ff2+2
  5663   001726  C04E  F008         	movff	BME280_ReadHumidity@hum+3,___flge@ff2+3
  5664   00172A  ECD1  F00C         	call	___flge	;wreg free
  5665   00172E  B0D8               	btfsc	status,0,c
  5666   001730  EF9C  F00B         	goto	u2411
  5667   001734  EF9E  F00B         	goto	u2410
  5668   001738                     u2411:
  5669   001738  EFA6  F00B         	goto	l3133
  5670   00173C                     u2410:
  5671   00173C  0E00               	movlw	0
  5672   00173E  6E4B               	movwf	BME280_ReadHumidity@hum^0,c
  5673   001740  0E00               	movlw	0
  5674   001742  6E4C               	movwf	(BME280_ReadHumidity@hum+1)^0,c
  5675   001744  0EC8               	movlw	200
  5676   001746  6E4D               	movwf	(BME280_ReadHumidity@hum+2)^0,c
  5677   001748  0E42               	movlw	66
  5678   00174A  6E4E               	movwf	(BME280_ReadHumidity@hum+3)^0,c
  5679   00174C                     l3133:
  5680                           
  5681                           ;bme280.c: 68:     if (hum < 0.0) hum = 0.0;
  5682   00174C  BE4E               	btfsc	(BME280_ReadHumidity@hum+3)^0,7,c
  5683   00174E  EFAD  F00B         	goto	u2420
  5684   001752  EFAB  F00B         	goto	u2421
  5685   001756                     u2421:
  5686   001756  EFB5  F00B         	goto	l3137
  5687   00175A                     u2420:
  5688   00175A  0E00               	movlw	0
  5689   00175C  6E4B               	movwf	BME280_ReadHumidity@hum^0,c
  5690   00175E  0E00               	movlw	0
  5691   001760  6E4C               	movwf	(BME280_ReadHumidity@hum+1)^0,c
  5692   001762  0E00               	movlw	0
  5693   001764  6E4D               	movwf	(BME280_ReadHumidity@hum+2)^0,c
  5694   001766  0E00               	movlw	0
  5695   001768  6E4E               	movwf	(BME280_ReadHumidity@hum+3)^0,c
  5696   00176A                     l3137:
  5697                           
  5698                           ;bme280.c: 69:     return hum;
  5699   00176A  C04B  F041         	movff	BME280_ReadHumidity@hum,?_BME280_ReadHumidity
  5700   00176E  C04C  F042         	movff	BME280_ReadHumidity@hum+1,?_BME280_ReadHumidity+1
  5701   001772  C04D  F043         	movff	BME280_ReadHumidity@hum+2,?_BME280_ReadHumidity+2
  5702   001776  C04E  F044         	movff	BME280_ReadHumidity@hum+3,?_BME280_ReadHumidity+3
  5703   00177A  0012               	return		;funcret
  5704   00177C                     __end_of_BME280_ReadHumidity:
  5705                           	callstack 0
  5706                           
  5707 ;; *************** function ___flmul *****************
  5708 ;; Defined at:
  5709 ;;		line 8 in file "C:\Program Files\Microchip\xc8\v3.10\pic\sources\c99\common\sprcmul.c"
  5710 ;; Parameters:    Size  Location     Type
  5711 ;;  b               4   14[COMRAM] float 
  5712 ;;  a               4   18[COMRAM] float 
  5713 ;; Auto vars:     Size  Location     Type
  5714 ;;  prod            4   33[COMRAM] struct .
  5715 ;;  grs             4   27[COMRAM] unsigned long 
  5716 ;;  temp            2   37[COMRAM] struct .
  5717 ;;  bexp            1   32[COMRAM] unsigned char 
  5718 ;;  aexp            1   31[COMRAM] unsigned char 
  5719 ;;  sign            1   26[COMRAM] unsigned char 
  5720 ;; Return value:  Size  Location     Type
  5721 ;;                  4   14[COMRAM] unsigned char 
  5722 ;; Registers used:
  5723 ;;		wreg, status,2, status,0, prodl, prodh
  5724 ;; Tracked objects:
  5725 ;;		On entry : 0/0
  5726 ;;		On exit  : 0/0
  5727 ;;		Unchanged: 0/0
  5728 ;; Data sizes:     COMRAM   BANK0   BANK1   BANK2   BANK3   BANK4   BANK5   BANK6   BANK7
  5729 ;;      Params:         8       0       0       0       0       0       0       0       0
  5730 ;;      Locals:        13       0       0       0       0       0       0       0       0
  5731 ;;      Temps:          4       0       0       0       0       0       0       0       0
  5732 ;;      Totals:        25       0       0       0       0       0       0       0       0
  5733 ;;Total ram usage:       25 bytes
  5734 ;; Hardware stack levels used: 1
  5735 ;; This function calls:
  5736 ;;		Nothing
  5737 ;; This function is called by:
  5738 ;;		_leer_temperatura
  5739 ;;		_BME280_ReadHumidity
  5740 ;; This function uses a non-reentrant model
  5741 ;;
  5742                           
  5743                           	psect	text30
  5744   0008EC                     __ptext30:
  5745                           	callstack 0
  5746   0008EC                     ___flmul:
  5747                           	callstack 29
  5748   0008EC  5012               	movf	(___flmul@b+3)^0,w,c
  5749   0008EE  0B80               	andlw	128
  5750   0008F0  6E1B               	movwf	___flmul@sign^0,c
  5751   0008F2  5012               	movf	(___flmul@b+3)^0,w,c
  5752   0008F4  2412               	addwf	(___flmul@b+3)^0,w,c
  5753   0008F6  6E21               	movwf	___flmul@bexp^0,c
  5754   0008F8  AE11               	btfss	(___flmul@b+2)^0,7,c
  5755   0008FA  EF81  F004         	goto	u2011
  5756   0008FE  EF83  F004         	goto	u2010
  5757   000902                     u2011:
  5758   000902  EF84  F004         	goto	l2763
  5759   000906                     u2010:
  5760   000906  8021               	bsf	___flmul@bexp^0,0,c
  5761   000908                     l2763:
  5762   000908  5021               	movf	___flmul@bexp^0,w,c
  5763   00090A  B4D8               	btfsc	status,2,c
  5764   00090C  EF8A  F004         	goto	u2021
  5765   000910  EF8C  F004         	goto	u2020
  5766   000914                     u2021:
  5767   000914  EF9F  F004         	goto	l2771
  5768   000918                     u2020:
  5769   000918  2821               	incf	___flmul@bexp^0,w,c
  5770   00091A  A4D8               	btfss	status,2,c
  5771   00091C  EF92  F004         	goto	u2031
  5772   000920  EF94  F004         	goto	u2030
  5773   000924                     u2031:
  5774   000924  EF9C  F004         	goto	l2769
  5775   000928                     u2030:
  5776   000928  0E00               	movlw	0
  5777   00092A  6E0F               	movwf	___flmul@b^0,c
  5778   00092C  0E00               	movlw	0
  5779   00092E  6E10               	movwf	(___flmul@b+1)^0,c
  5780   000930  0E00               	movlw	0
  5781   000932  6E11               	movwf	(___flmul@b+2)^0,c
  5782   000934  0E00               	movlw	0
  5783   000936  6E12               	movwf	(___flmul@b+3)^0,c
  5784   000938                     l2769:
  5785   000938  8E11               	bsf	(___flmul@b+2)^0,7,c
  5786   00093A  EFA7  F004         	goto	l2773
  5787   00093E                     l2771:
  5788   00093E  0E00               	movlw	0
  5789   000940  6E0F               	movwf	___flmul@b^0,c
  5790   000942  0E00               	movlw	0
  5791   000944  6E10               	movwf	(___flmul@b+1)^0,c
  5792   000946  0E00               	movlw	0
  5793   000948  6E11               	movwf	(___flmul@b+2)^0,c
  5794   00094A  0E00               	movlw	0
  5795   00094C  6E12               	movwf	(___flmul@b+3)^0,c
  5796   00094E                     l2773:
  5797   00094E  5016               	movf	(___flmul@a+3)^0,w,c
  5798   000950  0B80               	andlw	128
  5799   000952  1A1B               	xorwf	___flmul@sign^0,f,c
  5800   000954  5016               	movf	(___flmul@a+3)^0,w,c
  5801   000956  2416               	addwf	(___flmul@a+3)^0,w,c
  5802   000958  6E20               	movwf	___flmul@aexp^0,c
  5803   00095A  AE15               	btfss	(___flmul@a+2)^0,7,c
  5804   00095C  EFB2  F004         	goto	u2041
  5805   000960  EFB4  F004         	goto	u2040
  5806   000964                     u2041:
  5807   000964  EFB5  F004         	goto	l2781
  5808   000968                     u2040:
  5809   000968  8020               	bsf	___flmul@aexp^0,0,c
  5810   00096A                     l2781:
  5811   00096A  5020               	movf	___flmul@aexp^0,w,c
  5812   00096C  B4D8               	btfsc	status,2,c
  5813   00096E  EFBB  F004         	goto	u2051
  5814   000972  EFBD  F004         	goto	u2050
  5815   000976                     u2051:
  5816   000976  EFD0  F004         	goto	l2789
  5817   00097A                     u2050:
  5818   00097A  2820               	incf	___flmul@aexp^0,w,c
  5819   00097C  A4D8               	btfss	status,2,c
  5820   00097E  EFC3  F004         	goto	u2061
  5821   000982  EFC5  F004         	goto	u2060
  5822   000986                     u2061:
  5823   000986  EFCD  F004         	goto	l2787
  5824   00098A                     u2060:
  5825   00098A  0E00               	movlw	0
  5826   00098C  6E13               	movwf	___flmul@a^0,c
  5827   00098E  0E00               	movlw	0
  5828   000990  6E14               	movwf	(___flmul@a+1)^0,c
  5829   000992  0E00               	movlw	0
  5830   000994  6E15               	movwf	(___flmul@a+2)^0,c
  5831   000996  0E00               	movlw	0
  5832   000998  6E16               	movwf	(___flmul@a+3)^0,c
  5833   00099A                     l2787:
  5834   00099A  8E15               	bsf	(___flmul@a+2)^0,7,c
  5835   00099C  EFD8  F004         	goto	l1002
  5836   0009A0                     l2789:
  5837   0009A0  0E00               	movlw	0
  5838   0009A2  6E13               	movwf	___flmul@a^0,c
  5839   0009A4  0E00               	movlw	0
  5840   0009A6  6E14               	movwf	(___flmul@a+1)^0,c
  5841   0009A8  0E00               	movlw	0
  5842   0009AA  6E15               	movwf	(___flmul@a+2)^0,c
  5843   0009AC  0E00               	movlw	0
  5844   0009AE  6E16               	movwf	(___flmul@a+3)^0,c
  5845   0009B0                     l1002:
  5846   0009B0  5020               	movf	___flmul@aexp^0,w,c
  5847   0009B2  B4D8               	btfsc	status,2,c
  5848   0009B4  EFDE  F004         	goto	u2071
  5849   0009B8  EFE0  F004         	goto	u2070
  5850   0009BC                     u2071:
  5851   0009BC  EFE8  F004         	goto	l2793
  5852   0009C0                     u2070:
  5853   0009C0  5021               	movf	___flmul@bexp^0,w,c
  5854   0009C2  A4D8               	btfss	status,2,c
  5855   0009C4  EFE6  F004         	goto	u2081
  5856   0009C8  EFE8  F004         	goto	u2080
  5857   0009CC                     u2081:
  5858   0009CC  EFF2  F004         	goto	l2797
  5859   0009D0                     u2080:
  5860   0009D0                     l2793:
  5861   0009D0  0E00               	movlw	0
  5862   0009D2  6E0F               	movwf	?___flmul^0,c
  5863   0009D4  0E00               	movlw	0
  5864   0009D6  6E10               	movwf	(?___flmul+1)^0,c
  5865   0009D8  0E00               	movlw	0
  5866   0009DA  6E11               	movwf	(?___flmul+2)^0,c
  5867   0009DC  0E00               	movlw	0
  5868   0009DE  6E12               	movwf	(?___flmul+3)^0,c
  5869   0009E0  EF88  F006         	goto	l1006
  5870   0009E4                     l2797:
  5871   0009E4  5015               	movf	(___flmul@a+2)^0,w,c
  5872   0009E6  020F               	mulwf	___flmul@b^0,c
  5873   0009E8  CFF3 F026          	movff	prodl,___flmul@temp
  5874   0009EC  CFF4 F027          	movff	prodh,___flmul@temp+1
  5875   0009F0  5026               	movf	___flmul@temp^0,w,c
  5876   0009F2  6E1C               	movwf	___flmul@grs^0,c
  5877   0009F4  6A1D               	clrf	(___flmul@grs+1)^0,c
  5878   0009F6  6A1E               	clrf	(___flmul@grs+2)^0,c
  5879   0009F8  6A1F               	clrf	(___flmul@grs+3)^0,c
  5880   0009FA  5027               	movf	(___flmul@temp+1)^0,w,c
  5881   0009FC  6E22               	movwf	___flmul@prod^0,c
  5882   0009FE  6A23               	clrf	(___flmul@prod+1)^0,c
  5883   000A00  6A24               	clrf	(___flmul@prod+2)^0,c
  5884   000A02  6A25               	clrf	(___flmul@prod+3)^0,c
  5885   000A04  5014               	movf	(___flmul@a+1)^0,w,c
  5886   000A06  0210               	mulwf	(___flmul@b+1)^0,c
  5887   000A08  CFF3 F026          	movff	prodl,___flmul@temp
  5888   000A0C  CFF4 F027          	movff	prodh,___flmul@temp+1
  5889   000A10  5026               	movf	___flmul@temp^0,w,c
  5890   000A12  261C               	addwf	___flmul@grs^0,f,c
  5891   000A14  0E00               	movlw	0
  5892   000A16  221D               	addwfc	(___flmul@grs+1)^0,f,c
  5893   000A18  221E               	addwfc	(___flmul@grs+2)^0,f,c
  5894   000A1A  221F               	addwfc	(___flmul@grs+3)^0,f,c
  5895   000A1C  5027               	movf	(___flmul@temp+1)^0,w,c
  5896   000A1E  2622               	addwf	___flmul@prod^0,f,c
  5897   000A20  0E00               	movlw	0
  5898   000A22  2223               	addwfc	(___flmul@prod+1)^0,f,c
  5899   000A24  2224               	addwfc	(___flmul@prod+2)^0,f,c
  5900   000A26  2225               	addwfc	(___flmul@prod+3)^0,f,c
  5901   000A28  5013               	movf	___flmul@a^0,w,c
  5902   000A2A  0211               	mulwf	(___flmul@b+2)^0,c
  5903   000A2C  CFF3 F026          	movff	prodl,___flmul@temp
  5904   000A30  CFF4 F027          	movff	prodh,___flmul@temp+1
  5905   000A34  5026               	movf	___flmul@temp^0,w,c
  5906   000A36  261C               	addwf	___flmul@grs^0,f,c
  5907   000A38  0E00               	movlw	0
  5908   000A3A  221D               	addwfc	(___flmul@grs+1)^0,f,c
  5909   000A3C  221E               	addwfc	(___flmul@grs+2)^0,f,c
  5910   000A3E  221F               	addwfc	(___flmul@grs+3)^0,f,c
  5911   000A40  5027               	movf	(___flmul@temp+1)^0,w,c
  5912   000A42  2622               	addwf	___flmul@prod^0,f,c
  5913   000A44  0E00               	movlw	0
  5914   000A46  2223               	addwfc	(___flmul@prod+1)^0,f,c
  5915   000A48  2224               	addwfc	(___flmul@prod+2)^0,f,c
  5916   000A4A  2225               	addwfc	(___flmul@prod+3)^0,f,c
  5917   000A4C  C01E  F01F         	movff	___flmul@grs+2,___flmul@grs+3
  5918   000A50  C01D  F01E         	movff	___flmul@grs+1,___flmul@grs+2
  5919   000A54  C01C  F01D         	movff	___flmul@grs,___flmul@grs+1
  5920   000A58  6A1C               	clrf	___flmul@grs^0,c
  5921   000A5A  5013               	movf	___flmul@a^0,w,c
  5922   000A5C  0210               	mulwf	(___flmul@b+1)^0,c
  5923   000A5E  CFF3 F026          	movff	prodl,___flmul@temp
  5924   000A62  CFF4 F027          	movff	prodh,___flmul@temp+1
  5925   000A66  5026               	movf	___flmul@temp^0,w,c
  5926   000A68  261C               	addwf	___flmul@grs^0,f,c
  5927   000A6A  5027               	movf	(___flmul@temp+1)^0,w,c
  5928   000A6C  221D               	addwfc	(___flmul@grs+1)^0,f,c
  5929   000A6E  0E00               	movlw	0
  5930   000A70  221E               	addwfc	(___flmul@grs+2)^0,f,c
  5931   000A72  0E00               	movlw	0
  5932   000A74  221F               	addwfc	(___flmul@grs+3)^0,f,c
  5933   000A76  5014               	movf	(___flmul@a+1)^0,w,c
  5934   000A78  020F               	mulwf	___flmul@b^0,c
  5935   000A7A  CFF3 F026          	movff	prodl,___flmul@temp
  5936   000A7E  CFF4 F027          	movff	prodh,___flmul@temp+1
  5937   000A82  5026               	movf	___flmul@temp^0,w,c
  5938   000A84  261C               	addwf	___flmul@grs^0,f,c
  5939   000A86  5027               	movf	(___flmul@temp+1)^0,w,c
  5940   000A88  221D               	addwfc	(___flmul@grs+1)^0,f,c
  5941   000A8A  0E00               	movlw	0
  5942   000A8C  221E               	addwfc	(___flmul@grs+2)^0,f,c
  5943   000A8E  0E00               	movlw	0
  5944   000A90  221F               	addwfc	(___flmul@grs+3)^0,f,c
  5945   000A92  C01E  F01F         	movff	___flmul@grs+2,___flmul@grs+3
  5946   000A96  C01D  F01E         	movff	___flmul@grs+1,___flmul@grs+2
  5947   000A9A  C01C  F01D         	movff	___flmul@grs,___flmul@grs+1
  5948   000A9E  6A1C               	clrf	___flmul@grs^0,c
  5949   000AA0  5013               	movf	___flmul@a^0,w,c
  5950   000AA2  020F               	mulwf	___flmul@b^0,c
  5951   000AA4  CFF3 F026          	movff	prodl,___flmul@temp
  5952   000AA8  CFF4 F027          	movff	prodh,___flmul@temp+1
  5953   000AAC  5026               	movf	___flmul@temp^0,w,c
  5954   000AAE  261C               	addwf	___flmul@grs^0,f,c
  5955   000AB0  5027               	movf	(___flmul@temp+1)^0,w,c
  5956   000AB2  221D               	addwfc	(___flmul@grs+1)^0,f,c
  5957   000AB4  0E00               	movlw	0
  5958   000AB6  221E               	addwfc	(___flmul@grs+2)^0,f,c
  5959   000AB8  0E00               	movlw	0
  5960   000ABA  221F               	addwfc	(___flmul@grs+3)^0,f,c
  5961   000ABC  5015               	movf	(___flmul@a+2)^0,w,c
  5962   000ABE  0210               	mulwf	(___flmul@b+1)^0,c
  5963   000AC0  CFF3 F026          	movff	prodl,___flmul@temp
  5964   000AC4  CFF4 F027          	movff	prodh,___flmul@temp+1
  5965   000AC8  5026               	movf	___flmul@temp^0,w,c
  5966   000ACA  2622               	addwf	___flmul@prod^0,f,c
  5967   000ACC  5027               	movf	(___flmul@temp+1)^0,w,c
  5968   000ACE  2223               	addwfc	(___flmul@prod+1)^0,f,c
  5969   000AD0  0E00               	movlw	0
  5970   000AD2  2224               	addwfc	(___flmul@prod+2)^0,f,c
  5971   000AD4  0E00               	movlw	0
  5972   000AD6  2225               	addwfc	(___flmul@prod+3)^0,f,c
  5973   000AD8  5014               	movf	(___flmul@a+1)^0,w,c
  5974   000ADA  0211               	mulwf	(___flmul@b+2)^0,c
  5975   000ADC  CFF3 F026          	movff	prodl,___flmul@temp
  5976   000AE0  CFF4 F027          	movff	prodh,___flmul@temp+1
  5977   000AE4  5026               	movf	___flmul@temp^0,w,c
  5978   000AE6  2622               	addwf	___flmul@prod^0,f,c
  5979   000AE8  5027               	movf	(___flmul@temp+1)^0,w,c
  5980   000AEA  2223               	addwfc	(___flmul@prod+1)^0,f,c
  5981   000AEC  0E00               	movlw	0
  5982   000AEE  2224               	addwfc	(___flmul@prod+2)^0,f,c
  5983   000AF0  0E00               	movlw	0
  5984   000AF2  2225               	addwfc	(___flmul@prod+3)^0,f,c
  5985   000AF4  5015               	movf	(___flmul@a+2)^0,w,c
  5986   000AF6  0211               	mulwf	(___flmul@b+2)^0,c
  5987   000AF8  CFF3 F026          	movff	prodl,___flmul@temp
  5988   000AFC  CFF4 F027          	movff	prodh,___flmul@temp+1
  5989   000B00  5026               	movf	___flmul@temp^0,w,c
  5990   000B02  6E17               	movwf	??___flmul^0,c
  5991   000B04  5027               	movf	(___flmul@temp+1)^0,w,c
  5992   000B06  6E18               	movwf	(??___flmul+1)^0,c
  5993   000B08  6A19               	clrf	(??___flmul+2)^0,c
  5994   000B0A  6A1A               	clrf	(??___flmul+3)^0,c
  5995   000B0C  C019  F01A         	movff	??___flmul+2,??___flmul+3
  5996   000B10  C018  F019         	movff	??___flmul+1,??___flmul+2
  5997   000B14  C017  F018         	movff	??___flmul,??___flmul+1
  5998   000B18  6A17               	clrf	??___flmul^0,c
  5999   000B1A  5017               	movf	??___flmul^0,w,c
  6000   000B1C  2622               	addwf	___flmul@prod^0,f,c
  6001   000B1E  5018               	movf	(??___flmul+1)^0,w,c
  6002   000B20  2223               	addwfc	(___flmul@prod+1)^0,f,c
  6003   000B22  5019               	movf	(??___flmul+2)^0,w,c
  6004   000B24  2224               	addwfc	(___flmul@prod+2)^0,f,c
  6005   000B26  501A               	movf	(??___flmul+3)^0,w,c
  6006   000B28  2225               	addwfc	(___flmul@prod+3)^0,f,c
  6007   000B2A  C01C  F017         	movff	___flmul@grs,??___flmul
  6008   000B2E  C01D  F018         	movff	___flmul@grs+1,??___flmul+1
  6009   000B32  C01E  F019         	movff	___flmul@grs+2,??___flmul+2
  6010   000B36  C01F  F01A         	movff	___flmul@grs+3,??___flmul+3
  6011   000B3A  0E19               	movlw	25
  6012   000B3C  EFA5  F005         	goto	u2090
  6013   000B40                     u2095:
  6014   000B40  90D8               	bcf	status,0,c
  6015   000B42  321A               	rrcf	(??___flmul+3)^0,f,c
  6016   000B44  3219               	rrcf	(??___flmul+2)^0,f,c
  6017   000B46  3218               	rrcf	(??___flmul+1)^0,f,c
  6018   000B48  3217               	rrcf	??___flmul^0,f,c
  6019   000B4A                     u2090:
  6020   000B4A  2EE8               	decfsz	wreg,f,c
  6021   000B4C  EFA0  F005         	goto	u2095
  6022   000B50  5017               	movf	??___flmul^0,w,c
  6023   000B52  2622               	addwf	___flmul@prod^0,f,c
  6024   000B54  5018               	movf	(??___flmul+1)^0,w,c
  6025   000B56  2223               	addwfc	(___flmul@prod+1)^0,f,c
  6026   000B58  5019               	movf	(??___flmul+2)^0,w,c
  6027   000B5A  2224               	addwfc	(___flmul@prod+2)^0,f,c
  6028   000B5C  501A               	movf	(??___flmul+3)^0,w,c
  6029   000B5E  2225               	addwfc	(___flmul@prod+3)^0,f,c
  6030   000B60  C01E  F01F         	movff	___flmul@grs+2,___flmul@grs+3
  6031   000B64  C01D  F01E         	movff	___flmul@grs+1,___flmul@grs+2
  6032   000B68  C01C  F01D         	movff	___flmul@grs,___flmul@grs+1
  6033   000B6C  6A1C               	clrf	___flmul@grs^0,c
  6034   000B6E  5020               	movf	___flmul@aexp^0,w,c
  6035   000B70  C021  F017         	movff	___flmul@bexp,??___flmul
  6036   000B74  6A18               	clrf	(??___flmul+1)^0,c
  6037   000B76  2617               	addwf	??___flmul^0,f,c
  6038   000B78  0E00               	movlw	0
  6039   000B7A  2218               	addwfc	(??___flmul+1)^0,f,c
  6040   000B7C  0E82               	movlw	130
  6041   000B7E  2417               	addwf	??___flmul^0,w,c
  6042   000B80  6E26               	movwf	___flmul@temp^0,c
  6043   000B82  0EFF               	movlw	255
  6044   000B84  2018               	addwfc	(??___flmul+1)^0,w,c
  6045   000B86  6E27               	movwf	(___flmul@temp+1)^0,c
  6046   000B88  EFDB  F005         	goto	l2845
  6047   000B8C                     l2839:
  6048   000B8C  90D8               	bcf	status,0,c
  6049   000B8E  3622               	rlcf	___flmul@prod^0,f,c
  6050   000B90  3623               	rlcf	(___flmul@prod+1)^0,f,c
  6051   000B92  3624               	rlcf	(___flmul@prod+2)^0,f,c
  6052   000B94  3625               	rlcf	(___flmul@prod+3)^0,f,c
  6053   000B96  AE1F               	btfss	(___flmul@grs+3)^0,7,c
  6054   000B98  EFD0  F005         	goto	u2101
  6055   000B9C  EFD2  F005         	goto	u2100
  6056   000BA0                     u2101:
  6057   000BA0  EFD3  F005         	goto	l1009
  6058   000BA4                     u2100:
  6059   000BA4  8022               	bsf	___flmul@prod^0,0,c
  6060   000BA6                     l1009:
  6061   000BA6  90D8               	bcf	status,0,c
  6062   000BA8  361C               	rlcf	___flmul@grs^0,f,c
  6063   000BAA  361D               	rlcf	(___flmul@grs+1)^0,f,c
  6064   000BAC  361E               	rlcf	(___flmul@grs+2)^0,f,c
  6065   000BAE  361F               	rlcf	(___flmul@grs+3)^0,f,c
  6066   000BB0  0626               	decf	___flmul@temp^0,f,c
  6067   000BB2  A0D8               	btfss	status,0,c
  6068   000BB4  0627               	decf	(___flmul@temp+1)^0,f,c
  6069   000BB6                     l2845:
  6070   000BB6  AE24               	btfss	(___flmul@prod+2)^0,7,c
  6071   000BB8  EFE0  F005         	goto	u2111
  6072   000BBC  EFE2  F005         	goto	u2110
  6073   000BC0                     u2111:
  6074   000BC0  EFC6  F005         	goto	l2839
  6075   000BC4                     u2110:
  6076   000BC4  6A20               	clrf	___flmul@aexp^0,c
  6077   000BC6  AE1F               	btfss	(___flmul@grs+3)^0,7,c
  6078   000BC8  EFE8  F005         	goto	u2121
  6079   000BCC  EFEA  F005         	goto	u2120
  6080   000BD0                     u2121:
  6081   000BD0  EF0E  F006         	goto	l1011
  6082   000BD4                     u2120:
  6083   000BD4  0EFF               	movlw	255
  6084   000BD6  141C               	andwf	___flmul@grs^0,w,c
  6085   000BD8  6E17               	movwf	??___flmul^0,c
  6086   000BDA  0EFF               	movlw	255
  6087   000BDC  141D               	andwf	(___flmul@grs+1)^0,w,c
  6088   000BDE  6E18               	movwf	(??___flmul+1)^0,c
  6089   000BE0  0EFF               	movlw	255
  6090   000BE2  141E               	andwf	(___flmul@grs+2)^0,w,c
  6091   000BE4  6E19               	movwf	(??___flmul+2)^0,c
  6092   000BE6  0E7F               	movlw	127
  6093   000BE8  141F               	andwf	(___flmul@grs+3)^0,w,c
  6094   000BEA  6E1A               	movwf	(??___flmul+3)^0,c
  6095   000BEC  5017               	movf	??___flmul^0,w,c
  6096   000BEE  1018               	iorwf	(??___flmul+1)^0,w,c
  6097   000BF0  1019               	iorwf	(??___flmul+2)^0,w,c
  6098   000BF2  101A               	iorwf	(??___flmul+3)^0,w,c
  6099   000BF4  B4D8               	btfsc	status,2,c
  6100   000BF6  EFFF  F005         	goto	u2131
  6101   000BFA  EF01  F006         	goto	u2130
  6102   000BFE                     u2131:
  6103   000BFE  EF05  F006         	goto	l1012
  6104   000C02                     u2130:
  6105   000C02                     l2849:
  6106   000C02  0E01               	movlw	1
  6107   000C04  6E20               	movwf	___flmul@aexp^0,c
  6108   000C06  EF0E  F006         	goto	l1011
  6109   000C0A                     l1012:
  6110   000C0A  A022               	btfss	___flmul@prod^0,0,c
  6111   000C0C  EF0A  F006         	goto	u2141
  6112   000C10  EF0C  F006         	goto	u2140
  6113   000C14                     u2141:
  6114   000C14  EF0E  F006         	goto	l1011
  6115   000C18                     u2140:
  6116   000C18  EF01  F006         	goto	l2849
  6117   000C1C                     l1011:
  6118   000C1C  5020               	movf	___flmul@aexp^0,w,c
  6119   000C1E  B4D8               	btfsc	status,2,c
  6120   000C20  EF14  F006         	goto	u2151
  6121   000C24  EF16  F006         	goto	u2150
  6122   000C28                     u2151:
  6123   000C28  EF3A  F006         	goto	l2861
  6124   000C2C                     u2150:
  6125   000C2C  0E01               	movlw	1
  6126   000C2E  2622               	addwf	___flmul@prod^0,f,c
  6127   000C30  0E00               	movlw	0
  6128   000C32  2223               	addwfc	(___flmul@prod+1)^0,f,c
  6129   000C34  2224               	addwfc	(___flmul@prod+2)^0,f,c
  6130   000C36  2225               	addwfc	(___flmul@prod+3)^0,f,c
  6131   000C38  A025               	btfss	(___flmul@prod+3)^0,0,c
  6132   000C3A  EF21  F006         	goto	u2161
  6133   000C3E  EF23  F006         	goto	u2160
  6134   000C42                     u2161:
  6135   000C42  EF3A  F006         	goto	l2861
  6136   000C46                     u2160:
  6137   000C46  C022  F017         	movff	___flmul@prod,??___flmul
  6138   000C4A  C023  F018         	movff	___flmul@prod+1,??___flmul+1
  6139   000C4E  C024  F019         	movff	___flmul@prod+2,??___flmul+2
  6140   000C52  C025  F01A         	movff	___flmul@prod+3,??___flmul+3
  6141   000C56  341A               	rlcf	(??___flmul+3)^0,w,c
  6142   000C58  321A               	rrcf	(??___flmul+3)^0,f,c
  6143   000C5A  3219               	rrcf	(??___flmul+2)^0,f,c
  6144   000C5C  3218               	rrcf	(??___flmul+1)^0,f,c
  6145   000C5E  3217               	rrcf	??___flmul^0,f,c
  6146   000C60  C017  F022         	movff	??___flmul,___flmul@prod
  6147   000C64  C018  F023         	movff	??___flmul+1,___flmul@prod+1
  6148   000C68  C019  F024         	movff	??___flmul+2,___flmul@prod+2
  6149   000C6C  C01A  F025         	movff	??___flmul+3,___flmul@prod+3
  6150   000C70  4A26               	infsnz	___flmul@temp^0,f,c
  6151   000C72  2A27               	incf	(___flmul@temp+1)^0,f,c
  6152   000C74                     l2861:
  6153   000C74  BE27               	btfsc	(___flmul@temp+1)^0,7,c
  6154   000C76  EF45  F006         	goto	u2171
  6155   000C7A  5027               	movf	(___flmul@temp+1)^0,w,c
  6156   000C7C  E108               	bnz	u2170
  6157   000C7E  2826               	incf	___flmul@temp^0,w,c
  6158   000C80  A0D8               	btfss	status,0,c
  6159   000C82  EF45  F006         	goto	u2171
  6160   000C86  EF47  F006         	goto	u2170
  6161   000C8A                     u2171:
  6162   000C8A  EF51  F006         	goto	l2865
  6163   000C8E                     u2170:
  6164   000C8E  0E00               	movlw	0
  6165   000C90  6E22               	movwf	___flmul@prod^0,c
  6166   000C92  0E00               	movlw	0
  6167   000C94  6E23               	movwf	(___flmul@prod+1)^0,c
  6168   000C96  0E80               	movlw	128
  6169   000C98  6E24               	movwf	(___flmul@prod+2)^0,c
  6170   000C9A  0E7F               	movlw	127
  6171   000C9C  6E25               	movwf	(___flmul@prod+3)^0,c
  6172   000C9E  EF7E  F006         	goto	l2879
  6173   000CA2                     l2865:
  6174   000CA2  BE27               	btfsc	(___flmul@temp+1)^0,7,c
  6175   000CA4  EF5E  F006         	goto	u2180
  6176   000CA8  5027               	movf	(___flmul@temp+1)^0,w,c
  6177   000CAA  E106               	bnz	u2181
  6178   000CAC  0426               	decf	___flmul@temp^0,w,c
  6179   000CAE  B0D8               	btfsc	status,0,c
  6180   000CB0  EF5C  F006         	goto	u2181
  6181   000CB4  EF5E  F006         	goto	u2180
  6182   000CB8                     u2181:
  6183   000CB8  EF69  F006         	goto	l1019
  6184   000CBC                     u2180:
  6185   000CBC  0E00               	movlw	0
  6186   000CBE  6E22               	movwf	___flmul@prod^0,c
  6187   000CC0  0E00               	movlw	0
  6188   000CC2  6E23               	movwf	(___flmul@prod+1)^0,c
  6189   000CC4  0E00               	movlw	0
  6190   000CC6  6E24               	movwf	(___flmul@prod+2)^0,c
  6191   000CC8  0E00               	movlw	0
  6192   000CCA  6E25               	movwf	(___flmul@prod+3)^0,c
  6193   000CCC  6A1B               	clrf	___flmul@sign^0,c
  6194   000CCE  EF7E  F006         	goto	l2879
  6195   000CD2                     l1019:
  6196   000CD2  C026  F021         	movff	___flmul@temp,___flmul@bexp
  6197   000CD6  0EFF               	movlw	255
  6198   000CD8  1622               	andwf	___flmul@prod^0,f,c
  6199   000CDA  0EFF               	movlw	255
  6200   000CDC  1623               	andwf	(___flmul@prod+1)^0,f,c
  6201   000CDE  0E7F               	movlw	127
  6202   000CE0  1624               	andwf	(___flmul@prod+2)^0,f,c
  6203   000CE2  0E00               	movlw	0
  6204   000CE4  1625               	andwf	(___flmul@prod+3)^0,f,c
  6205   000CE6  A021               	btfss	___flmul@bexp^0,0,c
  6206   000CE8  EF78  F006         	goto	u2191
  6207   000CEC  EF7A  F006         	goto	u2190
  6208   000CF0                     u2191:
  6209   000CF0  EF7B  F006         	goto	l2877
  6210   000CF4                     u2190:
  6211   000CF4  8E24               	bsf	(___flmul@prod+2)^0,7,c
  6212   000CF6                     l2877:
  6213   000CF6  90D8               	bcf	status,0,c
  6214   000CF8  3021               	rrcf	___flmul@bexp^0,w,c
  6215   000CFA  6E25               	movwf	(___flmul@prod+3)^0,c
  6216   000CFC                     l2879:
  6217   000CFC  501B               	movf	___flmul@sign^0,w,c
  6218   000CFE  1225               	iorwf	(___flmul@prod+3)^0,f,c
  6219   000D00  C022  F00F         	movff	___flmul@prod,?___flmul
  6220   000D04  C023  F010         	movff	___flmul@prod+1,?___flmul+1
  6221   000D08  C024  F011         	movff	___flmul@prod+2,?___flmul+2
  6222   000D0C  C025  F012         	movff	___flmul@prod+3,?___flmul+3
  6223   000D10                     l1006:
  6224   000D10  0012               	return		;funcret
  6225   000D12                     __end_of___flmul:
  6226                           	callstack 0
  6227                           
  6228 ;; *************** function ___flge *****************
  6229 ;; Defined at:
  6230 ;;		line 4 in file "C:\Program Files\Microchip\xc8\v3.10\pic\sources\c99\common\flge.c"
  6231 ;; Parameters:    Size  Location     Type
  6232 ;;  ff1             4    0[COMRAM] unsigned char 
  6233 ;;  ff2             4    4[COMRAM] unsigned char 
  6234 ;; Auto vars:     Size  Location     Type
  6235 ;;		None
  6236 ;; Return value:  Size  Location     Type
  6237 ;;		None               void
  6238 ;; Registers used:
  6239 ;;		wreg, status,2, status,0
  6240 ;; Tracked objects:
  6241 ;;		On entry : 0/0
  6242 ;;		On exit  : 0/0
  6243 ;;		Unchanged: 0/0
  6244 ;; Data sizes:     COMRAM   BANK0   BANK1   BANK2   BANK3   BANK4   BANK5   BANK6   BANK7
  6245 ;;      Params:         8       0       0       0       0       0       0       0       0
  6246 ;;      Locals:         0       0       0       0       0       0       0       0       0
  6247 ;;      Temps:          4       0       0       0       0       0       0       0       0
  6248 ;;      Totals:        12       0       0       0       0       0       0       0       0
  6249 ;;Total ram usage:       12 bytes
  6250 ;; Hardware stack levels used: 1
  6251 ;; This function calls:
  6252 ;;		Nothing
  6253 ;; This function is called by:
  6254 ;;		_control_temperatura
  6255 ;;		_control_luz
  6256 ;;		_control_humedad
  6257 ;;		_BME280_ReadHumidity
  6258 ;; This function uses a non-reentrant model
  6259 ;;
  6260                           
  6261                           	psect	text31
  6262   0019A2                     __ptext31:
  6263                           	callstack 0
  6264   0019A2                     ___flge:
  6265                           	callstack 29
  6266   0019A2  0E00               	movlw	0
  6267   0019A4  1401               	andwf	___flge@ff1^0,w,c
  6268   0019A6  6E09               	movwf	??___flge^0,c
  6269   0019A8  0E00               	movlw	0
  6270   0019AA  1402               	andwf	(___flge@ff1+1)^0,w,c
  6271   0019AC  6E0A               	movwf	(??___flge+1)^0,c
  6272   0019AE  0E80               	movlw	128
  6273   0019B0  1403               	andwf	(___flge@ff1+2)^0,w,c
  6274   0019B2  6E0B               	movwf	(??___flge+2)^0,c
  6275   0019B4  0E7F               	movlw	127
  6276   0019B6  1404               	andwf	(___flge@ff1+3)^0,w,c
  6277   0019B8  6E0C               	movwf	(??___flge+3)^0,c
  6278   0019BA  5009               	movf	??___flge^0,w,c
  6279   0019BC  100A               	iorwf	(??___flge+1)^0,w,c
  6280   0019BE  100B               	iorwf	(??___flge+2)^0,w,c
  6281   0019C0  100C               	iorwf	(??___flge+3)^0,w,c
  6282   0019C2  A4D8               	btfss	status,2,c
  6283   0019C4  EFE6  F00C         	goto	u2201
  6284   0019C8  EFE8  F00C         	goto	u2200
  6285   0019CC                     u2201:
  6286   0019CC  EFF0  F00C         	goto	l2889
  6287   0019D0                     u2200:
  6288   0019D0  0E00               	movlw	0
  6289   0019D2  6E01               	movwf	___flge@ff1^0,c
  6290   0019D4  0E00               	movlw	0
  6291   0019D6  6E02               	movwf	(___flge@ff1+1)^0,c
  6292   0019D8  0E00               	movlw	0
  6293   0019DA  6E03               	movwf	(___flge@ff1+2)^0,c
  6294   0019DC  0E00               	movlw	0
  6295   0019DE  6E04               	movwf	(___flge@ff1+3)^0,c
  6296   0019E0                     l2889:
  6297   0019E0  0E00               	movlw	0
  6298   0019E2  1405               	andwf	___flge@ff2^0,w,c
  6299   0019E4  6E09               	movwf	??___flge^0,c
  6300   0019E6  0E00               	movlw	0
  6301   0019E8  1406               	andwf	(___flge@ff2+1)^0,w,c
  6302   0019EA  6E0A               	movwf	(??___flge+1)^0,c
  6303   0019EC  0E80               	movlw	128
  6304   0019EE  1407               	andwf	(___flge@ff2+2)^0,w,c
  6305   0019F0  6E0B               	movwf	(??___flge+2)^0,c
  6306   0019F2  0E7F               	movlw	127
  6307   0019F4  1408               	andwf	(___flge@ff2+3)^0,w,c
  6308   0019F6  6E0C               	movwf	(??___flge+3)^0,c
  6309   0019F8  5009               	movf	??___flge^0,w,c
  6310   0019FA  100A               	iorwf	(??___flge+1)^0,w,c
  6311   0019FC  100B               	iorwf	(??___flge+2)^0,w,c
  6312   0019FE  100C               	iorwf	(??___flge+3)^0,w,c
  6313   001A00  A4D8               	btfss	status,2,c
  6314   001A02  EF05  F00D         	goto	u2211
  6315   001A06  EF07  F00D         	goto	u2210
  6316   001A0A                     u2211:
  6317   001A0A  EF0F  F00D         	goto	l2893
  6318   001A0E                     u2210:
  6319   001A0E  0E00               	movlw	0
  6320   001A10  6E05               	movwf	___flge@ff2^0,c
  6321   001A12  0E00               	movlw	0
  6322   001A14  6E06               	movwf	(___flge@ff2+1)^0,c
  6323   001A16  0E00               	movlw	0
  6324   001A18  6E07               	movwf	(___flge@ff2+2)^0,c
  6325   001A1A  0E00               	movlw	0
  6326   001A1C  6E08               	movwf	(___flge@ff2+3)^0,c
  6327   001A1E                     l2893:
  6328   001A1E  AE04               	btfss	(___flge@ff1+3)^0,7,c
  6329   001A20  EF14  F00D         	goto	u2221
  6330   001A24  EF16  F00D         	goto	u2220
  6331   001A28                     u2221:
  6332   001A28  EF1F  F00D         	goto	l2897
  6333   001A2C                     u2220:
  6334   001A2C  6C01               	negf	___flge@ff1^0,c
  6335   001A2E  1E02               	comf	(___flge@ff1+1)^0,f,c
  6336   001A30  B0D8               	btfsc	status,0,c
  6337   001A32  2A02               	incf	(___flge@ff1+1)^0,f,c
  6338   001A34  1E03               	comf	(___flge@ff1+2)^0,f,c
  6339   001A36  B0D8               	btfsc	status,0,c
  6340   001A38  2A03               	incf	(___flge@ff1+2)^0,f,c
  6341   001A3A  0E80               	movlw	128
  6342   001A3C  5604               	subfwb	(___flge@ff1+3)^0,f,c
  6343   001A3E                     l2897:
  6344   001A3E  AE08               	btfss	(___flge@ff2+3)^0,7,c
  6345   001A40  EF24  F00D         	goto	u2231
  6346   001A44  EF26  F00D         	goto	u2230
  6347   001A48                     u2231:
  6348   001A48  EF2F  F00D         	goto	l653
  6349   001A4C                     u2230:
  6350   001A4C  6C05               	negf	___flge@ff2^0,c
  6351   001A4E  1E06               	comf	(___flge@ff2+1)^0,f,c
  6352   001A50  B0D8               	btfsc	status,0,c
  6353   001A52  2A06               	incf	(___flge@ff2+1)^0,f,c
  6354   001A54  1E07               	comf	(___flge@ff2+2)^0,f,c
  6355   001A56  B0D8               	btfsc	status,0,c
  6356   001A58  2A07               	incf	(___flge@ff2+2)^0,f,c
  6357   001A5A  0E80               	movlw	128
  6358   001A5C  5608               	subfwb	(___flge@ff2+3)^0,f,c
  6359   001A5E                     l653:
  6360   001A5E  0E00               	movlw	0
  6361   001A60  1A01               	xorwf	___flge@ff1^0,f,c
  6362   001A62  0E00               	movlw	0
  6363   001A64  1A02               	xorwf	(___flge@ff1+1)^0,f,c
  6364   001A66  0E00               	movlw	0
  6365   001A68  1A03               	xorwf	(___flge@ff1+2)^0,f,c
  6366   001A6A  0E80               	movlw	128
  6367   001A6C  1A04               	xorwf	(___flge@ff1+3)^0,f,c
  6368   001A6E  0E00               	movlw	0
  6369   001A70  1A05               	xorwf	___flge@ff2^0,f,c
  6370   001A72  0E00               	movlw	0
  6371   001A74  1A06               	xorwf	(___flge@ff2+1)^0,f,c
  6372   001A76  0E00               	movlw	0
  6373   001A78  1A07               	xorwf	(___flge@ff2+2)^0,f,c
  6374   001A7A  0E80               	movlw	128
  6375   001A7C  1A08               	xorwf	(___flge@ff2+3)^0,f,c
  6376   001A7E  5005               	movf	___flge@ff2^0,w,c
  6377   001A80  5C01               	subwf	___flge@ff1^0,w,c
  6378   001A82  5006               	movf	(___flge@ff2+1)^0,w,c
  6379   001A84  5802               	subwfb	(___flge@ff1+1)^0,w,c
  6380   001A86  5007               	movf	(___flge@ff2+2)^0,w,c
  6381   001A88  5803               	subwfb	(___flge@ff1+2)^0,w,c
  6382   001A8A  5008               	movf	(___flge@ff2+3)^0,w,c
  6383   001A8C  5804               	subwfb	(___flge@ff1+3)^0,w,c
  6384   001A8E  B0D8               	btfsc	status,0,c
  6385   001A90  EF4C  F00D         	goto	u2241
  6386   001A94  EF4E  F00D         	goto	u2240
  6387   001A98                     u2241:
  6388   001A98  EF51  F00D         	goto	l2903
  6389   001A9C                     u2240:
  6390   001A9C  90D8               	bcf	status,0,c
  6391   001A9E  EF52  F00D         	goto	l658
  6392   001AA2                     l2903:
  6393   001AA2  80D8               	bsf	status,0,c
  6394   001AA4                     l658:
  6395   001AA4  0012               	return		;funcret
  6396   001AA6                     __end_of___flge:
  6397                           	callstack 0
  6398                           
  6399 ;; *************** function _BME280_Read *****************
  6400 ;; Defined at:
  6401 ;;		line 18 in file "bme280.c"
  6402 ;; Parameters:    Size  Location     Type
  6403 ;;  reg             1    wreg     unsigned char 
  6404 ;; Auto vars:     Size  Location     Type
  6405 ;;  reg             1    4[COMRAM] unsigned char 
  6406 ;;  data            1    5[COMRAM] unsigned char 
  6407 ;; Return value:  Size  Location     Type
  6408 ;;                  1    wreg      unsigned char 
  6409 ;; Registers used:
  6410 ;;		wreg, status,2, status,0, cstack
  6411 ;; Tracked objects:
  6412 ;;		On entry : 0/0
  6413 ;;		On exit  : 0/0
  6414 ;;		Unchanged: 0/0
  6415 ;; Data sizes:     COMRAM   BANK0   BANK1   BANK2   BANK3   BANK4   BANK5   BANK6   BANK7
  6416 ;;      Params:         0       0       0       0       0       0       0       0       0
  6417 ;;      Locals:         2       0       0       0       0       0       0       0       0
  6418 ;;      Temps:          0       0       0       0       0       0       0       0       0
  6419 ;;      Totals:         2       0       0       0       0       0       0       0       0
  6420 ;;Total ram usage:        2 bytes
  6421 ;; Hardware stack levels used: 1
  6422 ;; Hardware stack levels required when called: 1
  6423 ;; This function calls:
  6424 ;;		_I2C_Read
  6425 ;;		_I2C_Start
  6426 ;;		_I2C_Stop
  6427 ;;		_I2C_Write
  6428 ;; This function is called by:
  6429 ;;		_BME280_ReadHumidity
  6430 ;; This function uses a non-reentrant model
  6431 ;;
  6432                           
  6433                           	psect	text32
  6434   00234C                     __ptext32:
  6435                           	callstack 0
  6436   00234C                     _BME280_Read:
  6437                           	callstack 28
  6438                           
  6439                           ;incstack = 0
  6440                           ;BME280_Read@reg stored from wreg
  6441   00234C  6E05               	movwf	BME280_Read@reg^0,c
  6442   00234E                     
  6443                           ;bme280.c: 19:     unsigned char data;;bme280.c: 21:     I2C_Start();
  6444   00234E  EC35  F012         	call	_I2C_Start	;wreg free
  6445   002352                     
  6446                           ;bme280.c: 22:     I2C_Write(0x76 << 1);
  6447   002352  0EEC               	movlw	236
  6448   002354  EC7A  F010         	call	_I2C_Write
  6449   002358                     
  6450                           ;bme280.c: 23:     I2C_Write(reg);
  6451   002358  5005               	movf	BME280_Read@reg^0,w,c
  6452   00235A  EC7A  F010         	call	_I2C_Write
  6453                           
  6454                           ;bme280.c: 24:     I2C_Stop();
  6455   00235E  EC80  F012         	call	_I2C_Stop	;wreg free
  6456   002362                     
  6457                           ;bme280.c: 25:     _delay((unsigned long)((50)*(8000000/4000000.0)));
  6458   002362  0E21               	movlw	33
  6459   002364                     u2717:
  6460   002364  2EE8               	decfsz	wreg,f,c
  6461   002366  D7FE               	bra	u2717
  6462   002368  0000               	nop	
  6463   00236A                     
  6464                           ;bme280.c: 27:     I2C_Start();
  6465   00236A  EC35  F012         	call	_I2C_Start	;wreg free
  6466   00236E                     
  6467                           ;bme280.c: 28:     I2C_Write((0x76 << 1) | 1);
  6468   00236E  0EED               	movlw	237
  6469   002370  EC7A  F010         	call	_I2C_Write
  6470   002374                     
  6471                           ;bme280.c: 29:     data = I2C_Read(0);
  6472   002374  0E00               	movlw	0
  6473   002376  ECB0  F00F         	call	_I2C_Read
  6474   00237A  6E06               	movwf	BME280_Read@data^0,c
  6475   00237C                     
  6476                           ;bme280.c: 30:     I2C_Stop();
  6477   00237C  EC80  F012         	call	_I2C_Stop	;wreg free
  6478   002380                     
  6479                           ;bme280.c: 31:     _delay((unsigned long)((50)*(8000000/4000000.0)));
  6480   002380  0E21               	movlw	33
  6481   002382                     u2727:
  6482   002382  2EE8               	decfsz	wreg,f,c
  6483   002384  D7FE               	bra	u2727
  6484   002386  0000               	nop	
  6485   002388                     
  6486                           ;bme280.c: 33:     return data;
  6487   002388  5006               	movf	BME280_Read@data^0,w,c
  6488   00238A  0012               	return		;funcret
  6489   00238C                     __end_of_BME280_Read:
  6490                           	callstack 0
  6491                           
  6492 ;; *************** function _BME280_Init *****************
  6493 ;; Defined at:
  6494 ;;		line 37 in file "bme280.c"
  6495 ;; Parameters:    Size  Location     Type
  6496 ;;		None
  6497 ;; Auto vars:     Size  Location     Type
  6498 ;;		None
  6499 ;; Return value:  Size  Location     Type
  6500 ;;                  1    wreg      void 
  6501 ;; Registers used:
  6502 ;;		wreg, status,2, status,0, cstack
  6503 ;; Tracked objects:
  6504 ;;		On entry : 0/0
  6505 ;;		On exit  : 0/0
  6506 ;;		Unchanged: 0/0
  6507 ;; Data sizes:     COMRAM   BANK0   BANK1   BANK2   BANK3   BANK4   BANK5   BANK6   BANK7
  6508 ;;      Params:         0       0       0       0       0       0       0       0       0
  6509 ;;      Locals:         0       0       0       0       0       0       0       0       0
  6510 ;;      Temps:          2       0       0       0       0       0       0       0       0
  6511 ;;      Totals:         2       0       0       0       0       0       0       0       0
  6512 ;;Total ram usage:        2 bytes
  6513 ;; Hardware stack levels used: 1
  6514 ;; Hardware stack levels required when called: 2
  6515 ;; This function calls:
  6516 ;;		_BME280_Write
  6517 ;; This function is called by:
  6518 ;;		_main
  6519 ;; This function uses a non-reentrant model
  6520 ;;
  6521                           
  6522                           	psect	text33
  6523   00238C                     __ptext33:
  6524                           	callstack 0
  6525   00238C                     _BME280_Init:
  6526                           	callstack 28
  6527   00238C                     
  6528                           ;bme280.c: 38:     _delay((unsigned long)((100)*(8000000/4000.0)));
  6529   00238C  0E02               	movlw	2
  6530   00238E  6E07               	movwf	(??_BME280_Init+1)^0,c
  6531   002390  0E04               	movlw	4
  6532   002392  6E06               	movwf	??_BME280_Init^0,c
  6533   002394  0EBA               	movlw	186
  6534   002396                     u2737:
  6535   002396  2EE8               	decfsz	wreg,f,c
  6536   002398  D7FE               	bra	u2737
  6537   00239A  2E06               	decfsz	??_BME280_Init^0,f,c
  6538   00239C  D7FC               	bra	u2737
  6539   00239E  2E07               	decfsz	(??_BME280_Init+1)^0,f,c
  6540   0023A0  D7FA               	bra	u2737
  6541   0023A2  D000               	nop2	
  6542   0023A4                     
  6543                           ;bme280.c: 39:     BME280_Write(0xF2, 0x01);
  6544   0023A4  0E01               	movlw	1
  6545   0023A6  6E04               	movwf	BME280_Write@data^0,c
  6546   0023A8  0EF2               	movlw	242
  6547   0023AA  ECA0  F012         	call	_BME280_Write
  6548   0023AE                     
  6549                           ;bme280.c: 40:     BME280_Write(0xF5, 0xA0);
  6550   0023AE  0EA0               	movlw	160
  6551   0023B0  6E04               	movwf	BME280_Write@data^0,c
  6552   0023B2  0EF5               	movlw	245
  6553   0023B4  ECA0  F012         	call	_BME280_Write
  6554                           
  6555                           ;bme280.c: 42:     _delay((unsigned long)((10)*(8000000/4000.0)));
  6556   0023B8  0E1A               	movlw	26
  6557   0023BA  6E06               	movwf	??_BME280_Init^0,c
  6558   0023BC  0EF8               	movlw	248
  6559   0023BE                     u2747:
  6560   0023BE  2EE8               	decfsz	wreg,f,c
  6561   0023C0  D7FE               	bra	u2747
  6562   0023C2  2E06               	decfsz	??_BME280_Init^0,f,c
  6563   0023C4  D7FC               	bra	u2747
  6564   0023C6  D000               	nop2	
  6565   0023C8  0012               	return		;funcret
  6566   0023CA                     __end_of_BME280_Init:
  6567                           	callstack 0
  6568                           
  6569 ;; *************** function _BME280_Write *****************
  6570 ;; Defined at:
  6571 ;;		line 9 in file "bme280.c"
  6572 ;; Parameters:    Size  Location     Type
  6573 ;;  reg             1    wreg     unsigned char 
  6574 ;;  data            1    3[COMRAM] unsigned char 
  6575 ;; Auto vars:     Size  Location     Type
  6576 ;;  reg             1    4[COMRAM] unsigned char 
  6577 ;; Return value:  Size  Location     Type
  6578 ;;                  1    wreg      void 
  6579 ;; Registers used:
  6580 ;;		wreg, status,2, status,0, cstack
  6581 ;; Tracked objects:
  6582 ;;		On entry : 0/0
  6583 ;;		On exit  : 0/0
  6584 ;;		Unchanged: 0/0
  6585 ;; Data sizes:     COMRAM   BANK0   BANK1   BANK2   BANK3   BANK4   BANK5   BANK6   BANK7
  6586 ;;      Params:         1       0       0       0       0       0       0       0       0
  6587 ;;      Locals:         1       0       0       0       0       0       0       0       0
  6588 ;;      Temps:          0       0       0       0       0       0       0       0       0
  6589 ;;      Totals:         2       0       0       0       0       0       0       0       0
  6590 ;;Total ram usage:        2 bytes
  6591 ;; Hardware stack levels used: 1
  6592 ;; This function calls:
  6593 ;;		_I2C_Start
  6594 ;;		_I2C_Stop
  6595 ;;		_I2C_Write
  6596 ;; This function is called by:
  6597 ;;		_BME280_Init
  6598 ;;		_BME280_ReadHumidity
  6599 ;; This function uses a non-reentrant model
  6600 ;;
  6601                           
  6602                           	psect	text34
  6603   002540                     __ptext34:
  6604                           	callstack 0
  6605   002540                     _BME280_Write:
  6606                           	callstack 29
  6607                           
  6608                           ;incstack = 0
  6609                           ;BME280_Write@reg stored from wreg
  6610   002540  6E05               	movwf	BME280_Write@reg^0,c
  6611   002542                     
  6612                           ;bme280.c: 10:     I2C_Start();
  6613   002542  EC35  F012         	call	_I2C_Start	;wreg free
  6614   002546                     
  6615                           ;bme280.c: 11:     I2C_Write(0x76 << 1);
  6616   002546  0EEC               	movlw	236
  6617   002548  EC7A  F010         	call	_I2C_Write
  6618   00254C                     
  6619                           ;bme280.c: 12:     I2C_Write(reg);
  6620   00254C  5005               	movf	BME280_Write@reg^0,w,c
  6621   00254E  EC7A  F010         	call	_I2C_Write
  6622   002552                     
  6623                           ;bme280.c: 13:     I2C_Write(data);
  6624   002552  5004               	movf	BME280_Write@data^0,w,c
  6625   002554  EC7A  F010         	call	_I2C_Write
  6626   002558                     
  6627                           ;bme280.c: 14:     I2C_Stop();
  6628   002558  EC80  F012         	call	_I2C_Stop	;wreg free
  6629   00255C  0012               	return		;funcret
  6630   00255E                     __end_of_BME280_Write:
  6631                           	callstack 0
  6632                           
  6633 ;; *************** function _BH1750_ReadLux *****************
  6634 ;; Defined at:
  6635 ;;		line 18 in file "bh1750.c"
  6636 ;; Parameters:    Size  Location     Type
  6637 ;;		None
  6638 ;; Auto vars:     Size  Location     Type
  6639 ;;  raw             2   70[COMRAM] unsigned int 
  6640 ;;  lsb             1   73[COMRAM] unsigned char 
  6641 ;;  msb             1   72[COMRAM] unsigned char 
  6642 ;; Return value:  Size  Location     Type
  6643 ;;                  4   64[COMRAM] float 
  6644 ;; Registers used:
  6645 ;;		wreg, status,2, status,0, cstack
  6646 ;; Tracked objects:
  6647 ;;		On entry : 0/0
  6648 ;;		On exit  : 0/0
  6649 ;;		Unchanged: 0/0
  6650 ;; Data sizes:     COMRAM   BANK0   BANK1   BANK2   BANK3   BANK4   BANK5   BANK6   BANK7
  6651 ;;      Params:         4       0       0       0       0       0       0       0       0
  6652 ;;      Locals:         4       0       0       0       0       0       0       0       0
  6653 ;;      Temps:          2       0       0       0       0       0       0       0       0
  6654 ;;      Totals:        10       0       0       0       0       0       0       0       0
  6655 ;;Total ram usage:       10 bytes
  6656 ;; Hardware stack levels used: 1
  6657 ;; Hardware stack levels required when called: 1
  6658 ;; This function calls:
  6659 ;;		_I2C_Read
  6660 ;;		_I2C_Start
  6661 ;;		_I2C_Stop
  6662 ;;		_I2C_Write
  6663 ;;		___fldiv
  6664 ;;		___xxtofl
  6665 ;; This function is called by:
  6666 ;;		_main
  6667 ;; This function uses a non-reentrant model
  6668 ;;
  6669                           
  6670                           	psect	text35
  6671   001EC2                     __ptext35:
  6672                           	callstack 0
  6673   001EC2                     _BH1750_ReadLux:
  6674                           	callstack 29
  6675   001EC2                     
  6676                           ;bh1750.c: 19:     unsigned char msb, lsb;;bh1750.c: 20:     unsigned int raw;;bh1750.c:
      +                           23:     I2C_Start();
  6677   001EC2  EC35  F012         	call	_I2C_Start	;wreg free
  6678   001EC6                     
  6679                           ;bh1750.c: 24:     I2C_Write(0x23 << 1);
  6680   001EC6  0E46               	movlw	70
  6681   001EC8  EC7A  F010         	call	_I2C_Write
  6682   001ECC                     
  6683                           ;bh1750.c: 25:     I2C_Write(0x10);
  6684   001ECC  0E10               	movlw	16
  6685   001ECE  EC7A  F010         	call	_I2C_Write
  6686                           
  6687                           ;bh1750.c: 26:     I2C_Stop();
  6688   001ED2  EC80  F012         	call	_I2C_Stop	;wreg free
  6689   001ED6                     
  6690                           ;bh1750.c: 27:     _delay((unsigned long)((180)*(8000000/4000.0)));
  6691   001ED6  0E02               	movlw	2
  6692   001ED8  6E46               	movwf	(??_BH1750_ReadLux+1)^0,c
  6693   001EDA  0ED4               	movlw	212
  6694   001EDC  6E45               	movwf	??_BH1750_ReadLux^0,c
  6695   001EDE  0E85               	movlw	133
  6696   001EE0                     u2757:
  6697   001EE0  2EE8               	decfsz	wreg,f,c
  6698   001EE2  D7FE               	bra	u2757
  6699   001EE4  2E45               	decfsz	??_BH1750_ReadLux^0,f,c
  6700   001EE6  D7FC               	bra	u2757
  6701   001EE8  2E46               	decfsz	(??_BH1750_ReadLux+1)^0,f,c
  6702   001EEA  D7FA               	bra	u2757
  6703   001EEC  0000               	nop	
  6704   001EEE                     
  6705                           ;bh1750.c: 30:     I2C_Start();
  6706   001EEE  EC35  F012         	call	_I2C_Start	;wreg free
  6707   001EF2                     
  6708                           ;bh1750.c: 31:     I2C_Write((0x23 << 1) | 1);
  6709   001EF2  0E47               	movlw	71
  6710   001EF4  EC7A  F010         	call	_I2C_Write
  6711   001EF8                     
  6712                           ;bh1750.c: 32:     msb = I2C_Read(1);
  6713   001EF8  0E01               	movlw	1
  6714   001EFA  ECB0  F00F         	call	_I2C_Read
  6715   001EFE  6E49               	movwf	BH1750_ReadLux@msb^0,c
  6716   001F00                     
  6717                           ;bh1750.c: 33:     lsb = I2C_Read(0);
  6718   001F00  0E00               	movlw	0
  6719   001F02  ECB0  F00F         	call	_I2C_Read
  6720   001F06  6E4A               	movwf	BH1750_ReadLux@lsb^0,c
  6721   001F08                     
  6722                           ;bh1750.c: 34:     I2C_Stop();
  6723   001F08  EC80  F012         	call	_I2C_Stop	;wreg free
  6724   001F0C                     
  6725                           ;bh1750.c: 36:     raw = ((unsigned int)msb << 8) | lsb;
  6726   001F0C  5049               	movf	BH1750_ReadLux@msb^0,w,c
  6727   001F0E  6E45               	movwf	??_BH1750_ReadLux^0,c
  6728   001F10  504A               	movf	BH1750_ReadLux@lsb^0,w,c
  6729   001F12  6E47               	movwf	BH1750_ReadLux@raw^0,c
  6730   001F14  C045  F048         	movff	??_BH1750_ReadLux,BH1750_ReadLux@raw+1
  6731   001F18                     
  6732                           ;bh1750.c: 37:     return (float)raw / 1.2;
  6733   001F18  C047  F001         	movff	BH1750_ReadLux@raw,___xxtofl@val
  6734   001F1C  C048  F002         	movff	BH1750_ReadLux@raw+1,___xxtofl@val+1
  6735   001F20  6A03               	clrf	(___xxtofl@val+2)^0,c
  6736   001F22  6A04               	clrf	(___xxtofl@val+3)^0,c
  6737   001F24  0E00               	movlw	0
  6738   001F26  EC4D  F00A         	call	___xxtofl
  6739   001F2A  C001  F028         	movff	?___xxtofl,___fldiv@b
  6740   001F2E  C002  F029         	movff	?___xxtofl+1,___fldiv@b+1
  6741   001F32  C003  F02A         	movff	?___xxtofl+2,___fldiv@b+2
  6742   001F36  C004  F02B         	movff	?___xxtofl+3,___fldiv@b+3
  6743   001F3A  0E9A               	movlw	154
  6744   001F3C  6E2C               	movwf	___fldiv@a^0,c
  6745   001F3E  0E99               	movlw	153
  6746   001F40  6E2D               	movwf	(___fldiv@a+1)^0,c
  6747   001F42  0E99               	movlw	153
  6748   001F44  6E2E               	movwf	(___fldiv@a+2)^0,c
  6749   001F46  0E3F               	movlw	63
  6750   001F48  6E2F               	movwf	(___fldiv@a+3)^0,c
  6751   001F4A  EC89  F006         	call	___fldiv	;wreg free
  6752   001F4E  C028  F041         	movff	?___fldiv,?_BH1750_ReadLux
  6753   001F52  C029  F042         	movff	?___fldiv+1,?_BH1750_ReadLux+1
  6754   001F56  C02A  F043         	movff	?___fldiv+2,?_BH1750_ReadLux+2
  6755   001F5A  C02B  F044         	movff	?___fldiv+3,?_BH1750_ReadLux+3
  6756   001F5E  0012               	return		;funcret
  6757   001F60                     __end_of_BH1750_ReadLux:
  6758                           	callstack 0
  6759                           
  6760 ;; *************** function ___xxtofl *****************
  6761 ;; Defined at:
  6762 ;;		line 10 in file "C:\Program Files\Microchip\xc8\v3.10\pic\sources\c99\common\xxtofl.c"
  6763 ;; Parameters:    Size  Location     Type
  6764 ;;  sign            1    wreg     unsigned char 
  6765 ;;  val             4    0[COMRAM] long 
  6766 ;; Auto vars:     Size  Location     Type
  6767 ;;  sign            1    8[COMRAM] unsigned char 
  6768 ;;  arg             4   10[COMRAM] unsigned long 
  6769 ;;  exp             1    9[COMRAM] unsigned char 
  6770 ;; Return value:  Size  Location     Type
  6771 ;;                  4    0[COMRAM] unsigned char 
  6772 ;; Registers used:
  6773 ;;		wreg, status,2, status,0
  6774 ;; Tracked objects:
  6775 ;;		On entry : 0/0
  6776 ;;		On exit  : 0/0
  6777 ;;		Unchanged: 0/0
  6778 ;; Data sizes:     COMRAM   BANK0   BANK1   BANK2   BANK3   BANK4   BANK5   BANK6   BANK7
  6779 ;;      Params:         4       0       0       0       0       0       0       0       0
  6780 ;;      Locals:         6       0       0       0       0       0       0       0       0
  6781 ;;      Temps:          4       0       0       0       0       0       0       0       0
  6782 ;;      Totals:        14       0       0       0       0       0       0       0       0
  6783 ;;Total ram usage:       14 bytes
  6784 ;; Hardware stack levels used: 1
  6785 ;; This function calls:
  6786 ;;		Nothing
  6787 ;; This function is called by:
  6788 ;;		_leer_temperatura
  6789 ;;		_BME280_ReadHumidity
  6790 ;;		_BH1750_ReadLux
  6791 ;; This function uses a non-reentrant model
  6792 ;;
  6793                           
  6794                           	psect	text36
  6795   00149A                     __ptext36:
  6796                           	callstack 0
  6797   00149A                     ___xxtofl:
  6798                           	callstack 29
  6799                           
  6800                           ;incstack = 0
  6801                           ;___xxtofl@sign stored from wreg
  6802   00149A  6E09               	movwf	___xxtofl@sign^0,c
  6803   00149C  5009               	movf	___xxtofl@sign^0,w,c
  6804   00149E  B4D8               	btfsc	status,2,c
  6805   0014A0  EF54  F00A         	goto	u2251
  6806   0014A4  EF56  F00A         	goto	u2250
  6807   0014A8                     u2251:
  6808   0014A8  EF78  F00A         	goto	l1043
  6809   0014AC                     u2250:
  6810   0014AC  BE04               	btfsc	(___xxtofl@val+3)^0,7,c
  6811   0014AE  EF5D  F00A         	goto	u2260
  6812   0014B2  EF5B  F00A         	goto	u2261
  6813   0014B6                     u2261:
  6814   0014B6  EF78  F00A         	goto	l1043
  6815   0014BA                     u2260:
  6816   0014BA  C001  F005         	movff	___xxtofl@val,??___xxtofl
  6817   0014BE  C002  F006         	movff	___xxtofl@val+1,??___xxtofl+1
  6818   0014C2  C003  F007         	movff	___xxtofl@val+2,??___xxtofl+2
  6819   0014C6  C004  F008         	movff	___xxtofl@val+3,??___xxtofl+3
  6820   0014CA  1E05               	comf	??___xxtofl^0,f,c
  6821   0014CC  1E06               	comf	(??___xxtofl+1)^0,f,c
  6822   0014CE  1E07               	comf	(??___xxtofl+2)^0,f,c
  6823   0014D0  1E08               	comf	(??___xxtofl+3)^0,f,c
  6824   0014D2  2A05               	incf	??___xxtofl^0,f,c
  6825   0014D4  0E00               	movlw	0
  6826   0014D6  2206               	addwfc	(??___xxtofl+1)^0,f,c
  6827   0014D8  2207               	addwfc	(??___xxtofl+2)^0,f,c
  6828   0014DA  2208               	addwfc	(??___xxtofl+3)^0,f,c
  6829   0014DC  C005  F00B         	movff	??___xxtofl,___xxtofl@arg
  6830   0014E0  C006  F00C         	movff	??___xxtofl+1,___xxtofl@arg+1
  6831   0014E4  C007  F00D         	movff	??___xxtofl+2,___xxtofl@arg+2
  6832   0014E8  C008  F00E         	movff	??___xxtofl+3,___xxtofl@arg+3
  6833   0014EC  EF80  F00A         	goto	l2913
  6834   0014F0                     l1043:
  6835   0014F0  C001  F00B         	movff	___xxtofl@val,___xxtofl@arg
  6836   0014F4  C002  F00C         	movff	___xxtofl@val+1,___xxtofl@arg+1
  6837   0014F8  C003  F00D         	movff	___xxtofl@val+2,___xxtofl@arg+2
  6838   0014FC  C004  F00E         	movff	___xxtofl@val+3,___xxtofl@arg+3
  6839   001500                     l2913:
  6840   001500  5001               	movf	___xxtofl@val^0,w,c
  6841   001502  1002               	iorwf	(___xxtofl@val+1)^0,w,c
  6842   001504  1003               	iorwf	(___xxtofl@val+2)^0,w,c
  6843   001506  1004               	iorwf	(___xxtofl@val+3)^0,w,c
  6844   001508  A4D8               	btfss	status,2,c
  6845   00150A  EF89  F00A         	goto	u2271
  6846   00150E  EF8B  F00A         	goto	u2270
  6847   001512                     u2271:
  6848   001512  EF95  F00A         	goto	l2919
  6849   001516                     u2270:
  6850   001516  0E00               	movlw	0
  6851   001518  6E01               	movwf	?___xxtofl^0,c
  6852   00151A  0E00               	movlw	0
  6853   00151C  6E02               	movwf	(?___xxtofl+1)^0,c
  6854   00151E  0E00               	movlw	0
  6855   001520  6E03               	movwf	(?___xxtofl+2)^0,c
  6856   001522  0E00               	movlw	0
  6857   001524  6E04               	movwf	(?___xxtofl+3)^0,c
  6858   001526  EF26  F00B         	goto	l1046
  6859   00152A                     l2919:
  6860   00152A  0E96               	movlw	150
  6861   00152C  6E0A               	movwf	___xxtofl@exp^0,c
  6862   00152E  EF9F  F00A         	goto	l2923
  6863   001532                     l2921:
  6864   001532  2A0A               	incf	___xxtofl@exp^0,f,c
  6865   001534  90D8               	bcf	status,0,c
  6866   001536  320E               	rrcf	(___xxtofl@arg+3)^0,f,c
  6867   001538  320D               	rrcf	(___xxtofl@arg+2)^0,f,c
  6868   00153A  320C               	rrcf	(___xxtofl@arg+1)^0,f,c
  6869   00153C  320B               	rrcf	___xxtofl@arg^0,f,c
  6870   00153E                     l2923:
  6871   00153E  0E00               	movlw	0
  6872   001540  140B               	andwf	___xxtofl@arg^0,w,c
  6873   001542  6E05               	movwf	??___xxtofl^0,c
  6874   001544  0E00               	movlw	0
  6875   001546  140C               	andwf	(___xxtofl@arg+1)^0,w,c
  6876   001548  6E06               	movwf	(??___xxtofl+1)^0,c
  6877   00154A  0E00               	movlw	0
  6878   00154C  140D               	andwf	(___xxtofl@arg+2)^0,w,c
  6879   00154E  6E07               	movwf	(??___xxtofl+2)^0,c
  6880   001550  0EFE               	movlw	254
  6881   001552  140E               	andwf	(___xxtofl@arg+3)^0,w,c
  6882   001554  6E08               	movwf	(??___xxtofl+3)^0,c
  6883   001556  5005               	movf	??___xxtofl^0,w,c
  6884   001558  1006               	iorwf	(??___xxtofl+1)^0,w,c
  6885   00155A  1007               	iorwf	(??___xxtofl+2)^0,w,c
  6886   00155C  1008               	iorwf	(??___xxtofl+3)^0,w,c
  6887   00155E  A4D8               	btfss	status,2,c
  6888   001560  EFB4  F00A         	goto	u2281
  6889   001564  EFB6  F00A         	goto	u2280
  6890   001568                     u2281:
  6891   001568  EF99  F00A         	goto	l2921
  6892   00156C                     u2280:
  6893   00156C  EFC4  F00A         	goto	l1050
  6894   001570                     l2925:
  6895   001570  2A0A               	incf	___xxtofl@exp^0,f,c
  6896   001572  0E01               	movlw	1
  6897   001574  260B               	addwf	___xxtofl@arg^0,f,c
  6898   001576  0E00               	movlw	0
  6899   001578  220C               	addwfc	(___xxtofl@arg+1)^0,f,c
  6900   00157A  220D               	addwfc	(___xxtofl@arg+2)^0,f,c
  6901   00157C  220E               	addwfc	(___xxtofl@arg+3)^0,f,c
  6902   00157E  90D8               	bcf	status,0,c
  6903   001580  320E               	rrcf	(___xxtofl@arg+3)^0,f,c
  6904   001582  320D               	rrcf	(___xxtofl@arg+2)^0,f,c
  6905   001584  320C               	rrcf	(___xxtofl@arg+1)^0,f,c
  6906   001586  320B               	rrcf	___xxtofl@arg^0,f,c
  6907   001588                     l1050:
  6908   001588  0E00               	movlw	0
  6909   00158A  140B               	andwf	___xxtofl@arg^0,w,c
  6910   00158C  6E05               	movwf	??___xxtofl^0,c
  6911   00158E  0E00               	movlw	0
  6912   001590  140C               	andwf	(___xxtofl@arg+1)^0,w,c
  6913   001592  6E06               	movwf	(??___xxtofl+1)^0,c
  6914   001594  0E00               	movlw	0
  6915   001596  140D               	andwf	(___xxtofl@arg+2)^0,w,c
  6916   001598  6E07               	movwf	(??___xxtofl+2)^0,c
  6917   00159A  0EFF               	movlw	255
  6918   00159C  140E               	andwf	(___xxtofl@arg+3)^0,w,c
  6919   00159E  6E08               	movwf	(??___xxtofl+3)^0,c
  6920   0015A0  5005               	movf	??___xxtofl^0,w,c
  6921   0015A2  1006               	iorwf	(??___xxtofl+1)^0,w,c
  6922   0015A4  1007               	iorwf	(??___xxtofl+2)^0,w,c
  6923   0015A6  1008               	iorwf	(??___xxtofl+3)^0,w,c
  6924   0015A8  A4D8               	btfss	status,2,c
  6925   0015AA  EFD9  F00A         	goto	u2291
  6926   0015AE  EFDB  F00A         	goto	u2290
  6927   0015B2                     u2291:
  6928   0015B2  EFB8  F00A         	goto	l2925
  6929   0015B6                     u2290:
  6930   0015B6  EFE3  F00A         	goto	l2933
  6931   0015BA                     l2931:
  6932   0015BA  060A               	decf	___xxtofl@exp^0,f,c
  6933   0015BC  90D8               	bcf	status,0,c
  6934   0015BE  360B               	rlcf	___xxtofl@arg^0,f,c
  6935   0015C0  360C               	rlcf	(___xxtofl@arg+1)^0,f,c
  6936   0015C2  360D               	rlcf	(___xxtofl@arg+2)^0,f,c
  6937   0015C4  360E               	rlcf	(___xxtofl@arg+3)^0,f,c
  6938   0015C6                     l2933:
  6939   0015C6  BE0D               	btfsc	(___xxtofl@arg+2)^0,7,c
  6940   0015C8  EFE8  F00A         	goto	u2301
  6941   0015CC  EFEA  F00A         	goto	u2300
  6942   0015D0                     u2301:
  6943   0015D0  EFF2  F00A         	goto	l1057
  6944   0015D4                     u2300:
  6945   0015D4  0E02               	movlw	2
  6946   0015D6  600A               	cpfslt	___xxtofl@exp^0,c
  6947   0015D8  EFF0  F00A         	goto	u2311
  6948   0015DC  EFF2  F00A         	goto	u2310
  6949   0015E0                     u2311:
  6950   0015E0  EFDD  F00A         	goto	l2931
  6951   0015E4                     u2310:
  6952   0015E4                     l1057:
  6953   0015E4  B00A               	btfsc	___xxtofl@exp^0,0,c
  6954   0015E6  EFF7  F00A         	goto	u2321
  6955   0015EA  EFF9  F00A         	goto	u2320
  6956   0015EE                     u2321:
  6957   0015EE  EFFA  F00A         	goto	l2939
  6958   0015F2                     u2320:
  6959   0015F2  9E0D               	bcf	(___xxtofl@arg+2)^0,7,c
  6960   0015F4                     l2939:
  6961   0015F4  90D8               	bcf	status,0,c
  6962   0015F6  320A               	rrcf	___xxtofl@exp^0,f,c
  6963   0015F8  C00A  F005         	movff	___xxtofl@exp,??___xxtofl
  6964   0015FC  6A06               	clrf	(??___xxtofl+1)^0,c
  6965   0015FE  6A07               	clrf	(??___xxtofl+2)^0,c
  6966   001600  6A08               	clrf	(??___xxtofl+3)^0,c
  6967   001602  C005  F008         	movff	??___xxtofl,??___xxtofl+3
  6968   001606  6A07               	clrf	(??___xxtofl+2)^0,c
  6969   001608  6A06               	clrf	(??___xxtofl+1)^0,c
  6970   00160A  6A05               	clrf	??___xxtofl^0,c
  6971   00160C  5005               	movf	??___xxtofl^0,w,c
  6972   00160E  120B               	iorwf	___xxtofl@arg^0,f,c
  6973   001610  5006               	movf	(??___xxtofl+1)^0,w,c
  6974   001612  120C               	iorwf	(___xxtofl@arg+1)^0,f,c
  6975   001614  5007               	movf	(??___xxtofl+2)^0,w,c
  6976   001616  120D               	iorwf	(___xxtofl@arg+2)^0,f,c
  6977   001618  5008               	movf	(??___xxtofl+3)^0,w,c
  6978   00161A  120E               	iorwf	(___xxtofl@arg+3)^0,f,c
  6979   00161C  5009               	movf	___xxtofl@sign^0,w,c
  6980   00161E  B4D8               	btfsc	status,2,c
  6981   001620  EF14  F00B         	goto	u2331
  6982   001624  EF16  F00B         	goto	u2330
  6983   001628                     u2331:
  6984   001628  EF1E  F00B         	goto	l2949
  6985   00162C                     u2330:
  6986   00162C  BE04               	btfsc	(___xxtofl@val+3)^0,7,c
  6987   00162E  EF1D  F00B         	goto	u2340
  6988   001632  EF1B  F00B         	goto	u2341
  6989   001636                     u2341:
  6990   001636  EF1E  F00B         	goto	l2949
  6991   00163A                     u2340:
  6992   00163A  8E0E               	bsf	(___xxtofl@arg+3)^0,7,c
  6993   00163C                     l2949:
  6994   00163C  C00B  F001         	movff	___xxtofl@arg,?___xxtofl
  6995   001640  C00C  F002         	movff	___xxtofl@arg+1,?___xxtofl+1
  6996   001644  C00D  F003         	movff	___xxtofl@arg+2,?___xxtofl+2
  6997   001648  C00E  F004         	movff	___xxtofl@arg+3,?___xxtofl+3
  6998   00164C                     l1046:
  6999   00164C  0012               	return		;funcret
  7000   00164E                     __end_of___xxtofl:
  7001                           	callstack 0
  7002                           
  7003 ;; *************** function ___fldiv *****************
  7004 ;; Defined at:
  7005 ;;		line 11 in file "C:\Program Files\Microchip\xc8\v3.10\pic\sources\c99\common\sprcdiv.c"
  7006 ;; Parameters:    Size  Location     Type
  7007 ;;  b               4   39[COMRAM] unsigned char 
  7008 ;;  a               4   43[COMRAM] unsigned char 
  7009 ;; Auto vars:     Size  Location     Type
  7010 ;;  grs             4   58[COMRAM] unsigned long 
  7011 ;;  rem             4   51[COMRAM] unsigned long 
  7012 ;;  new_exp         2   56[COMRAM] short 
  7013 ;;  aexp            1   63[COMRAM] unsigned char 
  7014 ;;  bexp            1   62[COMRAM] unsigned char 
  7015 ;;  sign            1   55[COMRAM] unsigned char 
  7016 ;; Return value:  Size  Location     Type
  7017 ;;                  4   39[COMRAM] unsigned char 
  7018 ;; Registers used:
  7019 ;;		wreg, status,2, status,0
  7020 ;; Tracked objects:
  7021 ;;		On entry : 0/0
  7022 ;;		On exit  : 0/0
  7023 ;;		Unchanged: 0/0
  7024 ;; Data sizes:     COMRAM   BANK0   BANK1   BANK2   BANK3   BANK4   BANK5   BANK6   BANK7
  7025 ;;      Params:         8       0       0       0       0       0       0       0       0
  7026 ;;      Locals:        13       0       0       0       0       0       0       0       0
  7027 ;;      Temps:          4       0       0       0       0       0       0       0       0
  7028 ;;      Totals:        25       0       0       0       0       0       0       0       0
  7029 ;;Total ram usage:       25 bytes
  7030 ;; Hardware stack levels used: 1
  7031 ;; This function calls:
  7032 ;;		Nothing
  7033 ;; This function is called by:
  7034 ;;		_leer_temperatura
  7035 ;;		_BME280_ReadHumidity
  7036 ;;		_BH1750_ReadLux
  7037 ;; This function uses a non-reentrant model
  7038 ;;
  7039                           
  7040                           	psect	text37
  7041   000D12                     __ptext37:
  7042                           	callstack 0
  7043   000D12                     ___fldiv:
  7044                           	callstack 29
  7045   000D12  502B               	movf	(___fldiv@b+3)^0,w,c
  7046   000D14  0B80               	andlw	128
  7047   000D16  6E38               	movwf	___fldiv@sign^0,c
  7048   000D18  502B               	movf	(___fldiv@b+3)^0,w,c
  7049   000D1A  242B               	addwf	(___fldiv@b+3)^0,w,c
  7050   000D1C  6E3F               	movwf	___fldiv@bexp^0,c
  7051   000D1E  AE2A               	btfss	(___fldiv@b+2)^0,7,c
  7052   000D20  EF94  F006         	goto	u1781
  7053   000D24  EF96  F006         	goto	u1780
  7054   000D28                     u1781:
  7055   000D28  EF97  F006         	goto	l2627
  7056   000D2C                     u1780:
  7057   000D2C  803F               	bsf	___fldiv@bexp^0,0,c
  7058   000D2E                     l2627:
  7059   000D2E  503F               	movf	___fldiv@bexp^0,w,c
  7060   000D30  B4D8               	btfsc	status,2,c
  7061   000D32  EF9D  F006         	goto	u1791
  7062   000D36  EF9F  F006         	goto	u1790
  7063   000D3A                     u1791:
  7064   000D3A  EFB3  F006         	goto	l2637
  7065   000D3E                     u1790:
  7066   000D3E  283F               	incf	___fldiv@bexp^0,w,c
  7067   000D40  A4D8               	btfss	status,2,c
  7068   000D42  EFA5  F006         	goto	u1801
  7069   000D46  EFA7  F006         	goto	u1800
  7070   000D4A                     u1801:
  7071   000D4A  EFAF  F006         	goto	l2633
  7072   000D4E                     u1800:
  7073   000D4E  0E00               	movlw	0
  7074   000D50  6E28               	movwf	___fldiv@b^0,c
  7075   000D52  0E00               	movlw	0
  7076   000D54  6E29               	movwf	(___fldiv@b+1)^0,c
  7077   000D56  0E00               	movlw	0
  7078   000D58  6E2A               	movwf	(___fldiv@b+2)^0,c
  7079   000D5A  0E00               	movlw	0
  7080   000D5C  6E2B               	movwf	(___fldiv@b+3)^0,c
  7081   000D5E                     l2633:
  7082   000D5E  8E2A               	bsf	(___fldiv@b+2)^0,7,c
  7083   000D60  6A2B               	clrf	(___fldiv@b+3)^0,c
  7084   000D62  EFBB  F006         	goto	l2639
  7085   000D66                     l2637:
  7086   000D66  0E00               	movlw	0
  7087   000D68  6E28               	movwf	___fldiv@b^0,c
  7088   000D6A  0E00               	movlw	0
  7089   000D6C  6E29               	movwf	(___fldiv@b+1)^0,c
  7090   000D6E  0E00               	movlw	0
  7091   000D70  6E2A               	movwf	(___fldiv@b+2)^0,c
  7092   000D72  0E00               	movlw	0
  7093   000D74  6E2B               	movwf	(___fldiv@b+3)^0,c
  7094   000D76                     l2639:
  7095   000D76  502F               	movf	(___fldiv@a+3)^0,w,c
  7096   000D78  0B80               	andlw	128
  7097   000D7A  1A38               	xorwf	___fldiv@sign^0,f,c
  7098   000D7C  502F               	movf	(___fldiv@a+3)^0,w,c
  7099   000D7E  242F               	addwf	(___fldiv@a+3)^0,w,c
  7100   000D80  6E40               	movwf	___fldiv@aexp^0,c
  7101   000D82  AE2E               	btfss	(___fldiv@a+2)^0,7,c
  7102   000D84  EFC6  F006         	goto	u1811
  7103   000D88  EFC8  F006         	goto	u1810
  7104   000D8C                     u1811:
  7105   000D8C  EFC9  F006         	goto	l2647
  7106   000D90                     u1810:
  7107   000D90  8040               	bsf	___fldiv@aexp^0,0,c
  7108   000D92                     l2647:
  7109   000D92  5040               	movf	___fldiv@aexp^0,w,c
  7110   000D94  B4D8               	btfsc	status,2,c
  7111   000D96  EFCF  F006         	goto	u1821
  7112   000D9A  EFD1  F006         	goto	u1820
  7113   000D9E                     u1821:
  7114   000D9E  EFE5  F006         	goto	l2657
  7115   000DA2                     u1820:
  7116   000DA2  2840               	incf	___fldiv@aexp^0,w,c
  7117   000DA4  A4D8               	btfss	status,2,c
  7118   000DA6  EFD7  F006         	goto	u1831
  7119   000DAA  EFD9  F006         	goto	u1830
  7120   000DAE                     u1831:
  7121   000DAE  EFE1  F006         	goto	l2653
  7122   000DB2                     u1830:
  7123   000DB2  0E00               	movlw	0
  7124   000DB4  6E2C               	movwf	___fldiv@a^0,c
  7125   000DB6  0E00               	movlw	0
  7126   000DB8  6E2D               	movwf	(___fldiv@a+1)^0,c
  7127   000DBA  0E00               	movlw	0
  7128   000DBC  6E2E               	movwf	(___fldiv@a+2)^0,c
  7129   000DBE  0E00               	movlw	0
  7130   000DC0  6E2F               	movwf	(___fldiv@a+3)^0,c
  7131   000DC2                     l2653:
  7132   000DC2  8E2E               	bsf	(___fldiv@a+2)^0,7,c
  7133   000DC4  6A2F               	clrf	(___fldiv@a+3)^0,c
  7134   000DC6  EFED  F006         	goto	l2659
  7135   000DCA                     l2657:
  7136   000DCA  0E00               	movlw	0
  7137   000DCC  6E2C               	movwf	___fldiv@a^0,c
  7138   000DCE  0E00               	movlw	0
  7139   000DD0  6E2D               	movwf	(___fldiv@a+1)^0,c
  7140   000DD2  0E00               	movlw	0
  7141   000DD4  6E2E               	movwf	(___fldiv@a+2)^0,c
  7142   000DD6  0E00               	movlw	0
  7143   000DD8  6E2F               	movwf	(___fldiv@a+3)^0,c
  7144   000DDA                     l2659:
  7145   000DDA  502C               	movf	___fldiv@a^0,w,c
  7146   000DDC  102D               	iorwf	(___fldiv@a+1)^0,w,c
  7147   000DDE  102E               	iorwf	(___fldiv@a+2)^0,w,c
  7148   000DE0  102F               	iorwf	(___fldiv@a+3)^0,w,c
  7149   000DE2  A4D8               	btfss	status,2,c
  7150   000DE4  EFF6  F006         	goto	u1841
  7151   000DE8  EFF8  F006         	goto	u1840
  7152   000DEC                     u1841:
  7153   000DEC  EF10  F007         	goto	l2671
  7154   000DF0                     u1840:
  7155   000DF0  0E00               	movlw	0
  7156   000DF2  6E28               	movwf	___fldiv@b^0,c
  7157   000DF4  0E00               	movlw	0
  7158   000DF6  6E29               	movwf	(___fldiv@b+1)^0,c
  7159   000DF8  0E00               	movlw	0
  7160   000DFA  6E2A               	movwf	(___fldiv@b+2)^0,c
  7161   000DFC  0E00               	movlw	0
  7162   000DFE  6E2B               	movwf	(___fldiv@b+3)^0,c
  7163   000E00  0E80               	movlw	128
  7164   000E02  122A               	iorwf	(___fldiv@b+2)^0,f,c
  7165   000E04  0E7F               	movlw	127
  7166   000E06  122B               	iorwf	(___fldiv@b+3)^0,f,c
  7167   000E08                     l2665:
  7168   000E08  5038               	movf	___fldiv@sign^0,w,c
  7169   000E0A  122B               	iorwf	(___fldiv@b+3)^0,f,c
  7170   000E0C  C028  F028         	movff	___fldiv@b,?___fldiv
  7171   000E10  C029  F029         	movff	___fldiv@b+1,?___fldiv+1
  7172   000E14  C02A  F02A         	movff	___fldiv@b+2,?___fldiv+2
  7173   000E18  C02B  F02B         	movff	___fldiv@b+3,?___fldiv+3
  7174   000E1C  EF4F  F008         	goto	l970
  7175   000E20                     l2671:
  7176   000E20  503F               	movf	___fldiv@bexp^0,w,c
  7177   000E22  A4D8               	btfss	status,2,c
  7178   000E24  EF16  F007         	goto	u1851
  7179   000E28  EF18  F007         	goto	u1850
  7180   000E2C                     u1851:
  7181   000E2C  EF22  F007         	goto	l2679
  7182   000E30                     u1850:
  7183   000E30  0E00               	movlw	0
  7184   000E32  6E28               	movwf	?___fldiv^0,c
  7185   000E34  0E00               	movlw	0
  7186   000E36  6E29               	movwf	(?___fldiv+1)^0,c
  7187   000E38  0E00               	movlw	0
  7188   000E3A  6E2A               	movwf	(?___fldiv+2)^0,c
  7189   000E3C  0E00               	movlw	0
  7190   000E3E  6E2B               	movwf	(?___fldiv+3)^0,c
  7191   000E40  EF4F  F008         	goto	l970
  7192   000E44                     l2679:
  7193   000E44  5040               	movf	___fldiv@aexp^0,w,c
  7194   000E46  C03F  F030         	movff	___fldiv@bexp,??___fldiv
  7195   000E4A  6A31               	clrf	(??___fldiv+1)^0,c
  7196   000E4C  5E30               	subwf	??___fldiv^0,f,c
  7197   000E4E  0E00               	movlw	0
  7198   000E50  5A31               	subwfb	(??___fldiv+1)^0,f,c
  7199   000E52  0E7F               	movlw	127
  7200   000E54  2430               	addwf	??___fldiv^0,w,c
  7201   000E56  6E39               	movwf	___fldiv@new_exp^0,c
  7202   000E58  0E00               	movlw	0
  7203   000E5A  2031               	addwfc	(??___fldiv+1)^0,w,c
  7204   000E5C  6E3A               	movwf	(___fldiv@new_exp+1)^0,c
  7205   000E5E  C028  F034         	movff	___fldiv@b,___fldiv@rem
  7206   000E62  C029  F035         	movff	___fldiv@b+1,___fldiv@rem+1
  7207   000E66  C02A  F036         	movff	___fldiv@b+2,___fldiv@rem+2
  7208   000E6A  C02B  F037         	movff	___fldiv@b+3,___fldiv@rem+3
  7209   000E6E  0E00               	movlw	0
  7210   000E70  6E28               	movwf	___fldiv@b^0,c
  7211   000E72  0E00               	movlw	0
  7212   000E74  6E29               	movwf	(___fldiv@b+1)^0,c
  7213   000E76  0E00               	movlw	0
  7214   000E78  6E2A               	movwf	(___fldiv@b+2)^0,c
  7215   000E7A  0E00               	movlw	0
  7216   000E7C  6E2B               	movwf	(___fldiv@b+3)^0,c
  7217   000E7E  0E00               	movlw	0
  7218   000E80  6E3B               	movwf	___fldiv@grs^0,c
  7219   000E82  0E00               	movlw	0
  7220   000E84  6E3C               	movwf	(___fldiv@grs+1)^0,c
  7221   000E86  0E00               	movlw	0
  7222   000E88  6E3D               	movwf	(___fldiv@grs+2)^0,c
  7223   000E8A  0E00               	movlw	0
  7224   000E8C  6E3E               	movwf	(___fldiv@grs+3)^0,c
  7225   000E8E  6A40               	clrf	___fldiv@aexp^0,c
  7226   000E90  EF82  F007         	goto	l972
  7227   000E94                     l2689:
  7228   000E94  5040               	movf	___fldiv@aexp^0,w,c
  7229   000E96  B4D8               	btfsc	status,2,c
  7230   000E98  EF50  F007         	goto	u1861
  7231   000E9C  EF52  F007         	goto	u1860
  7232   000EA0                     u1861:
  7233   000EA0  EF69  F007         	goto	l2697
  7234   000EA4                     u1860:
  7235   000EA4  90D8               	bcf	status,0,c
  7236   000EA6  3634               	rlcf	___fldiv@rem^0,f,c
  7237   000EA8  3635               	rlcf	(___fldiv@rem+1)^0,f,c
  7238   000EAA  3636               	rlcf	(___fldiv@rem+2)^0,f,c
  7239   000EAC  3637               	rlcf	(___fldiv@rem+3)^0,f,c
  7240   000EAE  90D8               	bcf	status,0,c
  7241   000EB0  3628               	rlcf	___fldiv@b^0,f,c
  7242   000EB2  3629               	rlcf	(___fldiv@b+1)^0,f,c
  7243   000EB4  362A               	rlcf	(___fldiv@b+2)^0,f,c
  7244   000EB6  362B               	rlcf	(___fldiv@b+3)^0,f,c
  7245   000EB8  AE3E               	btfss	(___fldiv@grs+3)^0,7,c
  7246   000EBA  EF61  F007         	goto	u1871
  7247   000EBE  EF63  F007         	goto	u1870
  7248   000EC2                     u1871:
  7249   000EC2  EF64  F007         	goto	l975
  7250   000EC6                     u1870:
  7251   000EC6  8028               	bsf	___fldiv@b^0,0,c
  7252   000EC8                     l975:
  7253   000EC8  90D8               	bcf	status,0,c
  7254   000ECA  363B               	rlcf	___fldiv@grs^0,f,c
  7255   000ECC  363C               	rlcf	(___fldiv@grs+1)^0,f,c
  7256   000ECE  363D               	rlcf	(___fldiv@grs+2)^0,f,c
  7257   000ED0  363E               	rlcf	(___fldiv@grs+3)^0,f,c
  7258   000ED2                     l2697:
  7259   000ED2  502C               	movf	___fldiv@a^0,w,c
  7260   000ED4  5C34               	subwf	___fldiv@rem^0,w,c
  7261   000ED6  502D               	movf	(___fldiv@a+1)^0,w,c
  7262   000ED8  5835               	subwfb	(___fldiv@rem+1)^0,w,c
  7263   000EDA  502E               	movf	(___fldiv@a+2)^0,w,c
  7264   000EDC  5836               	subwfb	(___fldiv@rem+2)^0,w,c
  7265   000EDE  502F               	movf	(___fldiv@a+3)^0,w,c
  7266   000EE0  5837               	subwfb	(___fldiv@rem+3)^0,w,c
  7267   000EE2  A0D8               	btfss	status,0,c
  7268   000EE4  EF76  F007         	goto	u1881
  7269   000EE8  EF78  F007         	goto	u1880
  7270   000EEC                     u1881:
  7271   000EEC  EF81  F007         	goto	l2703
  7272   000EF0                     u1880:
  7273   000EF0  8C3E               	bsf	(___fldiv@grs+3)^0,6,c
  7274   000EF2  502C               	movf	___fldiv@a^0,w,c
  7275   000EF4  5E34               	subwf	___fldiv@rem^0,f,c
  7276   000EF6  502D               	movf	(___fldiv@a+1)^0,w,c
  7277   000EF8  5A35               	subwfb	(___fldiv@rem+1)^0,f,c
  7278   000EFA  502E               	movf	(___fldiv@a+2)^0,w,c
  7279   000EFC  5A36               	subwfb	(___fldiv@rem+2)^0,f,c
  7280   000EFE  502F               	movf	(___fldiv@a+3)^0,w,c
  7281   000F00  5A37               	subwfb	(___fldiv@rem+3)^0,f,c
  7282   000F02                     l2703:
  7283   000F02  2A40               	incf	___fldiv@aexp^0,f,c
  7284   000F04                     l972:
  7285   000F04  0E19               	movlw	25
  7286   000F06  6440               	cpfsgt	___fldiv@aexp^0,c
  7287   000F08  EF88  F007         	goto	u1891
  7288   000F0C  EF8A  F007         	goto	u1890
  7289   000F10                     u1891:
  7290   000F10  EF4A  F007         	goto	l2689
  7291   000F14                     u1890:
  7292   000F14  5034               	movf	___fldiv@rem^0,w,c
  7293   000F16  1035               	iorwf	(___fldiv@rem+1)^0,w,c
  7294   000F18  1036               	iorwf	(___fldiv@rem+2)^0,w,c
  7295   000F1A  1037               	iorwf	(___fldiv@rem+3)^0,w,c
  7296   000F1C  B4D8               	btfsc	status,2,c
  7297   000F1E  EF93  F007         	goto	u1901
  7298   000F22  EF95  F007         	goto	u1900
  7299   000F26                     u1901:
  7300   000F26  EFAD  F007         	goto	l2715
  7301   000F2A                     u1900:
  7302   000F2A  803B               	bsf	___fldiv@grs^0,0,c
  7303   000F2C  EFAD  F007         	goto	l2715
  7304   000F30                     l2709:
  7305   000F30  90D8               	bcf	status,0,c
  7306   000F32  3628               	rlcf	___fldiv@b^0,f,c
  7307   000F34  3629               	rlcf	(___fldiv@b+1)^0,f,c
  7308   000F36  362A               	rlcf	(___fldiv@b+2)^0,f,c
  7309   000F38  362B               	rlcf	(___fldiv@b+3)^0,f,c
  7310   000F3A  AE3E               	btfss	(___fldiv@grs+3)^0,7,c
  7311   000F3C  EFA2  F007         	goto	u1911
  7312   000F40  EFA4  F007         	goto	u1910
  7313   000F44                     u1911:
  7314   000F44  EFA5  F007         	goto	l981
  7315   000F48                     u1910:
  7316   000F48  8028               	bsf	___fldiv@b^0,0,c
  7317   000F4A                     l981:
  7318   000F4A  90D8               	bcf	status,0,c
  7319   000F4C  363B               	rlcf	___fldiv@grs^0,f,c
  7320   000F4E  363C               	rlcf	(___fldiv@grs+1)^0,f,c
  7321   000F50  363D               	rlcf	(___fldiv@grs+2)^0,f,c
  7322   000F52  363E               	rlcf	(___fldiv@grs+3)^0,f,c
  7323   000F54  0639               	decf	___fldiv@new_exp^0,f,c
  7324   000F56  A0D8               	btfss	status,0,c
  7325   000F58  063A               	decf	(___fldiv@new_exp+1)^0,f,c
  7326   000F5A                     l2715:
  7327   000F5A  AE2A               	btfss	(___fldiv@b+2)^0,7,c
  7328   000F5C  EFB2  F007         	goto	u1921
  7329   000F60  EFB4  F007         	goto	u1920
  7330   000F64                     u1921:
  7331   000F64  EF98  F007         	goto	l2709
  7332   000F68                     u1920:
  7333   000F68  6A40               	clrf	___fldiv@aexp^0,c
  7334   000F6A  AE3E               	btfss	(___fldiv@grs+3)^0,7,c
  7335   000F6C  EFBA  F007         	goto	u1931
  7336   000F70  EFBC  F007         	goto	u1930
  7337   000F74                     u1931:
  7338   000F74  EFE0  F007         	goto	l983
  7339   000F78                     u1930:
  7340   000F78  0EFF               	movlw	255
  7341   000F7A  143B               	andwf	___fldiv@grs^0,w,c
  7342   000F7C  6E30               	movwf	??___fldiv^0,c
  7343   000F7E  0EFF               	movlw	255
  7344   000F80  143C               	andwf	(___fldiv@grs+1)^0,w,c
  7345   000F82  6E31               	movwf	(??___fldiv+1)^0,c
  7346   000F84  0EFF               	movlw	255
  7347   000F86  143D               	andwf	(___fldiv@grs+2)^0,w,c
  7348   000F88  6E32               	movwf	(??___fldiv+2)^0,c
  7349   000F8A  0E7F               	movlw	127
  7350   000F8C  143E               	andwf	(___fldiv@grs+3)^0,w,c
  7351   000F8E  6E33               	movwf	(??___fldiv+3)^0,c
  7352   000F90  5030               	movf	??___fldiv^0,w,c
  7353   000F92  1031               	iorwf	(??___fldiv+1)^0,w,c
  7354   000F94  1032               	iorwf	(??___fldiv+2)^0,w,c
  7355   000F96  1033               	iorwf	(??___fldiv+3)^0,w,c
  7356   000F98  B4D8               	btfsc	status,2,c
  7357   000F9A  EFD1  F007         	goto	u1941
  7358   000F9E  EFD3  F007         	goto	u1940
  7359   000FA2                     u1941:
  7360   000FA2  EFD7  F007         	goto	l984
  7361   000FA6                     u1940:
  7362   000FA6                     l2719:
  7363   000FA6  0E01               	movlw	1
  7364   000FA8  6E40               	movwf	___fldiv@aexp^0,c
  7365   000FAA  EFE0  F007         	goto	l983
  7366   000FAE                     l984:
  7367   000FAE  A028               	btfss	___fldiv@b^0,0,c
  7368   000FB0  EFDC  F007         	goto	u1951
  7369   000FB4  EFDE  F007         	goto	u1950
  7370   000FB8                     u1951:
  7371   000FB8  EFE0  F007         	goto	l983
  7372   000FBC                     u1950:
  7373   000FBC  EFD3  F007         	goto	l2719
  7374   000FC0                     l983:
  7375   000FC0  5040               	movf	___fldiv@aexp^0,w,c
  7376   000FC2  B4D8               	btfsc	status,2,c
  7377   000FC4  EFE6  F007         	goto	u1961
  7378   000FC8  EFE8  F007         	goto	u1960
  7379   000FCC                     u1961:
  7380   000FCC  EF0C  F008         	goto	l2731
  7381   000FD0                     u1960:
  7382   000FD0  0E01               	movlw	1
  7383   000FD2  2628               	addwf	___fldiv@b^0,f,c
  7384   000FD4  0E00               	movlw	0
  7385   000FD6  2229               	addwfc	(___fldiv@b+1)^0,f,c
  7386   000FD8  222A               	addwfc	(___fldiv@b+2)^0,f,c
  7387   000FDA  222B               	addwfc	(___fldiv@b+3)^0,f,c
  7388   000FDC  A02B               	btfss	(___fldiv@b+3)^0,0,c
  7389   000FDE  EFF3  F007         	goto	u1971
  7390   000FE2  EFF5  F007         	goto	u1970
  7391   000FE6                     u1971:
  7392   000FE6  EF0C  F008         	goto	l2731
  7393   000FEA                     u1970:
  7394   000FEA  C028  F030         	movff	___fldiv@b,??___fldiv
  7395   000FEE  C029  F031         	movff	___fldiv@b+1,??___fldiv+1
  7396   000FF2  C02A  F032         	movff	___fldiv@b+2,??___fldiv+2
  7397   000FF6  C02B  F033         	movff	___fldiv@b+3,??___fldiv+3
  7398   000FFA  3433               	rlcf	(??___fldiv+3)^0,w,c
  7399   000FFC  3233               	rrcf	(??___fldiv+3)^0,f,c
  7400   000FFE  3232               	rrcf	(??___fldiv+2)^0,f,c
  7401   001000  3231               	rrcf	(??___fldiv+1)^0,f,c
  7402   001002  3230               	rrcf	??___fldiv^0,f,c
  7403   001004  C030  F028         	movff	??___fldiv,___fldiv@b
  7404   001008  C031  F029         	movff	??___fldiv+1,___fldiv@b+1
  7405   00100C  C032  F02A         	movff	??___fldiv+2,___fldiv@b+2
  7406   001010  C033  F02B         	movff	??___fldiv+3,___fldiv@b+3
  7407   001014  4A39               	infsnz	___fldiv@new_exp^0,f,c
  7408   001016  2A3A               	incf	(___fldiv@new_exp+1)^0,f,c
  7409   001018                     l2731:
  7410   001018  BE3A               	btfsc	(___fldiv@new_exp+1)^0,7,c
  7411   00101A  EF17  F008         	goto	u1981
  7412   00101E  503A               	movf	(___fldiv@new_exp+1)^0,w,c
  7413   001020  E108               	bnz	u1980
  7414   001022  2839               	incf	___fldiv@new_exp^0,w,c
  7415   001024  A0D8               	btfss	status,0,c
  7416   001026  EF17  F008         	goto	u1981
  7417   00102A  EF19  F008         	goto	u1980
  7418   00102E                     u1981:
  7419   00102E  EF24  F008         	goto	l2735
  7420   001032                     u1980:
  7421   001032  0E00               	movlw	0
  7422   001034  6E3A               	movwf	(___fldiv@new_exp+1)^0,c
  7423   001036  6839               	setf	___fldiv@new_exp^0,c
  7424   001038  0E00               	movlw	0
  7425   00103A  6E28               	movwf	___fldiv@b^0,c
  7426   00103C  0E00               	movlw	0
  7427   00103E  6E29               	movwf	(___fldiv@b+1)^0,c
  7428   001040  0E00               	movlw	0
  7429   001042  6E2A               	movwf	(___fldiv@b+2)^0,c
  7430   001044  0E00               	movlw	0
  7431   001046  6E2B               	movwf	(___fldiv@b+3)^0,c
  7432   001048                     l2735:
  7433   001048  BE3A               	btfsc	(___fldiv@new_exp+1)^0,7,c
  7434   00104A  EF31  F008         	goto	u1990
  7435   00104E  503A               	movf	(___fldiv@new_exp+1)^0,w,c
  7436   001050  E106               	bnz	u1991
  7437   001052  0439               	decf	___fldiv@new_exp^0,w,c
  7438   001054  B0D8               	btfsc	status,0,c
  7439   001056  EF2F  F008         	goto	u1991
  7440   00105A  EF31  F008         	goto	u1990
  7441   00105E                     u1991:
  7442   00105E  EF3D  F008         	goto	l2741
  7443   001062                     u1990:
  7444   001062  6A3A               	clrf	(___fldiv@new_exp+1)^0,c
  7445   001064  0E00               	movlw	0
  7446   001066  6E39               	movwf	___fldiv@new_exp^0,c
  7447   001068  0E00               	movlw	0
  7448   00106A  6E28               	movwf	___fldiv@b^0,c
  7449   00106C  0E00               	movlw	0
  7450   00106E  6E29               	movwf	(___fldiv@b+1)^0,c
  7451   001070  0E00               	movlw	0
  7452   001072  6E2A               	movwf	(___fldiv@b+2)^0,c
  7453   001074  0E00               	movlw	0
  7454   001076  6E2B               	movwf	(___fldiv@b+3)^0,c
  7455   001078  6A38               	clrf	___fldiv@sign^0,c
  7456   00107A                     l2741:
  7457   00107A  C039  F03F         	movff	___fldiv@new_exp,___fldiv@bexp
  7458   00107E  A03F               	btfss	___fldiv@bexp^0,0,c
  7459   001080  EF44  F008         	goto	u2001
  7460   001084  EF46  F008         	goto	u2000
  7461   001088                     u2001:
  7462   001088  EF49  F008         	goto	l2747
  7463   00108C                     u2000:
  7464   00108C  8E2A               	bsf	(___fldiv@b+2)^0,7,c
  7465   00108E  EF4A  F008         	goto	l2749
  7466   001092                     l2747:
  7467   001092  9E2A               	bcf	(___fldiv@b+2)^0,7,c
  7468   001094                     l2749:
  7469   001094  90D8               	bcf	status,0,c
  7470   001096  303F               	rrcf	___fldiv@bexp^0,w,c
  7471   001098  6E2B               	movwf	(___fldiv@b+3)^0,c
  7472   00109A  EF04  F007         	goto	l2665
  7473   00109E                     l970:
  7474   00109E  0012               	return		;funcret
  7475   0010A0                     __end_of___fldiv:
  7476                           	callstack 0
  7477                           
  7478 ;; *************** function _I2C_Read *****************
  7479 ;; Defined at:
  7480 ;;		line 53 in file "i2c.c"
  7481 ;; Parameters:    Size  Location     Type
  7482 ;;  ack             1    wreg     unsigned char 
  7483 ;; Auto vars:     Size  Location     Type
  7484 ;;  ack             1    1[COMRAM] unsigned char 
  7485 ;;  i               1    3[COMRAM] unsigned char 
  7486 ;;  data            1    2[COMRAM] unsigned char 
  7487 ;; Return value:  Size  Location     Type
  7488 ;;                  1    wreg      unsigned char 
  7489 ;; Registers used:
  7490 ;;		wreg, status,2, status,0
  7491 ;; Tracked objects:
  7492 ;;		On entry : 0/0
  7493 ;;		On exit  : 0/0
  7494 ;;		Unchanged: 0/0
  7495 ;; Data sizes:     COMRAM   BANK0   BANK1   BANK2   BANK3   BANK4   BANK5   BANK6   BANK7
  7496 ;;      Params:         0       0       0       0       0       0       0       0       0
  7497 ;;      Locals:         3       0       0       0       0       0       0       0       0
  7498 ;;      Temps:          1       0       0       0       0       0       0       0       0
  7499 ;;      Totals:         4       0       0       0       0       0       0       0       0
  7500 ;;Total ram usage:        4 bytes
  7501 ;; Hardware stack levels used: 1
  7502 ;; This function calls:
  7503 ;;		Nothing
  7504 ;; This function is called by:
  7505 ;;		_BME280_Read
  7506 ;;		_BH1750_ReadLux
  7507 ;; This function uses a non-reentrant model
  7508 ;;
  7509                           
  7510                           	psect	text38
  7511   001F60                     __ptext38:
  7512                           	callstack 0
  7513   001F60                     _I2C_Read:
  7514                           	callstack 28
  7515                           
  7516                           ;incstack = 0
  7517                           ;I2C_Read@ack stored from wreg
  7518   001F60  6E02               	movwf	I2C_Read@ack^0,c
  7519   001F62                     
  7520                           ;i2c.c: 54:     unsigned char data = 0;
  7521   001F62  6A03               	clrf	I2C_Read@data^0,c
  7522                           
  7523                           ;i2c.c: 55:     unsigned char i;;i2c.c: 56:     TRISBbits.TRISB1 = 1;
  7524   001F64  8293               	bsf	147,1,c	;volatile
  7525                           
  7526                           ;i2c.c: 57:     for (i = 0; i < 8; i++) {
  7527   001F66  6A04               	clrf	I2C_Read@i^0,c
  7528   001F68                     l2413:
  7529                           
  7530                           ;i2c.c: 58:         data <<= 1;
  7531   001F68  90D8               	bcf	status,0,c
  7532   001F6A  3603               	rlcf	I2C_Read@data^0,f,c
  7533   001F6C                     
  7534                           ;i2c.c: 59:         _delay((unsigned long)((5)*(8000000/4000000.0)));
  7535   001F6C  0E03               	movlw	3
  7536   001F6E                     u2767:
  7537   001F6E  2EE8               	decfsz	wreg,f,c
  7538   001F70  D7FE               	bra	u2767
  7539   001F72  0000               	nop	
  7540   001F74                     
  7541                           ;i2c.c: 60:         LATBbits.LATB0 = 1; _delay((unsigned long)((5)*(8000000/4000000.0)))
      +                          ;
  7542   001F74  808A               	bsf	138,0,c	;volatile
  7543   001F76  0E03               	movlw	3
  7544   001F78                     u2777:
  7545   001F78  2EE8               	decfsz	wreg,f,c
  7546   001F7A  D7FE               	bra	u2777
  7547   001F7C  0000               	nop	
  7548   001F7E                     
  7549                           ;i2c.c: 61:         if (PORTBbits.RB1) data |= 0x01;
  7550   001F7E  A281               	btfss	129,1,c	;volatile
  7551   001F80  EFC4  F00F         	goto	u1521
  7552   001F84  EFC6  F00F         	goto	u1520
  7553   001F88                     u1521:
  7554   001F88  EFC7  F00F         	goto	l2425
  7555   001F8C                     u1520:
  7556   001F8C  8003               	bsf	I2C_Read@data^0,0,c
  7557   001F8E                     l2425:
  7558                           
  7559                           ;i2c.c: 62:         LATBbits.LATB0 = 0; _delay((unsigned long)((5)*(8000000/4000000.0)))
      +                          ;
  7560   001F8E  908A               	bcf	138,0,c	;volatile
  7561   001F90  0E03               	movlw	3
  7562   001F92                     u2787:
  7563   001F92  2EE8               	decfsz	wreg,f,c
  7564   001F94  D7FE               	bra	u2787
  7565   001F96  0000               	nop	
  7566   001F98                     
  7567                           ;i2c.c: 63:     }
  7568   001F98  2A04               	incf	I2C_Read@i^0,f,c
  7569   001F9A  0E07               	movlw	7
  7570   001F9C  6404               	cpfsgt	I2C_Read@i^0,c
  7571   001F9E  EFD3  F00F         	goto	u1531
  7572   001FA2  EFD5  F00F         	goto	u1530
  7573   001FA6                     u1531:
  7574   001FA6  EFB4  F00F         	goto	l2413
  7575   001FAA                     u1530:
  7576   001FAA                     
  7577                           ;i2c.c: 64:     TRISBbits.TRISB1 = 0;
  7578   001FAA  9293               	bcf	147,1,c	;volatile
  7579   001FAC                     
  7580                           ;i2c.c: 65:     LATBbits.LATB1 = (ack) ? 0 : 1;
  7581   001FAC  5002               	movf	I2C_Read@ack^0,w,c
  7582   001FAE  B4D8               	btfsc	status,2,c
  7583   001FB0  EFDC  F00F         	goto	u1541
  7584   001FB4  EFE0  F00F         	goto	u1540
  7585   001FB8                     u1541:
  7586   001FB8  6A01               	clrf	??_I2C_Read^0,c
  7587   001FBA  2A01               	incf	??_I2C_Read^0,f,c
  7588   001FBC  EFE1  F00F         	goto	u1558
  7589   001FC0                     u1540:
  7590   001FC0  6A01               	clrf	??_I2C_Read^0,c
  7591   001FC2                     u1558:
  7592   001FC2  4601               	rlncf	??_I2C_Read^0,f,c
  7593   001FC4  508A               	movf	138,w,c	;volatile
  7594   001FC6  1801               	xorwf	??_I2C_Read^0,w,c
  7595   001FC8  0BFD               	andlw	-3
  7596   001FCA  1801               	xorwf	??_I2C_Read^0,w,c
  7597   001FCC  6E8A               	movwf	138,c	;volatile
  7598   001FCE                     
  7599                           ;i2c.c: 66:     _delay((unsigned long)((5)*(8000000/4000000.0)));
  7600   001FCE  0E03               	movlw	3
  7601   001FD0                     u2797:
  7602   001FD0  2EE8               	decfsz	wreg,f,c
  7603   001FD2  D7FE               	bra	u2797
  7604   001FD4  0000               	nop	
  7605   001FD6                     
  7606                           ;i2c.c: 67:     LATBbits.LATB0 = 1; _delay((unsigned long)((5)*(8000000/4000000.0)));
  7607   001FD6  808A               	bsf	138,0,c	;volatile
  7608   001FD8  0E03               	movlw	3
  7609   001FDA                     u2807:
  7610   001FDA  2EE8               	decfsz	wreg,f,c
  7611   001FDC  D7FE               	bra	u2807
  7612   001FDE  0000               	nop	
  7613   001FE0                     
  7614                           ;i2c.c: 68:     LATBbits.LATB0 = 0;
  7615   001FE0  908A               	bcf	138,0,c	;volatile
  7616   001FE2                     
  7617                           ;i2c.c: 69:     LATBbits.LATB1 = 1; _delay((unsigned long)((5)*(8000000/4000000.0)));
  7618   001FE2  828A               	bsf	138,1,c	;volatile
  7619   001FE4  0E03               	movlw	3
  7620   001FE6                     u2817:
  7621   001FE6  2EE8               	decfsz	wreg,f,c
  7622   001FE8  D7FE               	bra	u2817
  7623   001FEA  0000               	nop	
  7624   001FEC                     
  7625                           ;i2c.c: 70:     return data;
  7626   001FEC  5003               	movf	I2C_Read@data^0,w,c
  7627   001FEE  0012               	return		;funcret
  7628   001FF0                     __end_of_I2C_Read:
  7629                           	callstack 0
  7630                           
  7631 ;; *************** function _BH1750_Init *****************
  7632 ;; Defined at:
  7633 ;;		line 10 in file "bh1750.c"
  7634 ;; Parameters:    Size  Location     Type
  7635 ;;		None
  7636 ;; Auto vars:     Size  Location     Type
  7637 ;;		None
  7638 ;; Return value:  Size  Location     Type
  7639 ;;                  1    wreg      void 
  7640 ;; Registers used:
  7641 ;;		wreg, status,2, status,0, cstack
  7642 ;; Tracked objects:
  7643 ;;		On entry : 0/0
  7644 ;;		On exit  : 0/0
  7645 ;;		Unchanged: 0/0
  7646 ;; Data sizes:     COMRAM   BANK0   BANK1   BANK2   BANK3   BANK4   BANK5   BANK6   BANK7
  7647 ;;      Params:         0       0       0       0       0       0       0       0       0
  7648 ;;      Locals:         0       0       0       0       0       0       0       0       0
  7649 ;;      Temps:          1       0       0       0       0       0       0       0       0
  7650 ;;      Totals:         1       0       0       0       0       0       0       0       0
  7651 ;;Total ram usage:        1 bytes
  7652 ;; Hardware stack levels used: 1
  7653 ;; Hardware stack levels required when called: 1
  7654 ;; This function calls:
  7655 ;;		_I2C_Start
  7656 ;;		_I2C_Stop
  7657 ;;		_I2C_Write
  7658 ;; This function is called by:
  7659 ;;		_main
  7660 ;; This function uses a non-reentrant model
  7661 ;;
  7662                           
  7663                           	psect	text39
  7664   002496                     __ptext39:
  7665                           	callstack 0
  7666   002496                     _BH1750_Init:
  7667                           	callstack 29
  7668   002496                     
  7669                           ;bh1750.c: 11:     I2C_Start();
  7670   002496  EC35  F012         	call	_I2C_Start	;wreg free
  7671   00249A                     
  7672                           ;bh1750.c: 12:     I2C_Write(0x23 << 1);
  7673   00249A  0E46               	movlw	70
  7674   00249C  EC7A  F010         	call	_I2C_Write
  7675   0024A0                     
  7676                           ;bh1750.c: 13:     I2C_Write(0x01);
  7677   0024A0  0E01               	movlw	1
  7678   0024A2  EC7A  F010         	call	_I2C_Write
  7679                           
  7680                           ;bh1750.c: 14:     I2C_Stop();
  7681   0024A6  EC80  F012         	call	_I2C_Stop	;wreg free
  7682   0024AA                     
  7683                           ;bh1750.c: 15:     _delay((unsigned long)((10)*(8000000/4000.0)));
  7684   0024AA  0E1A               	movlw	26
  7685   0024AC  6E04               	movwf	??_BH1750_Init^0,c
  7686   0024AE  0EF8               	movlw	248
  7687   0024B0                     u2827:
  7688   0024B0  2EE8               	decfsz	wreg,f,c
  7689   0024B2  D7FE               	bra	u2827
  7690   0024B4  2E04               	decfsz	??_BH1750_Init^0,f,c
  7691   0024B6  D7FC               	bra	u2827
  7692   0024B8  D000               	nop2	
  7693   0024BA  0012               	return		;funcret
  7694   0024BC                     __end_of_BH1750_Init:
  7695                           	callstack 0
  7696                           
  7697 ;; *************** function _I2C_Write *****************
  7698 ;; Defined at:
  7699 ;;		line 38 in file "i2c.c"
  7700 ;; Parameters:    Size  Location     Type
  7701 ;;  data            1    wreg     unsigned char 
  7702 ;; Auto vars:     Size  Location     Type
  7703 ;;  data            1    1[COMRAM] unsigned char 
  7704 ;;  i               1    2[COMRAM] unsigned char 
  7705 ;; Return value:  Size  Location     Type
  7706 ;;                  1    wreg      void 
  7707 ;; Registers used:
  7708 ;;		wreg, status,2, status,0
  7709 ;; Tracked objects:
  7710 ;;		On entry : 0/0
  7711 ;;		On exit  : 0/0
  7712 ;;		Unchanged: 0/0
  7713 ;; Data sizes:     COMRAM   BANK0   BANK1   BANK2   BANK3   BANK4   BANK5   BANK6   BANK7
  7714 ;;      Params:         0       0       0       0       0       0       0       0       0
  7715 ;;      Locals:         2       0       0       0       0       0       0       0       0
  7716 ;;      Temps:          1       0       0       0       0       0       0       0       0
  7717 ;;      Totals:         3       0       0       0       0       0       0       0       0
  7718 ;;Total ram usage:        3 bytes
  7719 ;; Hardware stack levels used: 1
  7720 ;; This function calls:
  7721 ;;		Nothing
  7722 ;; This function is called by:
  7723 ;;		_OLED_Command
  7724 ;;		_OLED_Clear
  7725 ;;		_OLED_ClearLine
  7726 ;;		_OLED_WriteChar
  7727 ;;		_BME280_Write
  7728 ;;		_BME280_Read
  7729 ;;		_BH1750_Init
  7730 ;;		_BH1750_ReadLux
  7731 ;;		_OLED_Data
  7732 ;; This function uses a non-reentrant model
  7733 ;;
  7734                           
  7735                           	psect	text40
  7736   0020F4                     __ptext40:
  7737                           	callstack 0
  7738   0020F4                     _I2C_Write:
  7739                           	callstack 28
  7740                           
  7741                           ;incstack = 0
  7742                           ;I2C_Write@data stored from wreg
  7743   0020F4  6E02               	movwf	I2C_Write@data^0,c
  7744   0020F6                     
  7745                           ;i2c.c: 39:     unsigned char i;;i2c.c: 40:     for (i = 0; i < 8; i++) {
  7746   0020F6  6A03               	clrf	I2C_Write@i^0,c
  7747   0020F8                     l2385:
  7748                           
  7749                           ;i2c.c: 41:         LATBbits.LATB1 = (data & 0x80) ? 1 : 0;
  7750   0020F8  BE02               	btfsc	I2C_Write@data^0,7,c
  7751   0020FA  EF81  F010         	goto	u1491
  7752   0020FE  EF85  F010         	goto	u1490
  7753   002102                     u1491:
  7754   002102  6A01               	clrf	??_I2C_Write^0,c
  7755   002104  2A01               	incf	??_I2C_Write^0,f,c
  7756   002106  EF86  F010         	goto	u1508
  7757   00210A                     u1490:
  7758   00210A  6A01               	clrf	??_I2C_Write^0,c
  7759   00210C                     u1508:
  7760   00210C  4601               	rlncf	??_I2C_Write^0,f,c
  7761   00210E  508A               	movf	138,w,c	;volatile
  7762   002110  1801               	xorwf	??_I2C_Write^0,w,c
  7763   002112  0BFD               	andlw	-3
  7764   002114  1801               	xorwf	??_I2C_Write^0,w,c
  7765   002116  6E8A               	movwf	138,c	;volatile
  7766                           
  7767                           ;i2c.c: 42:         data <<= 1;
  7768   002118  90D8               	bcf	status,0,c
  7769   00211A  3602               	rlcf	I2C_Write@data^0,f,c
  7770   00211C                     
  7771                           ;i2c.c: 43:         _delay((unsigned long)((5)*(8000000/4000000.0)));
  7772   00211C  0E03               	movlw	3
  7773   00211E                     u2837:
  7774   00211E  2EE8               	decfsz	wreg,f,c
  7775   002120  D7FE               	bra	u2837
  7776   002122  0000               	nop	
  7777   002124                     
  7778                           ;i2c.c: 44:         LATBbits.LATB0 = 1; _delay((unsigned long)((5)*(8000000/4000000.0)))
      +                          ;
  7779   002124  808A               	bsf	138,0,c	;volatile
  7780   002126  0E03               	movlw	3
  7781   002128                     u2847:
  7782   002128  2EE8               	decfsz	wreg,f,c
  7783   00212A  D7FE               	bra	u2847
  7784   00212C  0000               	nop	
  7785   00212E                     
  7786                           ;i2c.c: 45:         LATBbits.LATB0 = 0; _delay((unsigned long)((5)*(8000000/4000000.0)))
      +                          ;
  7787   00212E  908A               	bcf	138,0,c	;volatile
  7788   002130  0E03               	movlw	3
  7789   002132                     u2857:
  7790   002132  2EE8               	decfsz	wreg,f,c
  7791   002134  D7FE               	bra	u2857
  7792   002136  0000               	nop	
  7793                           
  7794                           ;i2c.c: 46:     }
  7795   002138  2A03               	incf	I2C_Write@i^0,f,c
  7796   00213A  0E07               	movlw	7
  7797   00213C  6403               	cpfsgt	I2C_Write@i^0,c
  7798   00213E  EFA3  F010         	goto	u1511
  7799   002142  EFA5  F010         	goto	u1510
  7800   002146                     u1511:
  7801   002146  EF7C  F010         	goto	l2385
  7802   00214A                     u1510:
  7803   00214A                     
  7804                           ;i2c.c: 47:     TRISBbits.TRISB1 = 1; _delay((unsigned long)((5)*(8000000/4000000.0)));
  7805   00214A  8293               	bsf	147,1,c	;volatile
  7806   00214C  0E03               	movlw	3
  7807   00214E                     u2867:
  7808   00214E  2EE8               	decfsz	wreg,f,c
  7809   002150  D7FE               	bra	u2867
  7810   002152  0000               	nop	
  7811   002154                     
  7812                           ;i2c.c: 48:     LATBbits.LATB0 = 1; _delay((unsigned long)((5)*(8000000/4000000.0)));
  7813   002154  808A               	bsf	138,0,c	;volatile
  7814   002156  0E03               	movlw	3
  7815   002158                     u2877:
  7816   002158  2EE8               	decfsz	wreg,f,c
  7817   00215A  D7FE               	bra	u2877
  7818   00215C  0000               	nop	
  7819   00215E                     
  7820                           ;i2c.c: 49:     LATBbits.LATB0 = 0;
  7821   00215E  908A               	bcf	138,0,c	;volatile
  7822   002160                     
  7823                           ;i2c.c: 50:     TRISBbits.TRISB1 = 0; _delay((unsigned long)((5)*(8000000/4000000.0)));
  7824   002160  9293               	bcf	147,1,c	;volatile
  7825   002162  0E03               	movlw	3
  7826   002164                     u2887:
  7827   002164  2EE8               	decfsz	wreg,f,c
  7828   002166  D7FE               	bra	u2887
  7829   002168  0000               	nop	
  7830   00216A  0012               	return		;funcret
  7831   00216C                     __end_of_I2C_Write:
  7832                           	callstack 0
  7833                           
  7834 ;; *************** function _I2C_Stop *****************
  7835 ;; Defined at:
  7836 ;;		line 31 in file "i2c.c"
  7837 ;; Parameters:    Size  Location     Type
  7838 ;;		None
  7839 ;; Auto vars:     Size  Location     Type
  7840 ;;		None
  7841 ;; Return value:  Size  Location     Type
  7842 ;;                  1    wreg      void 
  7843 ;; Registers used:
  7844 ;;		wreg
  7845 ;; Tracked objects:
  7846 ;;		On entry : 0/0
  7847 ;;		On exit  : 0/0
  7848 ;;		Unchanged: 0/0
  7849 ;; Data sizes:     COMRAM   BANK0   BANK1   BANK2   BANK3   BANK4   BANK5   BANK6   BANK7
  7850 ;;      Params:         0       0       0       0       0       0       0       0       0
  7851 ;;      Locals:         0       0       0       0       0       0       0       0       0
  7852 ;;      Temps:          0       0       0       0       0       0       0       0       0
  7853 ;;      Totals:         0       0       0       0       0       0       0       0       0
  7854 ;;Total ram usage:        0 bytes
  7855 ;; Hardware stack levels used: 1
  7856 ;; This function calls:
  7857 ;;		Nothing
  7858 ;; This function is called by:
  7859 ;;		_OLED_Command
  7860 ;;		_OLED_Clear
  7861 ;;		_OLED_ClearLine
  7862 ;;		_OLED_WriteChar
  7863 ;;		_BME280_Write
  7864 ;;		_BME280_Read
  7865 ;;		_BH1750_Init
  7866 ;;		_BH1750_ReadLux
  7867 ;;		_OLED_Data
  7868 ;; This function uses a non-reentrant model
  7869 ;;
  7870                           
  7871                           	psect	text41
  7872   002500                     __ptext41:
  7873                           	callstack 0
  7874   002500                     _I2C_Stop:
  7875                           	callstack 28
  7876   002500                     
  7877                           ;i2c.c: 32:     TRISBbits.TRISB1 = 0;
  7878   002500  9293               	bcf	147,1,c	;volatile
  7879                           
  7880                           ;i2c.c: 33:     LATBbits.LATB1 = 0; _delay((unsigned long)((5)*(8000000/4000000.0)));
  7881   002502  928A               	bcf	138,1,c	;volatile
  7882   002504  0E03               	movlw	3
  7883   002506                     u2897:
  7884   002506  2EE8               	decfsz	wreg,f,c
  7885   002508  D7FE               	bra	u2897
  7886   00250A  0000               	nop	
  7887   00250C                     
  7888                           ;i2c.c: 34:     LATBbits.LATB0 = 1; _delay((unsigned long)((5)*(8000000/4000000.0)));
  7889   00250C  808A               	bsf	138,0,c	;volatile
  7890   00250E  0E03               	movlw	3
  7891   002510                     u2907:
  7892   002510  2EE8               	decfsz	wreg,f,c
  7893   002512  D7FE               	bra	u2907
  7894   002514  0000               	nop	
  7895   002516                     
  7896                           ;i2c.c: 35:     LATBbits.LATB1 = 1; _delay((unsigned long)((5)*(8000000/4000000.0)));
  7897   002516  828A               	bsf	138,1,c	;volatile
  7898   002518  0E03               	movlw	3
  7899   00251A                     u2917:
  7900   00251A  2EE8               	decfsz	wreg,f,c
  7901   00251C  D7FE               	bra	u2917
  7902   00251E  0000               	nop	
  7903   002520  0012               	return		;funcret
  7904   002522                     __end_of_I2C_Stop:
  7905                           	callstack 0
  7906                           
  7907 ;; *************** function _I2C_Start *****************
  7908 ;; Defined at:
  7909 ;;		line 23 in file "i2c.c"
  7910 ;; Parameters:    Size  Location     Type
  7911 ;;		None
  7912 ;; Auto vars:     Size  Location     Type
  7913 ;;		None
  7914 ;; Return value:  Size  Location     Type
  7915 ;;                  1    wreg      void 
  7916 ;; Registers used:
  7917 ;;		wreg
  7918 ;; Tracked objects:
  7919 ;;		On entry : 0/0
  7920 ;;		On exit  : 0/0
  7921 ;;		Unchanged: 0/0
  7922 ;; Data sizes:     COMRAM   BANK0   BANK1   BANK2   BANK3   BANK4   BANK5   BANK6   BANK7
  7923 ;;      Params:         0       0       0       0       0       0       0       0       0
  7924 ;;      Locals:         0       0       0       0       0       0       0       0       0
  7925 ;;      Temps:          0       0       0       0       0       0       0       0       0
  7926 ;;      Totals:         0       0       0       0       0       0       0       0       0
  7927 ;;Total ram usage:        0 bytes
  7928 ;; Hardware stack levels used: 1
  7929 ;; This function calls:
  7930 ;;		Nothing
  7931 ;; This function is called by:
  7932 ;;		_OLED_Command
  7933 ;;		_OLED_Clear
  7934 ;;		_OLED_ClearLine
  7935 ;;		_OLED_WriteChar
  7936 ;;		_BME280_Write
  7937 ;;		_BME280_Read
  7938 ;;		_BH1750_Init
  7939 ;;		_BH1750_ReadLux
  7940 ;;		_OLED_Data
  7941 ;; This function uses a non-reentrant model
  7942 ;;
  7943                           
  7944                           	psect	text42
  7945   00246A                     __ptext42:
  7946                           	callstack 0
  7947   00246A                     _I2C_Start:
  7948                           	callstack 28
  7949   00246A                     
  7950                           ;i2c.c: 24:     TRISBbits.TRISB1 = 0;
  7951   00246A  9293               	bcf	147,1,c	;volatile
  7952                           
  7953                           ;i2c.c: 25:     LATBbits.LATB1 = 1; _delay((unsigned long)((5)*(8000000/4000000.0)));
  7954   00246C  828A               	bsf	138,1,c	;volatile
  7955   00246E  0E03               	movlw	3
  7956   002470                     u2927:
  7957   002470  2EE8               	decfsz	wreg,f,c
  7958   002472  D7FE               	bra	u2927
  7959   002474  0000               	nop	
  7960   002476                     
  7961                           ;i2c.c: 26:     LATBbits.LATB0 = 1; _delay((unsigned long)((5)*(8000000/4000000.0)));
  7962   002476  808A               	bsf	138,0,c	;volatile
  7963   002478  0E03               	movlw	3
  7964   00247A                     u2937:
  7965   00247A  2EE8               	decfsz	wreg,f,c
  7966   00247C  D7FE               	bra	u2937
  7967   00247E  0000               	nop	
  7968   002480                     
  7969                           ;i2c.c: 27:     LATBbits.LATB1 = 0; _delay((unsigned long)((5)*(8000000/4000000.0)));
  7970   002480  928A               	bcf	138,1,c	;volatile
  7971   002482  0E03               	movlw	3
  7972   002484                     u2947:
  7973   002484  2EE8               	decfsz	wreg,f,c
  7974   002486  D7FE               	bra	u2947
  7975   002488  0000               	nop	
  7976   00248A                     
  7977                           ;i2c.c: 28:     LATBbits.LATB0 = 0; _delay((unsigned long)((5)*(8000000/4000000.0)));
  7978   00248A  908A               	bcf	138,0,c	;volatile
  7979   00248C  0E03               	movlw	3
  7980   00248E                     u2957:
  7981   00248E  2EE8               	decfsz	wreg,f,c
  7982   002490  D7FE               	bra	u2957
  7983   002492  0000               	nop	
  7984   002494  0012               	return		;funcret
  7985   002496                     __end_of_I2C_Start:
  7986                           	callstack 0
  7987                           
  7988                           	psect	rparam
  7989   000001                     ___rparam_used  equ	1
  7990   000000                     ___param_bank   equ	0
  7991   000000                     __Lparam        equ	__Lrparam
  7992   000000                     __Hparam        equ	__Hrparam
  7993                           
  7994                           	psect	config
  7995                           
  7996                           ;Config register CONFIG1L @ 0x300000
  7997                           ;	unspecified, using default values
  7998                           ;	PLL Prescaler Selection bits
  7999                           ;	PLLDIV = 0x0, unprogrammed default
  8000                           ;	System Clock Postscaler Selection bits
  8001                           ;	CPUDIV = 0x0, unprogrammed default
  8002                           ;	USB Clock Selection bit (used in Full-Speed USB mode only; UCFG:FSEN = 1)
  8003                           ;	USBDIV = 0x0, unprogrammed default
  8004   300000                     	org	3145728
  8005   300000  00                 	db	0
  8006                           
  8007                           ;Config register CONFIG1H @ 0x300001
  8008                           ;	Oscillator Selection bits
  8009                           ;	FOSC = INTOSCIO_EC, Internal oscillator, port function on RA6, EC used by USB (INTIO)
  8010                           ;	Fail-Safe Clock Monitor Enable bit
  8011                           ;	FCMEN = 0x0, unprogrammed default
  8012                           ;	Internal/External Oscillator Switchover bit
  8013                           ;	IESO = 0x0, unprogrammed default
  8014   300001                     	org	3145729
  8015   300001  08                 	db	8
  8016                           
  8017                           ;Config register CONFIG2L @ 0x300002
  8018                           ;	unspecified, using default values
  8019                           ;	Power-up Timer Enable bit
  8020                           ;	PWRT = 0x1, unprogrammed default
  8021                           ;	Brown-out Reset Enable bits
  8022                           ;	BOR = 0x3, unprogrammed default
  8023                           ;	Brown-out Reset Voltage bits
  8024                           ;	BORV = 0x3, unprogrammed default
  8025                           ;	USB Voltage Regulator Enable bit
  8026                           ;	VREGEN = 0x0, unprogrammed default
  8027   300002                     	org	3145730
  8028   300002  1F                 	db	31
  8029                           
  8030                           ;Config register CONFIG2H @ 0x300003
  8031                           ;	Watchdog Timer Enable bit
  8032                           ;	WDT = OFF, WDT disabled (control is placed on the SWDTEN bit)
  8033                           ;	Watchdog Timer Postscale Select bits
  8034                           ;	WDTPS = 0xF, unprogrammed default
  8035   300003                     	org	3145731
  8036   300003  1E                 	db	30
  8037                           
  8038                           ; Padding undefined space
  8039   300004                     	org	3145732
  8040   300004  FF                 	db	255
  8041                           
  8042                           ;Config register CONFIG3H @ 0x300005
  8043                           ;	CCP2 MUX bit
  8044                           ;	CCP2MX = 0x1, unprogrammed default
  8045                           ;	PORTB A/D Enable bit
  8046                           ;	PBADEN = OFF, PORTB<4:0> pins are configured as digital I/O on Reset
  8047                           ;	Low-Power Timer 1 Oscillator Enable bit
  8048                           ;	LPT1OSC = 0x0, unprogrammed default
  8049                           ;	MCLR Pin Enable bit
  8050                           ;	MCLRE = ON, MCLR pin enabled; RE3 input pin disabled
  8051   300005                     	org	3145733
  8052   300005  81                 	db	129
  8053                           
  8054                           ;Config register CONFIG4L @ 0x300006
  8055                           ;	Stack Full/Underflow Reset Enable bit
  8056                           ;	STVREN = 0x1, unprogrammed default
  8057                           ;	Single-Supply ICSP Enable bit
  8058                           ;	LVP = OFF, Single-Supply ICSP disabled
  8059                           ;	Dedicated In-Circuit Debug/Programming Port (ICPORT) Enable bit
  8060                           ;	ICPRT = 0x0, unprogrammed default
  8061                           ;	Extended Instruction Set Enable bit
  8062                           ;	XINST = 0x0, unprogrammed default
  8063                           ;	Background Debugger Enable bit
  8064                           ;	DEBUG = 0x1, unprogrammed default
  8065   300006                     	org	3145734
  8066   300006  81                 	db	129
  8067                           
  8068                           ; Padding undefined space
  8069   300007                     	org	3145735
  8070   300007  FF                 	db	255
  8071                           tosu	equ	0xFFF
  8072                           tosh	equ	0xFFE
  8073                           tosl	equ	0xFFD
  8074                           stkptr	equ	0xFFC
  8075                           pclatu	equ	0xFFB
  8076                           pclath	equ	0xFFA
  8077                           pcl	equ	0xFF9
  8078                           tblptru	equ	0xFF8
  8079                           tblptrh	equ	0xFF7
  8080                           tblptrl	equ	0xFF6
  8081                           tablat	equ	0xFF5
  8082                           prodh	equ	0xFF4
  8083                           prodl	equ	0xFF3
  8084                           indf0	equ	0xFEF
  8085                           postinc0	equ	0xFEE
  8086                           postdec0	equ	0xFED
  8087                           preinc0	equ	0xFEC
  8088                           plusw0	equ	0xFEB
  8089                           fsr0h	equ	0xFEA
  8090                           fsr0l	equ	0xFE9
  8091                           wreg	equ	0xFE8
  8092                           indf1	equ	0xFE7
  8093                           postinc1	equ	0xFE6
  8094                           postdec1	equ	0xFE5
  8095                           preinc1	equ	0xFE4
  8096                           plusw1	equ	0xFE3
  8097                           fsr1h	equ	0xFE2
  8098                           fsr1l	equ	0xFE1
  8099                           bsr	equ	0xFE0
  8100                           indf2	equ	0xFDF
  8101                           postinc2	equ	0xFDE
  8102                           postdec2	equ	0xFDD
  8103                           preinc2	equ	0xFDC
  8104                           plusw2	equ	0xFDB
  8105                           fsr2h	equ	0xFDA
  8106                           fsr2l	equ	0xFD9
  8107                           status	equ	0xFD8

Data Sizes:
    Strings     34
    Constant    200
    Data        0
    BSS         43
    Persistent  0
    Stack       0

Auto Spaces:
    Space          Size  Autos    Used
    COMRAM           95     80      91
    BANK0           160     28      60
    BANK1           256      0       0
    BANK2           256      0       0
    BANK3           256      0       0
    BANK4           256      0       0
    BANK5           256      0       0
    BANK6           256      0       0
    BANK7           256      0       0

Pointer List with Targets:

    f$.$buffer	PTR unsigned char  size(1) Largest target is 14
		 -> main@buffer(BANK0[14]), 

    f$.$source	PTR const unsigned char  size(2) Largest target is 0

    fputc@fp	PTR struct _IO_FILE size(1) Largest target is 11
		 -> sprintf@f(COMRAM[11]), 

    fputc@fp$.$buffer	PTR unsigned char  size(1) Largest target is 14
		 -> main@buffer(BANK0[14]), 

    fputc@fp$.$source	PTR const unsigned char  size(2) Largest target is 0

    OLED_WriteString@str	PTR unsigned char  size(2) Largest target is 14
		 -> main@buffer(BANK0[14]), STR_1(CODE[10]), 

    S1223$buffer	PTR unsigned char  size(1) Largest target is 14
		 -> main@buffer(BANK0[14]), 

    S1223$source	PTR const unsigned char  size(2) Largest target is 0

    sprintf@ap	PTR void [1] size(1) Largest target is 2
		 -> ?_sprintf(COMRAM[2]), 

    sprintf@fmt	PTR const unsigned char  size(1) Largest target is 7
		 -> STR_2(CODE[7]), STR_3(CODE[7]), STR_4(CODE[5]), STR_5(CODE[5]), 

    sprintf@s	PTR unsigned char  size(1) Largest target is 14
		 -> main@buffer(BANK0[14]), 

    vfpfcnvrt@ap	PTR PTR void  size(1) Largest target is 1
		 -> sprintf@ap(COMRAM[1]), 

    vfpfcnvrt@cp	PTR unsigned char  size(1) Largest target is 7
		 -> STR_2(CODE[7]), STR_3(CODE[7]), STR_4(CODE[5]), STR_5(CODE[5]), 

    vfpfcnvrt@fmt	PTR PTR unsigned char  size(1) Largest target is 1
		 -> vfprintf@cfmt(COMRAM[1]), 

    vfpfcnvrt@fp	PTR struct _IO_FILE size(1) Largest target is 11
		 -> sprintf@f(COMRAM[11]), 

    vfprintf@ap	PTR PTR void  size(1) Largest target is 1
		 -> sprintf@ap(COMRAM[1]), 

    vfprintf@cfmt	PTR unsigned char  size(1) Largest target is 7
		 -> STR_2(CODE[7]), STR_3(CODE[7]), STR_4(CODE[5]), STR_5(CODE[5]), 

    vfprintf@fmt	PTR const unsigned char  size(1) Largest target is 7
		 -> STR_2(CODE[7]), STR_3(CODE[7]), STR_4(CODE[5]), STR_5(CODE[5]), 

    vfprintf@fp	PTR struct _IO_FILE size(1) Largest target is 11
		 -> sprintf@f(COMRAM[11]), 


Critical Paths under _main in COMRAM

    _main->_BME280_ReadHumidity
    _sprintf->_vfprintf
    _vfprintf->_vfpfcnvrt
    _vfpfcnvrt->_abs
    _abs->___awmod
    _leer_temperatura->___fldiv
    _leer_aire->_leer_adc
    _control_temperatura->___flge
    _control_luz->___flge
    _control_humedad->___flge
    _control_aire->_set_PWM_duty
    _OLED_WriteString->_OLED_WriteChar
    _OLED_WriteChar->_I2C_Write
    _OLED_SetCursor->_OLED_Command
    _OLED_Init->_OLED_Command
    _OLED_ClearLine->_OLED_Command
    _OLED_Clear->_OLED_Command
    _OLED_Command->_I2C_Write
    _BME280_ReadHumidity->___fldiv
    ___flmul->___xxtofl
    _BME280_Read->_I2C_Read
    _BME280_Init->_BME280_Write
    _BME280_Write->_I2C_Write
    _BH1750_ReadLux->___fldiv
    ___fldiv->___flmul
    _BH1750_Init->_I2C_Write

Critical Paths under _main in BANK0

    None.

Critical Paths under _main in BANK1

    None.

Critical Paths under _main in BANK2

    None.

Critical Paths under _main in BANK3

    None.

Critical Paths under _main in BANK4

    None.

Critical Paths under _main in BANK5

    None.

Critical Paths under _main in BANK6

    None.

Critical Paths under _main in BANK7

    None.

Call Graph Tables:

 ---------------------------------------------------------------------------------
 (Depth) Function   	        Calls       Base Space   Used Autos Params    Refs
 ---------------------------------------------------------------------------------
 (0) _main                                                30    30      0   13244
                                             78 COMRAM     2     2      0
                                              0 BANK0     28    28      0
                        _BH1750_Init
                     _BH1750_ReadLux
                        _BME280_Init
                _BME280_ReadHumidity
                           _I2C_Init
                         _OLED_Clear
                     _OLED_ClearLine
                          _OLED_Init
                     _OLED_SetCursor
                   _OLED_WriteString
                            ___fltol
                       _control_aire
                    _control_humedad
                        _control_luz
                _control_temperatura
                           _init_ADC
                           _init_PWM
                          _leer_aire
                   _leer_temperatura
                              _setup
                            _sprintf
 ---------------------------------------------------------------------------------
 (1) _sprintf                                             18    14      4    1837
                                             25 COMRAM    16    12      4
                            ___fltol (ARG)
                           _vfprintf
 ---------------------------------------------------------------------------------
 (2) _vfprintf                                             4     1      3    1630
                                             21 COMRAM     4     1      3
                          _vfpfcnvrt
 ---------------------------------------------------------------------------------
 (3) _vfpfcnvrt                                           11     8      3    1502
                                             10 COMRAM    11     8      3
                            ___awdiv
                            ___awmod
                                _abs
                              _fputc
 ---------------------------------------------------------------------------------
 (4) _fputc                                                8     5      3     232
                                              0 COMRAM     8     5      3
                              _putch
 ---------------------------------------------------------------------------------
 (5) _putch                                                1     1      0       0
 ---------------------------------------------------------------------------------
 (4) _abs                                                  4     2      2      67
                                              6 COMRAM     4     2      2
                            ___awmod (ARG)
 ---------------------------------------------------------------------------------
 (4) ___awmod                                              6     2      4     298
                                              0 COMRAM     6     2      4
 ---------------------------------------------------------------------------------
 (4) ___awdiv                                              8     4      4     302
                                              0 COMRAM     8     4      4
 ---------------------------------------------------------------------------------
 (1) _setup                                                0     0      0       0
 ---------------------------------------------------------------------------------
 (1) _leer_temperatura                                     6     2      4    2983
                                             64 COMRAM     6     2      4
                            ___fldiv
                            ___flmul
                           ___xxtofl
                           _leer_adc
 ---------------------------------------------------------------------------------
 (1) _leer_aire                                            2     0      2      24
                                              4 COMRAM     2     0      2
                           _leer_adc
 ---------------------------------------------------------------------------------
 (2) _leer_adc                                             4     2      2      24
                                              0 COMRAM     4     2      2
 ---------------------------------------------------------------------------------
 (1) _init_PWM                                             0     0      0       0
 ---------------------------------------------------------------------------------
 (1) _init_ADC                                             0     0      0       0
 ---------------------------------------------------------------------------------
 (1) _control_temperatura                                  4     0      4     241
                                             12 COMRAM     4     0      4
                             ___flge
 ---------------------------------------------------------------------------------
 (1) _control_luz                                          4     0      4     241
                                             12 COMRAM     4     0      4
                             ___flge
 ---------------------------------------------------------------------------------
 (1) _control_humedad                                      4     0      4     311
                                             12 COMRAM     4     0      4
                             ___flge
                       _set_PWM_duty
 ---------------------------------------------------------------------------------
 (1) _control_aire                                         2     0      2      93
                                              4 COMRAM     2     0      2
                       _set_PWM_duty
 ---------------------------------------------------------------------------------
 (2) _set_PWM_duty                                         4     2      2      70
                                              0 COMRAM     4     2      2
 ---------------------------------------------------------------------------------
 (1) ___fltol                                             10     6      4     232
                                              0 COMRAM    10     6      4
 ---------------------------------------------------------------------------------
 (1) _OLED_WriteString                                     2     0      2     514
                                              8 COMRAM     2     0      2
                     _OLED_WriteChar
 ---------------------------------------------------------------------------------
 (2) _OLED_WriteChar                                       5     5      0     464
                                              3 COMRAM     5     5      0
                          _I2C_Start
                           _I2C_Stop
                          _I2C_Write
 ---------------------------------------------------------------------------------
 (1) _OLED_SetCursor                                       2     1      1     193
                                              4 COMRAM     2     1      1
                       _OLED_Command
 ---------------------------------------------------------------------------------
 (1) _OLED_Init                                            2     2      0     106
                                              4 COMRAM     2     2      0
                       _OLED_Command
 ---------------------------------------------------------------------------------
 (1) _OLED_ClearLine                                       2     2      0     258
                                              4 COMRAM     2     2      0
                          _I2C_Start
                           _I2C_Stop
                          _I2C_Write
                       _OLED_Command
 ---------------------------------------------------------------------------------
 (1) _OLED_Clear                                           2     2      0     297
                                              4 COMRAM     2     2      0
                          _I2C_Start
                           _I2C_Stop
                          _I2C_Write
                       _OLED_Command
 ---------------------------------------------------------------------------------
 (2) _OLED_Command                                         1     1      0     106
                                              3 COMRAM     1     1      0
                          _I2C_Start
                           _I2C_Stop
                          _I2C_Write
 ---------------------------------------------------------------------------------
 (1) _I2C_Init                                             0     0      0       0
 ---------------------------------------------------------------------------------
 (1) _BME280_ReadHumidity                                 14    10      4    3631
                                             64 COMRAM    14    10      4
                        _BME280_Read
                       _BME280_Write
                            ___fldiv
                             ___flge
                            ___flmul
                           ___xxtofl
 ---------------------------------------------------------------------------------
 (2) ___flmul                                             25    17      8    1470
                                             14 COMRAM    25    17      8
                           ___xxtofl (ARG)
 ---------------------------------------------------------------------------------
 (2) ___flge                                              12     4      8     196
                                              0 COMRAM    12     4      8
 ---------------------------------------------------------------------------------
 (2) _BME280_Read                                          2     2      0     229
                                              4 COMRAM     2     2      0
                           _I2C_Read
                          _I2C_Start
                           _I2C_Stop
                          _I2C_Write
 ---------------------------------------------------------------------------------
 (1) _BME280_Init                                          2     2      0     132
                                              5 COMRAM     2     2      0
                       _BME280_Write
 ---------------------------------------------------------------------------------
 (2) _BME280_Write                                         2     1      1     132
                                              3 COMRAM     2     1      1
                          _I2C_Start
                           _I2C_Stop
                          _I2C_Write
 ---------------------------------------------------------------------------------
 (1) _BH1750_ReadLux                                      10     6      4    1712
                                             64 COMRAM    10     6      4
                           _I2C_Read
                          _I2C_Start
                           _I2C_Stop
                          _I2C_Write
                            ___fldiv
                           ___xxtofl
 ---------------------------------------------------------------------------------
 (2) ___xxtofl                                            14    10      4     339
                                              0 COMRAM    14    10      4
 ---------------------------------------------------------------------------------
 (2) ___fldiv                                             25    17      8    1127
                                             39 COMRAM    25    17      8
                            ___flmul (ARG)
                           ___xxtofl (ARG)
 ---------------------------------------------------------------------------------
 (3) _I2C_Read                                             4     4      0     100
                                              0 COMRAM     4     4      0
 ---------------------------------------------------------------------------------
 (1) _BH1750_Init                                          1     1      0      77
                                              3 COMRAM     1     1      0
                          _I2C_Start
                           _I2C_Stop
                          _I2C_Write
 ---------------------------------------------------------------------------------
 (3) _I2C_Write                                            3     3      0      77
                                              0 COMRAM     3     3      0
 ---------------------------------------------------------------------------------
 (3) _I2C_Stop                                             0     0      0       0
 ---------------------------------------------------------------------------------
 (3) _I2C_Start                                            0     0      0       0
 ---------------------------------------------------------------------------------
 Estimated maximum stack depth 5
 ---------------------------------------------------------------------------------

 Call Graph Graphs:

 _main (ROOT)
   _BH1750_Init
     _I2C_Start
     _I2C_Stop
     _I2C_Write
   _BH1750_ReadLux
     _I2C_Read
     _I2C_Start
     _I2C_Stop
     _I2C_Write
     ___fldiv
       ___flmul (ARG)
         ___xxtofl (ARG)
       ___xxtofl (ARG)
     ___xxtofl
   _BME280_Init
     _BME280_Write
       _I2C_Start
       _I2C_Stop
       _I2C_Write
   _BME280_ReadHumidity
     _BME280_Read
       _I2C_Read
       _I2C_Start
       _I2C_Stop
       _I2C_Write
     _BME280_Write
     ___fldiv
     ___flge
     ___flmul
     ___xxtofl
   _I2C_Init
   _OLED_Clear
     _I2C_Start
     _I2C_Stop
     _I2C_Write
     _OLED_Command
       _I2C_Start
       _I2C_Stop
       _I2C_Write
   _OLED_ClearLine
     _I2C_Start
     _I2C_Stop
     _I2C_Write
     _OLED_Command
   _OLED_Init
     _OLED_Command
   _OLED_SetCursor
     _OLED_Command
   _OLED_WriteString
     _OLED_WriteChar
       _I2C_Start
       _I2C_Stop
       _I2C_Write
   ___fltol
   _control_aire
     _set_PWM_duty
   _control_humedad
     ___flge
     _set_PWM_duty
   _control_luz
     ___flge
   _control_temperatura
     ___flge
   _init_ADC
   _init_PWM
   _leer_aire
     _leer_adc
   _leer_temperatura
     ___fldiv
     ___flmul
     ___xxtofl
     _leer_adc
   _setup
   _sprintf
     ___fltol (ARG)
     _vfprintf (ARG)
       _vfpfcnvrt
         ___awdiv
         ___awmod
         _abs
           ___awmod (ARG)
         _fputc
           _putch

Address spaces:
Name               Size   Autos  Total    Usage
BIGRAM            2047      0       0      0.0%
BITBANK7           256      0       0      0.0%
BANK7              256      0       0      0.0%
BITBANK6           256      0       0      0.0%
BANK6              256      0       0      0.0%
BITBANK5           256      0       0      0.0%
BANK5              256      0       0      0.0%
BITBANK4           256      0       0      0.0%
BANK4              256      0       0      0.0%
BITBANK3           256      0       0      0.0%
BANK3              256      0       0      0.0%
BITBANK2           256      0       0      0.0%
BANK2              256      0       0      0.0%
BITBANK1           256      0       0      0.0%
BANK1              256      0       0      0.0%
BITBANK0           160      0       0      0.0%
BANK0              160     28      60     37.5%
BITCOMRAM           95      0       0      0.0%
COMRAM              95     80      91     95.8%
BITBIGSFRh          66      0       0      0.0%
BITBIGSFRlh         59      0       0      0.0%
BITBIGSFRll         33      0       0      0.0%
STACK                0      0       0      0.0%
DATA                 0      0     151      0.0%


Microchip Technology PIC18 Macro Assembler V3.10 build 20250813170317 
Symbol Table                                                                                   Mon May  4 18:31:28 2026

             OLED_ClearLine@linea 0005                      ___fldiv@aexp 0040                      ___fldiv@bexp 003F  
                    ___fldiv@sign 0038                                l55 2596                                l82 2572  
                              l85 2326                                l93 2072                                l88 234A  
                              l96 2586                      ___awdiv@sign 0006                               l110 1E22  
                             l210 2308                               l130 20F2                               l124 2276  
                             l205 2220                               l213 24FE                               l118 1EC0  
                             l145 25A4                               l162 25B0                               l251 238A  
                             l235 21C8                               l172 214A                               l165 2494  
                             l173 216A                               l229 189A                               l149 22C2  
                             l254 23C8                     _contador_aire 0059                               l168 2520  
                             l272 24BA                               l248 255C                               l192 253E  
                             l177 1FAA                               l179 1FEE                               l275 1F5E  
                             l259 177A                               l198 1B6C                               l632 1CDA  
                             l619 1C2C                               l653 1A5E                               l658 1AA4  
                             l685 19A0                               l970 109E                               l972 0F04  
                             l981 0F4A                               l982 0F68                               l983 0FC0  
                             l975 0EC8                               l984 0FAE                               _PR2 0FCB  
                             _abs 2406                  ??_OLED_SetCursor 0006                      ___awmod@sign 0006  
                             wreg 0FE8                      ___flmul@aexp 0020                      ___flmul@bexp 0021  
        __end_of_OLED_WriteString 21CA                      ___flmul@sign 001B                      ___flmul@temp 0026  
                    ___flmul@prod 0022                      _BME280_Write 2540                      ___fltol@exp1 000A  
                            l1010 0BC4                              l1002 09B0                              l1011 0C1C  
                            l1012 0C0A                              l1006 0D10                              l1111 2404  
                            l1104 1498                              l1009 0BA6                              l1050 1588  
                            l1130 1D84                              l1043 14F0                              l1019 0CD2  
                            l1115 2420                              ?_abs 0007                              l1141 25B2  
                            l1046 164C                              l1118 2438                              l1057 15E4  
                            l3001 1AE8                              l1066 2468                              l3011 1B06  
                            l3003 1AEE                              l3021 1B24                              l3013 1B0C  
                            l3005 1AF4                              l3101 1FF0                              l2301 1C1C  
                            l3111 164E                              l3031 1B42                              l3023 1B2A  
                            l3015 1B12                              l3007 1AFA                              l3103 2002  
                            l2303 1C24                              l2311 1C3E                              l2401 2154  
                            l3121 1684                              l3113 1662                              l3033 1B48  
                            l3025 1B30                              l3017 1B18                              l3009 1B00  
                            l3201 2242                              l2321 1C72                              l2313 1C46  
                            l2403 215E                              l3131 173C                              l3123 168C  
                            l3115 1672                              l3051 21EA                              l3035 1B4E  
                            l3027 1B36                              l3019 1B1E                              l3203 224C  
                            l3211 2074                              l3107 2574                              l2331 1CAE  
                            l2323 1C7A                              l2315 1C4A                              l2307 1C2E  
                            l2405 2160                              l2421 1F7E                              l2413 1F68  
                            l3141 1EC2                              l3133 174C                              l3125 1694  
                            l3117 1678                              l3061 21F8                              l3053 21F0  
                            l3045 21CC                              l3221 22DA                              l3037 1B54  
                            l3029 1B3C                              l3205 2268                              l3213 20A6  
                            l2333 1CB4                              l2325 1C82                              l2317 1C58  
                            l2309 1C30                              l3301 10BA                              l2431 1F9A  
                            l2423 1F8C                              l2415 1F6C                              l2407 1F62  
                            l3151 1EF2                              l3143 1EC6                              l3071 238C  
                            l3135 175A                              l3127 16A0                              l3119 167E  
                            l3063 21FA                              l3047 21E0                              l3039 21CA  
                            l3223 22DE                              l3207 226E                              l3215 20B4  
                            l2511 231C                              l2271 1B8A                              l2263 1B6E  
                            l2327 1C90                              l2335 1CBA                              l2319 1C60  
                            l2351 1D22                              l2343 1CDC                              l2503 1476  
                            l3311 10CE                              l3303 10BE                              l2361 246A  
                            l3081 24A0                              l2441 1FE0                              l2433 1FAC  
                            l2425 1F8E                              l2417 1F74                              l3161 1F18  
                            l3153 1EF8                              l3145 1ECC                              l3073 23A4  
                            l2601 2352                              l3137 176A                              l3129 170A  
                            l3065 220A                              l3049 21E4                              l3233 22EC  
                            l3225 22E4                              l2521 2290                              l3209 2274  
                            l3217 20E6                              l2513 2324                              l2281 1BBC  
                            l2273 1B98                              l2265 1B70                              l2337 1CCA  
                            l2329 1CA6                              l2353 1D54                              l2345 1CEC  
                            l3241 243A                              l3321 1106                              l3313 10D2  
                            l3305 10C2                              l2363 246E                              l2371 2500  
                            l3083 24AA                              l2443 1FE2                              l2435 1FCE  
                            l2427 1F90                              l2419 1F76                              l3155 1F00  
                            l3147 1ED6                              l3075 23AE                              l2611 2374  
                            l2603 2358                              l2531 252E                              l3067 220E  
                            l3059 21F2                              l3235 22F2                              l3227 22EA  
                            l3219 22C6                              l3091 24F4                              l2523 2296  
                            l3171 1DCC                              l2515 2334                              l2291 1BF6  
                            l2283 1BC4                              l2275 1BA0                              l2267 1B7E  
                            l2339 1CD2                              l2347 1CFC                              l2451 12AC  
                            l3243 2442                              l3331 1152                              l3323 110A  
                            l3315 10D6                              l3307 10C6                              l2365 2476  
                            l2373 2504                              l3077 2496                              l2445 1FE4  
                            l2437 1FD6                              l2429 1F98                              l2701 0EF2  
                            l2621 0D12                              l3157 1F08                              l3149 1EEE  
                            l2613 237C                              l2605 2362                              l2533 2534  
                            l3069 2210                              l3237 22F4                              l3085 24E0  
                            l2541 1796                              l3093 216C                              l3261 18F0  
                            l3253 189C                              l2525 22AE                              l3181 1E24  
                            l3173 1DD6                              l3165 1D86                              l2509 230A  
                            l2293 1BFE                              l2285 1BCC                              l2277 1BA4  
                            l2269 1B86                              l2357 2406                              l2349 1D06  
                            l2461 12EE                              l2453 12CE                              l3245 2448  
                            l3341 11A0                              l3333 1166                              l3325 111E  
                            l3317 10E0                              l3309 10CA                              l2367 2480  
                            l2375 250C                              l2391 2126                              l3079 249A  
                            l2447 1FEC                              l2439 1FD8                              l2711 0F3A  
                            l2703 0F02                              l2631 0D4E                              l2623 0D1E  
                            l3159 1F0C                              l2615 2380                              l2607 236A  
                            l2535 253A                              l2527 2524                              l3239 2304  
                            l3087 24E4                              l2551 17E0                              l2543 17A0  
                            l3095 2170                              l3263 18F2                              l3255 18B2  
                            l2519 2278                              l3191 1E86                              l3183 1E36  
                            l3175 1DE8                              l3167 1D98                              l2295 1C00  
                            l2287 1BDA                              l2279 1BAA                              l2359 2414  
                            l2471 1360                              l2463 130A                              l2455 12D6  
                            l3247 244E                              l3351 11EC                              l3343 11AA  
                            l3335 117A                              l3327 112A                              l3319 10F0  
                            l2369 248A                              l2377 2516                              l2393 212E  
                            l2385 20F8                              l2713 0F48                              l2705 0F14  
                            l2641 0D7C                              l2633 0D5E                              l2625 0D2C  
                            l2617 2388                              l2609 236E                              l2801 09FA  
                            l2529 2528                              l3089 24EC                              l2561 182E  
                            l2553 17F0                              l2545 17B0                              l2537 177E  
                            l3097 2194                              l3265 1902                              l3193 1EB8  
                            l3185 1E68                              l3177 1E1A                              l3169 1DCA  
                            l2297 1C06                              l2289 1BE0                              l2481 13DA  
                            l2473 138E                              l2465 1326                              l2457 12E0  
                            l3249 245E                              l3361 1242                              l3353 1214  
                            l3345 11D2                              l3337 1186                              l3329 113E  
                            l2395 2130                              l2387 211C                              l2379 20F6  
                            l2723 0FD0                              l2731 1018                              l2707 0F2A  
                            l2715 0F5A                              l2651 0DB2                              l2643 0D82  
                            l2635 0D60                              l2627 0D2E                              l2811 0A4C  
                            l2803 0A10                              l2571 185A                              l2563 1838  
                            l2555 1800                              l2547 17C0                              l2539 1784  
                            l3099 2198                              l3291 1980                              l3275 192C  
                            l3267 1906                              l3259 18C6                              l3195 1EBA  
                            l3187 1E6A                              l3179 1E1C                              l2299 1C0C  
                            l2483 13EA                              l2475 13A8                              l2467 133E  
                            l2491 142E                              l2459 12E4                              l3371 128E  
                            l3363 124C                              l3355 121E                              l3347 11DC  
                            l3339 119A                              l2397 213A                              l2389 2124  
                            l2741 107A                              l2733 1032                              l2725 0FDC  
                            l2717 0F78                              l2709 0F30                              l2661 0DF0  
                            l2653 0DC2                              l2645 0D90                              l2629 0D3E  
                            l2637 0D66                              l2901 1A9C                              l2821 0A92  
                            l2813 0A5A                              l2805 0A1C                              l2581 187E  
                            l2573 1860                              l2565 184A                              l2557 1812  
                            l2549 17D0                              l3293 1990                              l3285 1954  
                            l3277 1936                              l3269 1914                              l3197 2222  
                            l3189 1E74                              l2493 1450                              l2485 13FC  
                            l2477 13BA                              l2469 1348                              l3365 1252  
                            l3357 1224                              l3349 11E2                              l2399 214C  
                            l2743 107E                              l2735 1048                              l2727 0FEA  
                            l2719 0FA6                              l2663 0E00                              l2671 0E20  
                            l2655 0DC4                              l2647 0D92                              l2639 0D76  
                            l2911 14BA                              l2591 2546                              l2903 1AA2  
                            l2831 0B00                              l2823 0AAC                              l2815 0A66  
                            l2807 0A34                              l2583 1880                              l2559 181C  
                            l2567 1850                              l3287 1960                              l3279 1940  
                            l3199 223E                              l2495 1458                              l2487 1416  
                            l2479 13CA                              l3367 125C                              l3359 122E  
                            l2745 108C                              l2737 1062                              l2729 1014  
                            l2681 0E5E                              l2673 0E30                              l2665 0E08  
                            l2649 0DA2                              l2657 0DCA                              l2921 1532  
                            l2913 1500                              l2593 254C                              l2841 0B96  
                            l2833 0B2A                              l2825 0ABC                              l2817 0A76  
                            l2809 0A40                              l2761 0906                              l2585 1890  
                            l2569 1854                              l3289 1970                              l2489 1418  
                            l3369 1284                              l3297 10A0                              l2747 1092  
                            l2739 1078                              l2691 0EA4                              l2683 0E6E  
                            l2675 0E30                              l2667 0E0C                              l2659 0DDA  
                            l2931 15BA                              l2923 153E                              l2915 1516  
                            l2907 149C                              l2595 2552                              l2843 0BA4  
                            l2835 0B60                              l2827 0AD8                              l2819 0A82  
                            l2771 093E                              l2763 0908                              l2587 1896  
                            l2579 1862                              l2499 146A                              l3299 10A4  
                            l2749 1094                              l2693 0EB8                              l2685 0E7E  
                            l2941 15F8                              l2933 15C6                              l2925 1570  
                            l2909 14AC                              l2597 2558                              l2589 2542  
                            l2853 0C2C                              l2861 0C74                              l2845 0BB6  
                            l2837 0B6E                              l2829 0AE4                              l2781 096A  
                            l2773 094E                              l2765 0918                              l2757 08EC  
                            l2695 0EC6                              l2687 0E8E                              l2679 0E44  
                            l2943 161C                              l2935 15D4                              l2927 1572  
                            l2919 152A                              l2599 234E                              l2871 0CD6  
                            l2863 0C8E                              l2855 0C38                              l2847 0BD4  
                            l2839 0B8C                              l2791 09C0                              l2783 097A  
                            l2775 0954                              l2767 0928                              l2759 08F8  
                            l2697 0ED2                              l2689 0E94                              l2945 162C  
                            l2937 15F2                              l2929 157E                              l2881 0D00  
                            l2873 0CE6                              l2865 0CA2                              l2857 0C46  
                            l2849 0C02                              l2793 09D0                              l2785 098A  
                            l2777 095A                              l2769 0938                              l2953 23CA  
                            l2699 0EF0                              l2947 163A                              l2939 15F4  
                            l2891 1A0E                              l2875 0CF4                              l2867 0CBC  
                            l2859 0C70                              l2787 099A                              l2779 0968  
                            l2971 2592                              l2963 2588                              l2955 23D2  
                            l2949 163C                              l2893 1A1E                              l2885 19A2  
                            l2877 0CF6                              l2869 0CCC                              l2797 09E4  
                            l2789 09A0                              l2981 2598                              l2973 2594  
                            l2965 258C                              l2957 23E2                              l2895 1A2C  
                            l2887 19D0                              l2879 0CFC                              l2799 09F0  
                            l2975 25A6                              l2991 1ACA                              l2983 259C  
                            l2967 258E                              l2959 23FE                              l2897 1A3E  
                            l2889 19E0                              l2993 1AD0                              l2985 1AA6  
                            l2977 255E                              l2969 2590                              l2899 1A4C  
                            l2995 1AD6                              l2987 1ABE                              l2979 256A  
                            l2997 1ADC                              l2989 1AC4                      ?_control_luz 000D  
                            l2999 1AE2                              STR_1 08C9                              STR_2 08DA  
                            STR_3 08D3                              STR_4 08E1                              STR_5 08E6  
                            u2000 108C                              u2001 1088                              u2010 0906  
                            u2011 0902                              u2100 0BA4                              u2020 0918  
                            u2101 0BA0                              u2021 0914                              u2110 0BC4  
                            u2030 0928                              u2111 0BC0                              u2031 0924  
                     ?_OLED_Clear 0001                              u2200 19D0                              u2120 0BD4  
                            u2040 0968                              u1320 1B7E                              u1400 1C72  
                            u2201 19CC                              u2121 0BD0                              u2041 0964  
                            u1321 1B7A                              u1401 1C6E                              u2210 1A0E  
                            u2130 0C02                              u2050 097A                              u1330 1B98  
                            u1410 1C90                              u2211 1A0A                              u2131 0BFE  
                            u2051 0976                              u1331 1B94                              u1411 1C8C  
                            u2300 15D4                              u2220 1A2C                              u2140 0C18  
                            u2060 098A                              u1340 1BBC                              u1420 1CA6  
                            u2301 15D0                              u2221 1A28                              u2141 0C14  
                            u2061 0986                              u1341 1BB8                              u1421 1CA2  
                            u1510 214A                              u2310 15E4                              u2230 1A4C  
                            u2150 0C2C                              u2070 09C0                              u1350 1BDA  
                            u1430 1CCA                              u1511 2146                              u2311 15E0  
                            u2231 1A48                              u2151 0C28                              u2071 09BC  
                            u1351 1BD6                              u1431 1CC6                              u1520 1F8C  
                            u2320 15F2                              u2240 1A9C                              u2160 0C46  
                            u2080 09D0                              u2400 21C8                              u1360 1BF6  
                            u1440 1CEC                              u1600 135E                              _LATD 0F8C  
                            u1521 1F88                              u2321 15EE                              u2241 1A98  
                            u2161 0C42                              u2081 09CC                              u2401 21C4  
                            u1361 1BF2                              u1441 1CE8                              u1530 1FAA  
                            u2330 162C                              u2250 14AC                              u2170 0C8E  
                            u2090 0B4A                              u2410 173C                              u1370 1C1C  
                            u1450 1CFC                              u1610 13BA                              u1531 1FA6  
                            u2331 1628                              u2251 14A8                              u2171 0C8A  
                            u2411 1738                              u1371 1C18                              u1451 1CF8  
                            u1611 13B6                              u1508 210C                              u1540 1FC0  
                            u2340 163A                              u2260 14BA                              u2180 0CBC  
                            u2420 175A                              u1700 17B0                              u2500 1EB8  
                            u1380 1C3E                              u1460 1D22                              u1620 13CA  
                            u1541 1FB8                              u2341 1636                              u2261 14B6  
                            u2181 0CB8                              u2421 1756                              u1701 17AC  
                            u2501 1EB4                              u1381 1C3A                              u1461 1D1E  
                            u1621 13C6                              u2270 1516                              u2190 0CF4  
                            u1710 17C0                              u2510 223E                              u2430 1D98  
                            u1390 1C58                              u1470 1D54                              u1630 13DA  
                            u2350 23FE                              u2271 1512                              u2191 0CF0  
                            u2095 0B40                              u1711 17BC                              u2511 223A  
                            u2431 1D94                              u1391 1C54                              u1471 1D50  
                            u1631 13D6                              u2351 23FA                              u1800 0D4E  
                            u2280 156C                              u2360 220A                              u1720 17E0  
                            u2600 1950                              u2520 2268                              u2440 1DCA  
                            u1480 2414                              u1640 13EA                              u1560 12CE  
                            u1801 0D4A                              u2281 1568                              u2361 2206  
                            u1721 17DC                              u2601 194C                              u2521 2264  
                            u2441 1DC6                              u1481 2410                              u1641 13E6  
                            u1561 12CA                              u1490 210A                              u1810 0D90  
                            u2290 15B6                              u2370 2220                              u1730 17F0  
                            u2610 1970                              u2530 20A6                              u2450 1DE8  
                            u1650 142A                              u1570 130A                              u1491 2102  
                            u1811 0D8C                              u2291 15B2                              u2371 221C  
                            u1731 17EC                              u2611 196C                              u2531 20A2  
                            u2451 1DE4                              u1651 1426                              u1571 1306  
                            u1900 0F2A                              u1820 0DA2                              u1740 1812  
                            u2380 2190                              u2620 1980                              u2540 20E6  
                            u2460 1E1A                              u1660 1450                              u1580 1326  
                            u1901 0F26                              u1821 0D9E                              u1741 180E  
                            u2621 197C                              u2541 20E2                              u2461 1E16  
                            u1661 144C                              u1581 1322                              u1558 1FC2  
                            u1910 0F48                              u1830 0DB2                              u2550 2304  
                            u1750 182E                              u2390 21B8                              u2470 1E36  
                            u1670 2334                              u1590 135C                              u1911 0F44  
                            u1831 0DAE                              u2551 2300                              u1751 182A  
                            u2471 1E32                              u1671 2330                              u1591 1356  
                            u1920 0F68                              u1840 0DF0                              u1760 184A  
                            u2560 18B2                              u1680 2290                              u2480 1E68  
                            u1921 0F64                              u1841 0DEC                              u1761 1846  
                            u2561 18AE                              u1681 228C                              u2481 1E64  
                            u1930 0F78                              u1850 0E30                              u1770 1890  
                            u1690 1796                              u2570 18E6                              u2490 1E86  
                            u1931 0F74                              u1851 0E2C                              u2707 1668  
                            u1771 188C                              u1691 1792                              u2387 2186  
                            u2491 1E82                              u1940 0FA6                              u1860 0EA4  
                            u1780 0D2C                              u2580 1914                              u1941 0FA2  
                            u1861 0EA0                              u1781 0D28                              u2717 2364  
                            u2397 21AE                              u2581 1910                              u2637 10AE  
                            u1950 0FBC                              u1870 0EC6                              u1790 0D3E  
                            u2590 1928                              u2807 1FDA                              u1951 0FB8  
                            u1871 0EC2                              u1791 0D3A                              u2727 2382  
                            u2591 1924                              u2575 18DC                              u2647 10FA  
                            u1960 0FD0                              u1880 0EF0                              u2817 1FE6  
                            u1961 0FCC                              u1881 0EEC                              u2737 2396  
                            u2657 1298                              u1970 0FEA                              u1890 0F14  
                            u2907 2510                              u2827 24B0                              u1971 0FE6  
                            u1891 0F10                              u2747 23BE                              u2667 231E  
                            u1980 1032                              u2917 251A                              u2837 211E  
                            u1981 102E                              u2757 1EE0                              u2677 256C  
                            u1990 1062                              u2927 2470                              u2847 2128  
                            u2767 1F6E                              u1991 105E                              u2687 1AB0  
                            u2937 247A                              u2857 2132                              u2777 1F78  
                            u2697 1B5E                              u2947 2484                              u2867 214E  
                            u2787 1F92                              u2957 248E                              u2877 2158  
                            u2797 1FD0                              u2887 2164                              u2897 2506  
                     main@humedad 0092                              abs@a 0007                              _dbuf 0060  
                            _main 10A0                              _prec 0053                  __end_of_I2C_Init 25B2  
                __end_of_I2C_Read 1FF0                              fsr1h 0FE2                              fsr2h 0FDA  
                            indf1 0FE7                              indf2 0FDF                              fsr1l 0FE1  
                            fsr2l 0FD9                  __end_of_I2C_Stop 2522               _control_temperatura 1D86  
                            prodh 0FF4                              prodl 0FF3                              start 7FFC  
                 ___fldiv@new_exp 0039               OLED_WriteString@str 0009                      ___param_bank 0000  
                ??_OLED_WriteChar 0004                             ??_abs 0009                     ?_control_aire 0005  
                   ___fltol@sign1 0009                             ?_main 0001                   __end_of___fldiv 10A0  
                 __end_of___awdiv 1C2E                   __end_of___awmod 1CDC                   __end_of___flmul 0D12  
                 __end_of___fltol 19A2                   ___awdiv@divisor 0003                             _T2CON 0FCA  
            ?_control_temperatura 000D                   ___awdiv@counter 0005                      vfpfcnvrt@fmt 000C  
                           _TRISA 0F92                             _TRISB 0F93                             _TRISC 0F94  
                           _TRISD 0F95                   __end_of_font5x7 08C9                             _flags 005B  
                           _fputc 1CDC                             _setup 2588                             _width 0051  
                           _putch 25B2                 __end_of_I2C_Start 2496                 __end_of_I2C_Write 216C  
                           tablat 0FF5                             status 0FD8                   __end_of_sprintf 246A  
                _leer_temperatura 1FF0                   __initialization 24BC                      __end_of_main 12AC  
                  ??_control_aire 0007                 BH1750_ReadLux@lsb 004A                 BH1750_ReadLux@msb 0049  
               BH1750_ReadLux@raw 0047                            ??_main 004F             ??_control_temperatura 0011  
                   __activetblptr 0002                         I2C_Read@i 0004                            _ADCON0 0FC2  
                          _ADCON1 0FC1                            _ADCON2 0FC0                            ?_fputc 0001  
                          _ADRESH 0FC4                            _ADRESL 0FC3                            _CCPR1L 0FBE  
                ___awdiv@dividend 0001                            ?_setup 0001                            ?_putch 0001  
                  _BH1750_ReadLux 1EC2                 __end_of_OLED_Init 1B6E                            _OSCCON 0FD3  
                   vfpfcnvrt@done 000F                     ?_OLED_Command 0001                  __end_of___xxtofl 164E  
               ??_control_humedad 0011                     ??_BH1750_Init 0004                      vfprintf@cfmt 0019  
                          ___flge 19A2                         ??___fldiv 0030                         ??___awdiv 0005  
                __end_of_leer_adc 234C                         ??___awmod 0005                         ??___flmul 0017  
                       ??___fltol 0005                  __end_of_init_ADC 2574                  __end_of_init_PWM 25A6  
                     OLED_Clear@i 0005                            clear_0 24C2                            clear_1 24CE  
                ___awdiv@quotient 0007                   ___awmod@divisor 0003                            isa$std 0001  
                 ___awmod@counter 0005                            fputc@c 0001                         ?_I2C_Init 0001  
                       ?_I2C_Read 0001                         ?_I2C_Stop 0001                      __mediumconst 0800  
                          tblptrh 0FF7                            tblptrl 0FF6                            tblptru 0FF8  
          __end_of_BH1750_ReadLux 1F60                            putch@c 0001                  __end_of_vfprintf 2406  
                       ??_sprintf 001E                        ___flge@ff1 0001                        ___flge@ff2 0005  
                  ??_OLED_Command 0004                      ___xxtofl@arg 000B                      ___xxtofl@exp 000A  
                    ___xxtofl@val 0001                        __accesstop 0060           __end_of__initialization 24D4  
                   ___rparam_used 0001               _BME280_ReadHumidity 164E                        ___fltol@f1 0001  
                  __pcstackCOMRAM 0001                     __end_of_fputc 1D86                     __end_of_setup 2598  
             __end_of_BH1750_Init 24BC                     __end_of_putch 25B4              ?_BME280_ReadHumidity 0041  
                      ??_I2C_Init 0001                        ??_I2C_Read 0001                        ??_I2C_Stop 0001  
               ?_OLED_WriteString 0009                   ?_BH1750_ReadLux 0041                     ?_set_PWM_duty 0001  
                         ??_fputc 0004                           ??_setup 0001                           ??_putch 0001  
                    ??_OLED_Clear 0005                ??_OLED_WriteString 000B                        __pbssBANK0 0060  
                   ??_BME280_Init 0006                     ??_BME280_Read 0005              __end_of_control_aire 2278  
                    I2C_Read@data 0003                           ?___flge 0001               leer_temperatura@adc 0045  
                         _CCP1CON 0FBD                        I2C_Write@i 0003                __end_of_OLED_Clear 2222  
           ??_BME280_ReadHumidity 0045                  BME280_Write@data 0004                         ?___xxtofl 0001  
        __end_of_leer_temperatura 2074                    ??_set_PWM_duty 0003                         ?_leer_adc 0001  
                       ?_init_ADC 0001                         ?_init_PWM 0001                         _I2C_Start 246A  
                       _I2C_Write 20F4                           __Hparam 0000                       _BH1750_Init 2496  
                         __Lparam 0000               __end_of_BME280_Init 23CA               __end_of_BME280_Read 238C  
                         ___fldiv 0D12                           ___awdiv 1B6E                           ___awmod 1C2E  
                         ___flmul 08EC                           ___fltol 189C                OLED_SetCursor@page 0005  
                       ?_vfprintf 0016                      __psmallconst 0800                 __end_of_leer_aire 2588  
                         __pcinit 24BC                           __ramtop 0800              __end_of_OLED_Command 2540  
                         __ptext0 10A0                           __ptext1 243A                           __ptext2 23CA  
                         __ptext3 12AC                           __ptext4 1CDC                           __ptext5 25B2  
                         __ptext6 2406                           __ptext7 1C2E                           __ptext8 1B6E  
                         __ptext9 2588                           _font5x7 0801            BME280_ReadHumidity@hum 004B  
          BME280_ReadHumidity@lsb 004A            BME280_ReadHumidity@msb 0049            BME280_ReadHumidity@raw 0047  
                      ??___xxtofl 0005                  ___awmod@dividend 0001                     leer_adc@canal 0001  
                 _control_humedad 2074                   OLED_ClearLine@i 0006                           _sprintf 243A  
                         main@lux 0096              end_of_initialization 24D4                        ??_leer_adc 0003  
                      ??_init_ADC 0001                        ??_init_PWM 0001                           fputc@fp 0003  
                   __Lmediumconst 0000                         _OLED_Init 1AA6                        ?_I2C_Start 0001  
                      ?_I2C_Write 0001                 __end_of_vfpfcnvrt 149A                           postdec2 0FDD  
                         postinc0 0FEE                           postinc1 0FE6                           postinc2 0FDE  
     __end_of_control_temperatura 1E24                  vfpfcnvrt@convarg 0011                        ??_vfprintf 0019  
                       _PORTBbits 0F81                     ___xxtofl@sign 0009                         _TRISBbits 0F93  
                       _TRISCbits 0F94  control_temperatura@calentador_on 0057                       ___fldiv@grs 003B  
                     ___fldiv@rem 0034                   OLED_Command@cmd 0004                       _BME280_Init 238C  
                     _BME280_Read 234C                       ___flmul@grs 001C                       _CCP1CONbits 0FBD  
                      main@buffer 0080                        ?_OLED_Init 0001              __end_of_set_PWM_duty 22C4  
                  __end_of___flge 1AA6                       vfpfcnvrt@ap 000D                       vfpfcnvrt@cp 0010  
                     vfpfcnvrt@fp 000B           __end_of_control_humedad 20F4                      _control_aire 2222  
                ??_BH1750_ReadLux 0045               start_initialization 24BC                       __end_of_abs 243A  
                   ?_BME280_Write 0004                     ??_control_luz 0011                    _OLED_ClearLine 22C4  
                     ??_I2C_Start 0001                       ??_I2C_Write 0001                       vfprintf@fmt 0017  
                        ??___flge 0009                   BME280_Read@data 0006                         ___fldiv@a 002C  
                       ___fldiv@b 0028                         ___flmul@a 0013                         ___flmul@b 000F  
                     __pbssCOMRAM 0051                     __pcstackBANK0 0080                    ??_BME280_Write 0005  
               ?_leer_temperatura 0041                ??_leer_temperatura 0045            __end_of_OLED_ClearLine 230A  
                  _OLED_SetCursor 24DE                      _OLED_Command 2522                       ??_OLED_Init 0005  
             __end_of_control_luz 1EC2                      ?_BH1750_Init 0001                       I2C_Read@ack 0002  
                        ?___fldiv 0028                          ?___awdiv 0001       __end_of_BME280_ReadHumidity 177C  
                        ?___awmod 0001                          ?___flmul 000F                          ?___fltol 0001  
                 BME280_Write@reg 0005                  ?_control_humedad 000D                       __smallconst 0800  
                        _I2C_Init 25A6                         _leer_aire 2574                          _I2C_Read 1F60  
                        _I2C_Stop 2500                    _OLED_WriteChar 177C                 OLED_SetCursor@col 0006  
                        ?_sprintf 001A            __end_of_OLED_SetCursor 2500                   ?_OLED_ClearLine 0001  
                  OLED_Clear@page 0006                          _LATBbits 0F8A                          _LATDbits 0F8C  
                        _GO_nDONE 7E11                         _vfpfcnvrt 12AC                        _ADCON0bits 0FC2  
          __end_of_OLED_WriteChar 189C                        ?_leer_aire 0005                        vfpfcnvrt@c 0015  
                     _INTCON2bits 0FF1                      _set_PWM_duty 2278                   ?_OLED_SetCursor 0005  
                     _control_luz 1E24                      ?_BME280_Init 0001                      ?_BME280_Read 0001  
                        __Hrparam 0000                  _OLED_WriteString 216C                        vfprintf@ap 0018  
                        __Lrparam 0000                        vfprintf@fp 0016              __end_of_BME280_Write 255E  
            control_temperatura@T 000D                    BME280_Read@reg 0005                     I2C_Write@data 0002  
                      ?_vfpfcnvrt 000B                   ?_OLED_WriteChar 0001                 control_luz@led_on 0055  
                      sprintf@fmt 001B                          ___xxtofl 149A               OLED_WriteChar@index 0005  
                        __ptext10 1FF0                          __ptext11 2574                          __ptext20 189C  
                        __ptext12 230A                          __ptext21 216C                          __ptext13 2598  
                        __ptext30 08EC                          __ptext22 177C                          __ptext14 255E  
                        __ptext31 19A2                          __ptext23 24DE                          __ptext15 1D86  
                        __ptext40 20F4                          __ptext32 234C                          __ptext24 1AA6  
                        __ptext16 1E24                          __ptext41 2500                          __ptext33 238C  
                        __ptext25 22C4                          __ptext17 2074                          __ptext42 246A  
                        __ptext34 2540                          __ptext26 21CA                          __ptext18 2222  
                        __ptext35 1EC2                          __ptext27 2522                          __ptext19 2278  
                        __ptext36 149A                          __ptext28 25A6                          __ptext37 0D12  
                        __ptext29 164E                          __ptext38 1F60                          __ptext39 2496  
                control_aire@aire 0005                          _leer_adc 230A                          _init_ADC 255E  
                        _init_PWM 2598                   OLED_WriteChar@c 0008                   OLED_WriteChar@i 0007  
                        isa$xinst 0000                          _vfprintf 23CA                          main@aire 009A  
                        main@temp 008E                       ??_leer_aire 0007                  control_humedad@H 000D  
                      _OLED_Clear 21CA                         sprintf@ap 001E                       ??_vfpfcnvrt 000E  
                set_PWM_duty@duty 0001                          sprintf@f 001F                          sprintf@s 001A  
                ??_OLED_ClearLine 0005                    control_luz@lux 000D  
