

Microchip MPLAB XC8 Assembler V3.10 build 20250813170317 
                                                                                               Fri May  8 16:07:09 2026

Microchip MPLAB XC8 C Compiler v3.10 (Free license) build 20250813170317 Og1 
     1                           	processor	18F4550
     2                           	fnconf	rparam,??,?,0
     3                           	pagewidth 120
     4                           	opt	flic
     5                           	psect	smallconst,global,reloc=2,class=SMALLCONST,space=0,delta=1,noexec
     6                           	psect	cinit,global,reloc=2,class=CODE,space=0,delta=1
     7                           	psect	bssCOMRAM,global,class=COMRAM,space=1,delta=1,lowdata,noexec
     8                           	psect	bssBANK0,global,class=BANK0,space=1,delta=1,lowdata,noexec
     9                           	psect	cstackBANK0,global,class=BANK0,space=1,delta=1,lowdata,noexec
    10                           	psect	cstackCOMRAM,global,class=COMRAM,space=1,delta=1,lowdata,noexec
    11                           	psect	text0,global,reloc=2,class=CODE,space=0,delta=1
    12                           	psect	text1,global,reloc=2,class=CODE,space=0,delta=1,group=3
    13                           	psect	text2,global,reloc=2,class=CODE,space=0,delta=1,group=1
    14                           	psect	text3,global,reloc=2,class=CODE,space=0,delta=1,group=1
    15                           	psect	text4,global,reloc=2,class=CODE,space=0,delta=1,group=3
    16                           	psect	text5,global,reloc=2,class=CODE,space=0,delta=1,group=3
    17                           	psect	text6,global,reloc=2,class=CODE,space=0,delta=1,group=3
    18                           	psect	text7,global,reloc=2,class=CODE,space=0,delta=1,group=2
    19                           	psect	text8,global,reloc=2,class=CODE,space=0,delta=1,group=2
    20                           	psect	text9,global,reloc=2,class=CODE,space=0,delta=1
    21                           	psect	text10,global,reloc=2,class=CODE,space=0,delta=1
    22                           	psect	text11,global,reloc=2,class=CODE,space=0,delta=1,group=2
    23                           	psect	text12,global,reloc=2,class=CODE,space=0,delta=1
    24                           	psect	text13,global,reloc=2,class=CODE,space=0,delta=1
    25                           	psect	text14,global,reloc=2,class=CODE,space=0,delta=1
    26                           	psect	text15,global,reloc=2,class=CODE,space=0,delta=1
    27                           	psect	text16,global,reloc=2,class=CODE,space=0,delta=1
    28                           	psect	text17,global,reloc=2,class=CODE,space=0,delta=1
    29                           	psect	text18,global,reloc=2,class=CODE,space=0,delta=1
    30                           	psect	text19,global,reloc=2,class=CODE,space=0,delta=1
    31                           	psect	text20,global,reloc=2,class=CODE,space=0,delta=1
    32                           	psect	text21,global,reloc=2,class=CODE,space=0,delta=1,group=2
    33                           	psect	text22,global,reloc=2,class=CODE,space=0,delta=1
    34                           	psect	text23,global,reloc=2,class=CODE,space=0,delta=1,group=2
    35                           	psect	text24,global,reloc=2,class=CODE,space=0,delta=1
    36                           	psect	text25,global,reloc=2,class=CODE,space=0,delta=1
    37                           	psect	text26,global,reloc=2,class=CODE,space=0,delta=1
    38                           	psect	text27,global,reloc=2,class=CODE,space=0,delta=1
    39                           	psect	text28,global,reloc=2,class=CODE,space=0,delta=1
    40                           	psect	text29,global,reloc=2,class=CODE,space=0,delta=1
    41                           	psect	text30,global,reloc=2,class=CODE,space=0,delta=1
    42                           	psect	text31,global,reloc=2,class=CODE,space=0,delta=1
    43                           	psect	text32,global,reloc=2,class=CODE,space=0,delta=1
    44                           	psect	text33,global,reloc=2,class=CODE,space=0,delta=1
    45                           	psect	text34,global,reloc=2,class=CODE,space=0,delta=1
    46                           	psect	text35,global,reloc=2,class=CODE,space=0,delta=1
    47                           	psect	text36,global,reloc=2,class=CODE,space=0,delta=1
    48                           	psect	text37,global,reloc=2,class=CODE,space=0,delta=1,group=2
    49                           	psect	text38,global,reloc=2,class=CODE,space=0,delta=1,group=2
    50                           	psect	text39,global,reloc=2,class=CODE,space=0,delta=1
    51                           	psect	text40,global,reloc=2,class=CODE,space=0,delta=1
    52                           	psect	text41,global,reloc=2,class=CODE,space=0,delta=1
    53                           	psect	text42,global,reloc=2,class=CODE,space=0,delta=1
    54                           	psect	text43,global,reloc=2,class=CODE,space=0,delta=1
    55                           	psect	intsave_regs,global,class=BIGRAM,space=1,delta=1,noexec
    56                           	psect	rparam,global,class=COMRAM,space=1,delta=1,noexec
    57                           	psect	config,global,abs,ovrld,class=CONFIG,space=4,delta=1,noexec
    58   000000                     
    59                           ; Generated 17/01/2025 GMT
    60                           ; 
    61                           ; Copyright © 2025, Microchip Technology Inc. and its subsidiaries ("Microchip")
    62                           ; All rights reserved.
    63                           ; 
    64                           ; This software is developed by Microchip Technology Inc. and its subsidiaries ("Microch
      +                          ip").
    65                           ; 
    66                           ; Redistribution and use in source and binary forms, with or without modification, are
    67                           ; permitted provided that the following conditions are met:
    68                           ; 
    69                           ;     1. Redistributions of source code must retain the above copyright notice, this lis
      +                          t of
    70                           ;        conditions and the following disclaimer.
    71                           ; 
    72                           ;     2. Redistributions in binary form must reproduce the above copyright notice, this 
      +                          list
    73                           ;        of conditions and the following disclaimer in the documentation and/or other
    74                           ;        materials provided with the distribution. Publication is not required when
    75                           ;        this file is used in an embedded application.
    76                           ; 
    77                           ;     3. Microchip's name may not be used to endorse or promote products derived from th
      +                          is
    78                           ;        software without specific prior written permission.
    79                           ; 
    80                           ; THIS SOFTWARE IS PROVIDED BY MICROCHIP "AS IS" AND ANY EXPRESS OR IMPLIED WARRANTIES,
    81                           ; INCLUDING, BUT NOT LIMITED TO, THE IMPLIED WARRANTIES OF MERCHANTABILITY AND FITNESS F
      +                          OR
    82                           ; PURPOSE ARE DISCLAIMED.  IN NO EVENT SHALL MICROCHIP BE LIABLE FOR ANY DIRECT, INDIREC
      +                          T,
    83                           ; INCIDENTAL, SPECIAL, EXEMPLARY, OR CONSEQUENTIAL DAMAGES (INCLUDING BUT NOT LIMITED TO
    84                           ; PROCUREMENT OF SUBSTITUTE GOODS OR SERVICES; LOSS OF USE, DATA OR PROFITS; OR BUSINESS
    85                           ; INTERRUPTION) HOWSOEVER CAUSED AND ON ANY THEORY OF LIABILITY, WHETHER IN CONTRACT, ST
      +                          RICT
    86                           ; LIABILITY, OR TORT (INCLUDING NEGLIGENCE OR OTHERWISE) ARISING IN ANY WAY OUT OF THE U
      +                          SE OF
    87                           ; THIS SOFTWARE, EVEN IF ADVISED OF THE POSSIBILITY OF SUCH DAMAGE.
    88                           ; 
    89                           ; 
    90                           ; Code-generator required, PIC18F4550 Definitions
    91                           ; 
    92                           ; SFR Addresses
    93   000FE0                     bsr             equ	4064
    94   000FE9                     fsr0            equ	4073
    95   000FEA                     fsr0h           equ	4074
    96   000FE9                     fsr0l           equ	4073
    97   000FE1                     fsr1            equ	4065
    98   000FE2                     fsr1h           equ	4066
    99   000FE1                     fsr1l           equ	4065
   100   000FD9                     fsr2            equ	4057
   101   000FDA                     fsr2h           equ	4058
   102   000FD9                     fsr2l           equ	4057
   103   000FEF                     indf0           equ	4079
   104   000FE7                     indf1           equ	4071
   105   000FDF                     indf2           equ	4063
   106   000FF2                     intcon          equ	4082
   107   000000                     nvmcon          equ	0
   108   000FF9                     pcl             equ	4089
   109   000FFA                     pclath          equ	4090
   110   000FFB                     pclatu          equ	4091
   111   000FEB                     plusw0          equ	4075
   112   000FE3                     plusw1          equ	4067
   113   000FDB                     plusw2          equ	4059
   114   000FED                     postdec0        equ	4077
   115   000FE5                     postdec1        equ	4069
   116   000FDD                     postdec2        equ	4061
   117   000FEE                     postinc0        equ	4078
   118   000FE6                     postinc1        equ	4070
   119   000FDE                     postinc2        equ	4062
   120   000FEC                     preinc0         equ	4076
   121   000FE4                     preinc1         equ	4068
   122   000FDC                     preinc2         equ	4060
   123   000FF3                     prod            equ	4083
   124   000FF4                     prodh           equ	4084
   125   000FF3                     prodl           equ	4083
   126   000FD8                     status          equ	4056
   127   000FF5                     tablat          equ	4085
   128   000FF6                     tblptr          equ	4086
   129   000FF7                     tblptrh         equ	4087
   130   000FF6                     tblptrl         equ	4086
   131   000FF8                     tblptru         equ	4088
   132   000FFD                     tosl            equ	4093
   133   000FE8                     wreg            equ	4072
   134   000F62                     SPPDATA         equ	3938	;# 
   135   000F63                     SPPCFG          equ	3939	;# 
   136   000F64                     SPPEPS          equ	3940	;# 
   137   000F65                     SPPCON          equ	3941	;# 
   138   000F66                     UFRM            equ	3942	;# 
   139   000F66                     UFRML           equ	3942	;# 
   140   000F67                     UFRMH           equ	3943	;# 
   141   000F68                     UIR             equ	3944	;# 
   142   000F69                     UIE             equ	3945	;# 
   143   000F6A                     UEIR            equ	3946	;# 
   144   000F6B                     UEIE            equ	3947	;# 
   145   000F6C                     USTAT           equ	3948	;# 
   146   000F6D                     UCON            equ	3949	;# 
   147   000F6E                     UADDR           equ	3950	;# 
   148   000F6F                     UCFG            equ	3951	;# 
   149   000F70                     UEP0            equ	3952	;# 
   150   000F71                     UEP1            equ	3953	;# 
   151   000F72                     UEP2            equ	3954	;# 
   152   000F73                     UEP3            equ	3955	;# 
   153   000F74                     UEP4            equ	3956	;# 
   154   000F75                     UEP5            equ	3957	;# 
   155   000F76                     UEP6            equ	3958	;# 
   156   000F77                     UEP7            equ	3959	;# 
   157   000F78                     UEP8            equ	3960	;# 
   158   000F79                     UEP9            equ	3961	;# 
   159   000F7A                     UEP10           equ	3962	;# 
   160   000F7B                     UEP11           equ	3963	;# 
   161   000F7C                     UEP12           equ	3964	;# 
   162   000F7D                     UEP13           equ	3965	;# 
   163   000F7E                     UEP14           equ	3966	;# 
   164   000F7F                     UEP15           equ	3967	;# 
   165   000F80                     PORTA           equ	3968	;# 
   166   000F81                     PORTB           equ	3969	;# 
   167   000F82                     PORTC           equ	3970	;# 
   168   000F83                     PORTD           equ	3971	;# 
   169   000F84                     PORTE           equ	3972	;# 
   170   000F89                     LATA            equ	3977	;# 
   171   000F8A                     LATB            equ	3978	;# 
   172   000F8B                     LATC            equ	3979	;# 
   173   000F8C                     LATD            equ	3980	;# 
   174   000F8D                     LATE            equ	3981	;# 
   175   000F92                     TRISA           equ	3986	;# 
   176   000F92                     DDRA            equ	3986	;# 
   177   000F93                     TRISB           equ	3987	;# 
   178   000F93                     DDRB            equ	3987	;# 
   179   000F94                     TRISC           equ	3988	;# 
   180   000F94                     DDRC            equ	3988	;# 
   181   000F95                     TRISD           equ	3989	;# 
   182   000F95                     DDRD            equ	3989	;# 
   183   000F96                     TRISE           equ	3990	;# 
   184   000F96                     DDRE            equ	3990	;# 
   185   000F9B                     OSCTUNE         equ	3995	;# 
   186   000F9D                     PIE1            equ	3997	;# 
   187   000F9E                     PIR1            equ	3998	;# 
   188   000F9F                     IPR1            equ	3999	;# 
   189   000FA0                     PIE2            equ	4000	;# 
   190   000FA1                     PIR2            equ	4001	;# 
   191   000FA2                     IPR2            equ	4002	;# 
   192   000FA6                     EECON1          equ	4006	;# 
   193   000FA7                     EECON2          equ	4007	;# 
   194   000FA8                     EEDATA          equ	4008	;# 
   195   000FA9                     EEADR           equ	4009	;# 
   196   000FAB                     RCSTA           equ	4011	;# 
   197   000FAB                     RCSTA1          equ	4011	;# 
   198   000FAC                     TXSTA           equ	4012	;# 
   199   000FAC                     TXSTA1          equ	4012	;# 
   200   000FAD                     TXREG           equ	4013	;# 
   201   000FAD                     TXREG1          equ	4013	;# 
   202   000FAE                     RCREG           equ	4014	;# 
   203   000FAE                     RCREG1          equ	4014	;# 
   204   000FAF                     SPBRG           equ	4015	;# 
   205   000FAF                     SPBRG1          equ	4015	;# 
   206   000FB0                     SPBRGH          equ	4016	;# 
   207   000FB1                     T3CON           equ	4017	;# 
   208   000FB2                     TMR3            equ	4018	;# 
   209   000FB2                     TMR3L           equ	4018	;# 
   210   000FB3                     TMR3H           equ	4019	;# 
   211   000FB4                     CMCON           equ	4020	;# 
   212   000FB5                     CVRCON          equ	4021	;# 
   213   000FB6                     ECCP1AS         equ	4022	;# 
   214   000FB6                     CCP1AS          equ	4022	;# 
   215   000FB7                     ECCP1DEL        equ	4023	;# 
   216   000FB7                     CCP1DEL         equ	4023	;# 
   217   000FB8                     BAUDCON         equ	4024	;# 
   218   000FB8                     BAUDCTL         equ	4024	;# 
   219   000FBA                     CCP2CON         equ	4026	;# 
   220   000FBB                     CCPR2           equ	4027	;# 
   221   000FBB                     CCPR2L          equ	4027	;# 
   222   000FBC                     CCPR2H          equ	4028	;# 
   223   000FBD                     CCP1CON         equ	4029	;# 
   224   000FBD                     ECCP1CON        equ	4029	;# 
   225   000FBE                     CCPR1           equ	4030	;# 
   226   000FBE                     CCPR1L          equ	4030	;# 
   227   000FBF                     CCPR1H          equ	4031	;# 
   228   000FC0                     ADCON2          equ	4032	;# 
   229   000FC1                     ADCON1          equ	4033	;# 
   230   000FC2                     ADCON0          equ	4034	;# 
   231   000FC3                     ADRES           equ	4035	;# 
   232   000FC3                     ADRESL          equ	4035	;# 
   233   000FC4                     ADRESH          equ	4036	;# 
   234   000FC5                     SSPCON2         equ	4037	;# 
   235   000FC6                     SSPCON1         equ	4038	;# 
   236   000FC7                     SSPSTAT         equ	4039	;# 
   237   000FC8                     SSPADD          equ	4040	;# 
   238   000FC9                     SSPBUF          equ	4041	;# 
   239   000FCA                     T2CON           equ	4042	;# 
   240   000FCB                     PR2             equ	4043	;# 
   241   000FCB                     MEMCON          equ	4043	;# 
   242   000FCC                     TMR2            equ	4044	;# 
   243   000FCD                     T1CON           equ	4045	;# 
   244   000FCE                     TMR1            equ	4046	;# 
   245   000FCE                     TMR1L           equ	4046	;# 
   246   000FCF                     TMR1H           equ	4047	;# 
   247   000FD0                     RCON            equ	4048	;# 
   248   000FD1                     WDTCON          equ	4049	;# 
   249   000FD2                     HLVDCON         equ	4050	;# 
   250   000FD2                     LVDCON          equ	4050	;# 
   251   000FD3                     OSCCON          equ	4051	;# 
   252   000FD5                     T0CON           equ	4053	;# 
   253   000FD6                     TMR0            equ	4054	;# 
   254   000FD6                     TMR0L           equ	4054	;# 
   255   000FD7                     TMR0H           equ	4055	;# 
   256   000FD8                     STATUS          equ	4056	;# 
   257   000FD9                     FSR2            equ	4057	;# 
   258   000FD9                     FSR2L           equ	4057	;# 
   259   000FDA                     FSR2H           equ	4058	;# 
   260   000FDB                     PLUSW2          equ	4059	;# 
   261   000FDC                     PREINC2         equ	4060	;# 
   262   000FDD                     POSTDEC2        equ	4061	;# 
   263   000FDE                     POSTINC2        equ	4062	;# 
   264   000FDF                     INDF2           equ	4063	;# 
   265   000FE0                     BSR             equ	4064	;# 
   266   000FE1                     FSR1            equ	4065	;# 
   267   000FE1                     FSR1L           equ	4065	;# 
   268   000FE2                     FSR1H           equ	4066	;# 
   269   000FE3                     PLUSW1          equ	4067	;# 
   270   000FE4                     PREINC1         equ	4068	;# 
   271   000FE5                     POSTDEC1        equ	4069	;# 
   272   000FE6                     POSTINC1        equ	4070	;# 
   273   000FE7                     INDF1           equ	4071	;# 
   274   000FE8                     WREG            equ	4072	;# 
   275   000FE9                     FSR0            equ	4073	;# 
   276   000FE9                     FSR0L           equ	4073	;# 
   277   000FEA                     FSR0H           equ	4074	;# 
   278   000FEB                     PLUSW0          equ	4075	;# 
   279   000FEC                     PREINC0         equ	4076	;# 
   280   000FED                     POSTDEC0        equ	4077	;# 
   281   000FEE                     POSTINC0        equ	4078	;# 
   282   000FEF                     INDF0           equ	4079	;# 
   283   000FF0                     INTCON3         equ	4080	;# 
   284   000FF1                     INTCON2         equ	4081	;# 
   285   000FF2                     INTCON          equ	4082	;# 
   286   000FF3                     PROD            equ	4083	;# 
   287   000FF3                     PRODL           equ	4083	;# 
   288   000FF4                     PRODH           equ	4084	;# 
   289   000FF5                     TABLAT          equ	4085	;# 
   290   000FF6                     TBLPTR          equ	4086	;# 
   291   000FF6                     TBLPTRL         equ	4086	;# 
   292   000FF7                     TBLPTRH         equ	4087	;# 
   293   000FF8                     TBLPTRU         equ	4088	;# 
   294   000FF9                     PCLAT           equ	4089	;# 
   295   000FF9                     PC              equ	4089	;# 
   296   000FF9                     PCL             equ	4089	;# 
   297   000FFA                     PCLATH          equ	4090	;# 
   298   000FFB                     PCLATU          equ	4091	;# 
   299   000FFC                     STKPTR          equ	4092	;# 
   300   000FFD                     TOS             equ	4093	;# 
   301   000FFD                     TOSL            equ	4093	;# 
   302   000FFE                     TOSH            equ	4094	;# 
   303   000FFF                     TOSU            equ	4095	;# 
   304   000F62                     SPPDATA         equ	3938	;# 
   305   000F63                     SPPCFG          equ	3939	;# 
   306   000F64                     SPPEPS          equ	3940	;# 
   307   000F65                     SPPCON          equ	3941	;# 
   308   000F66                     UFRM            equ	3942	;# 
   309   000F66                     UFRML           equ	3942	;# 
   310   000F67                     UFRMH           equ	3943	;# 
   311   000F68                     UIR             equ	3944	;# 
   312   000F69                     UIE             equ	3945	;# 
   313   000F6A                     UEIR            equ	3946	;# 
   314   000F6B                     UEIE            equ	3947	;# 
   315   000F6C                     USTAT           equ	3948	;# 
   316   000F6D                     UCON            equ	3949	;# 
   317   000F6E                     UADDR           equ	3950	;# 
   318   000F6F                     UCFG            equ	3951	;# 
   319   000F70                     UEP0            equ	3952	;# 
   320   000F71                     UEP1            equ	3953	;# 
   321   000F72                     UEP2            equ	3954	;# 
   322   000F73                     UEP3            equ	3955	;# 
   323   000F74                     UEP4            equ	3956	;# 
   324   000F75                     UEP5            equ	3957	;# 
   325   000F76                     UEP6            equ	3958	;# 
   326   000F77                     UEP7            equ	3959	;# 
   327   000F78                     UEP8            equ	3960	;# 
   328   000F79                     UEP9            equ	3961	;# 
   329   000F7A                     UEP10           equ	3962	;# 
   330   000F7B                     UEP11           equ	3963	;# 
   331   000F7C                     UEP12           equ	3964	;# 
   332   000F7D                     UEP13           equ	3965	;# 
   333   000F7E                     UEP14           equ	3966	;# 
   334   000F7F                     UEP15           equ	3967	;# 
   335   000F80                     PORTA           equ	3968	;# 
   336   000F81                     PORTB           equ	3969	;# 
   337   000F82                     PORTC           equ	3970	;# 
   338   000F83                     PORTD           equ	3971	;# 
   339   000F84                     PORTE           equ	3972	;# 
   340   000F89                     LATA            equ	3977	;# 
   341   000F8A                     LATB            equ	3978	;# 
   342   000F8B                     LATC            equ	3979	;# 
   343   000F8C                     LATD            equ	3980	;# 
   344   000F8D                     LATE            equ	3981	;# 
   345   000F92                     TRISA           equ	3986	;# 
   346   000F92                     DDRA            equ	3986	;# 
   347   000F93                     TRISB           equ	3987	;# 
   348   000F93                     DDRB            equ	3987	;# 
   349   000F94                     TRISC           equ	3988	;# 
   350   000F94                     DDRC            equ	3988	;# 
   351   000F95                     TRISD           equ	3989	;# 
   352   000F95                     DDRD            equ	3989	;# 
   353   000F96                     TRISE           equ	3990	;# 
   354   000F96                     DDRE            equ	3990	;# 
   355   000F9B                     OSCTUNE         equ	3995	;# 
   356   000F9D                     PIE1            equ	3997	;# 
   357   000F9E                     PIR1            equ	3998	;# 
   358   000F9F                     IPR1            equ	3999	;# 
   359   000FA0                     PIE2            equ	4000	;# 
   360   000FA1                     PIR2            equ	4001	;# 
   361   000FA2                     IPR2            equ	4002	;# 
   362   000FA6                     EECON1          equ	4006	;# 
   363   000FA7                     EECON2          equ	4007	;# 
   364   000FA8                     EEDATA          equ	4008	;# 
   365   000FA9                     EEADR           equ	4009	;# 
   366   000FAB                     RCSTA           equ	4011	;# 
   367   000FAB                     RCSTA1          equ	4011	;# 
   368   000FAC                     TXSTA           equ	4012	;# 
   369   000FAC                     TXSTA1          equ	4012	;# 
   370   000FAD                     TXREG           equ	4013	;# 
   371   000FAD                     TXREG1          equ	4013	;# 
   372   000FAE                     RCREG           equ	4014	;# 
   373   000FAE                     RCREG1          equ	4014	;# 
   374   000FAF                     SPBRG           equ	4015	;# 
   375   000FAF                     SPBRG1          equ	4015	;# 
   376   000FB0                     SPBRGH          equ	4016	;# 
   377   000FB1                     T3CON           equ	4017	;# 
   378   000FB2                     TMR3            equ	4018	;# 
   379   000FB2                     TMR3L           equ	4018	;# 
   380   000FB3                     TMR3H           equ	4019	;# 
   381   000FB4                     CMCON           equ	4020	;# 
   382   000FB5                     CVRCON          equ	4021	;# 
   383   000FB6                     ECCP1AS         equ	4022	;# 
   384   000FB6                     CCP1AS          equ	4022	;# 
   385   000FB7                     ECCP1DEL        equ	4023	;# 
   386   000FB7                     CCP1DEL         equ	4023	;# 
   387   000FB8                     BAUDCON         equ	4024	;# 
   388   000FB8                     BAUDCTL         equ	4024	;# 
   389   000FBA                     CCP2CON         equ	4026	;# 
   390   000FBB                     CCPR2           equ	4027	;# 
   391   000FBB                     CCPR2L          equ	4027	;# 
   392   000FBC                     CCPR2H          equ	4028	;# 
   393   000FBD                     CCP1CON         equ	4029	;# 
   394   000FBD                     ECCP1CON        equ	4029	;# 
   395   000FBE                     CCPR1           equ	4030	;# 
   396   000FBE                     CCPR1L          equ	4030	;# 
   397   000FBF                     CCPR1H          equ	4031	;# 
   398   000FC0                     ADCON2          equ	4032	;# 
   399   000FC1                     ADCON1          equ	4033	;# 
   400   000FC2                     ADCON0          equ	4034	;# 
   401   000FC3                     ADRES           equ	4035	;# 
   402   000FC3                     ADRESL          equ	4035	;# 
   403   000FC4                     ADRESH          equ	4036	;# 
   404   000FC5                     SSPCON2         equ	4037	;# 
   405   000FC6                     SSPCON1         equ	4038	;# 
   406   000FC7                     SSPSTAT         equ	4039	;# 
   407   000FC8                     SSPADD          equ	4040	;# 
   408   000FC9                     SSPBUF          equ	4041	;# 
   409   000FCA                     T2CON           equ	4042	;# 
   410   000FCB                     PR2             equ	4043	;# 
   411   000FCB                     MEMCON          equ	4043	;# 
   412   000FCC                     TMR2            equ	4044	;# 
   413   000FCD                     T1CON           equ	4045	;# 
   414   000FCE                     TMR1            equ	4046	;# 
   415   000FCE                     TMR1L           equ	4046	;# 
   416   000FCF                     TMR1H           equ	4047	;# 
   417   000FD0                     RCON            equ	4048	;# 
   418   000FD1                     WDTCON          equ	4049	;# 
   419   000FD2                     HLVDCON         equ	4050	;# 
   420   000FD2                     LVDCON          equ	4050	;# 
   421   000FD3                     OSCCON          equ	4051	;# 
   422   000FD5                     T0CON           equ	4053	;# 
   423   000FD6                     TMR0            equ	4054	;# 
   424   000FD6                     TMR0L           equ	4054	;# 
   425   000FD7                     TMR0H           equ	4055	;# 
   426   000FD8                     STATUS          equ	4056	;# 
   427   000FD9                     FSR2            equ	4057	;# 
   428   000FD9                     FSR2L           equ	4057	;# 
   429   000FDA                     FSR2H           equ	4058	;# 
   430   000FDB                     PLUSW2          equ	4059	;# 
   431   000FDC                     PREINC2         equ	4060	;# 
   432   000FDD                     POSTDEC2        equ	4061	;# 
   433   000FDE                     POSTINC2        equ	4062	;# 
   434   000FDF                     INDF2           equ	4063	;# 
   435   000FE0                     BSR             equ	4064	;# 
   436   000FE1                     FSR1            equ	4065	;# 
   437   000FE1                     FSR1L           equ	4065	;# 
   438   000FE2                     FSR1H           equ	4066	;# 
   439   000FE3                     PLUSW1          equ	4067	;# 
   440   000FE4                     PREINC1         equ	4068	;# 
   441   000FE5                     POSTDEC1        equ	4069	;# 
   442   000FE6                     POSTINC1        equ	4070	;# 
   443   000FE7                     INDF1           equ	4071	;# 
   444   000FE8                     WREG            equ	4072	;# 
   445   000FE9                     FSR0            equ	4073	;# 
   446   000FE9                     FSR0L           equ	4073	;# 
   447   000FEA                     FSR0H           equ	4074	;# 
   448   000FEB                     PLUSW0          equ	4075	;# 
   449   000FEC                     PREINC0         equ	4076	;# 
   450   000FED                     POSTDEC0        equ	4077	;# 
   451   000FEE                     POSTINC0        equ	4078	;# 
   452   000FEF                     INDF0           equ	4079	;# 
   453   000FF0                     INTCON3         equ	4080	;# 
   454   000FF1                     INTCON2         equ	4081	;# 
   455   000FF2                     INTCON          equ	4082	;# 
   456   000FF3                     PROD            equ	4083	;# 
   457   000FF3                     PRODL           equ	4083	;# 
   458   000FF4                     PRODH           equ	4084	;# 
   459   000FF5                     TABLAT          equ	4085	;# 
   460   000FF6                     TBLPTR          equ	4086	;# 
   461   000FF6                     TBLPTRL         equ	4086	;# 
   462   000FF7                     TBLPTRH         equ	4087	;# 
   463   000FF8                     TBLPTRU         equ	4088	;# 
   464   000FF9                     PCLAT           equ	4089	;# 
   465   000FF9                     PC              equ	4089	;# 
   466   000FF9                     PCL             equ	4089	;# 
   467   000FFA                     PCLATH          equ	4090	;# 
   468   000FFB                     PCLATU          equ	4091	;# 
   469   000FFC                     STKPTR          equ	4092	;# 
   470   000FFD                     TOS             equ	4093	;# 
   471   000FFD                     TOSL            equ	4093	;# 
   472   000FFE                     TOSH            equ	4094	;# 
   473   000FFF                     TOSU            equ	4095	;# 
   474   000F62                     SPPDATA         equ	3938	;# 
   475   000F63                     SPPCFG          equ	3939	;# 
   476   000F64                     SPPEPS          equ	3940	;# 
   477   000F65                     SPPCON          equ	3941	;# 
   478   000F66                     UFRM            equ	3942	;# 
   479   000F66                     UFRML           equ	3942	;# 
   480   000F67                     UFRMH           equ	3943	;# 
   481   000F68                     UIR             equ	3944	;# 
   482   000F69                     UIE             equ	3945	;# 
   483   000F6A                     UEIR            equ	3946	;# 
   484   000F6B                     UEIE            equ	3947	;# 
   485   000F6C                     USTAT           equ	3948	;# 
   486   000F6D                     UCON            equ	3949	;# 
   487   000F6E                     UADDR           equ	3950	;# 
   488   000F6F                     UCFG            equ	3951	;# 
   489   000F70                     UEP0            equ	3952	;# 
   490   000F71                     UEP1            equ	3953	;# 
   491   000F72                     UEP2            equ	3954	;# 
   492   000F73                     UEP3            equ	3955	;# 
   493   000F74                     UEP4            equ	3956	;# 
   494   000F75                     UEP5            equ	3957	;# 
   495   000F76                     UEP6            equ	3958	;# 
   496   000F77                     UEP7            equ	3959	;# 
   497   000F78                     UEP8            equ	3960	;# 
   498   000F79                     UEP9            equ	3961	;# 
   499   000F7A                     UEP10           equ	3962	;# 
   500   000F7B                     UEP11           equ	3963	;# 
   501   000F7C                     UEP12           equ	3964	;# 
   502   000F7D                     UEP13           equ	3965	;# 
   503   000F7E                     UEP14           equ	3966	;# 
   504   000F7F                     UEP15           equ	3967	;# 
   505   000F80                     PORTA           equ	3968	;# 
   506   000F81                     PORTB           equ	3969	;# 
   507   000F82                     PORTC           equ	3970	;# 
   508   000F83                     PORTD           equ	3971	;# 
   509   000F84                     PORTE           equ	3972	;# 
   510   000F89                     LATA            equ	3977	;# 
   511   000F8A                     LATB            equ	3978	;# 
   512   000F8B                     LATC            equ	3979	;# 
   513   000F8C                     LATD            equ	3980	;# 
   514   000F8D                     LATE            equ	3981	;# 
   515   000F92                     TRISA           equ	3986	;# 
   516   000F92                     DDRA            equ	3986	;# 
   517   000F93                     TRISB           equ	3987	;# 
   518   000F93                     DDRB            equ	3987	;# 
   519   000F94                     TRISC           equ	3988	;# 
   520   000F94                     DDRC            equ	3988	;# 
   521   000F95                     TRISD           equ	3989	;# 
   522   000F95                     DDRD            equ	3989	;# 
   523   000F96                     TRISE           equ	3990	;# 
   524   000F96                     DDRE            equ	3990	;# 
   525   000F9B                     OSCTUNE         equ	3995	;# 
   526   000F9D                     PIE1            equ	3997	;# 
   527   000F9E                     PIR1            equ	3998	;# 
   528   000F9F                     IPR1            equ	3999	;# 
   529   000FA0                     PIE2            equ	4000	;# 
   530   000FA1                     PIR2            equ	4001	;# 
   531   000FA2                     IPR2            equ	4002	;# 
   532   000FA6                     EECON1          equ	4006	;# 
   533   000FA7                     EECON2          equ	4007	;# 
   534   000FA8                     EEDATA          equ	4008	;# 
   535   000FA9                     EEADR           equ	4009	;# 
   536   000FAB                     RCSTA           equ	4011	;# 
   537   000FAB                     RCSTA1          equ	4011	;# 
   538   000FAC                     TXSTA           equ	4012	;# 
   539   000FAC                     TXSTA1          equ	4012	;# 
   540   000FAD                     TXREG           equ	4013	;# 
   541   000FAD                     TXREG1          equ	4013	;# 
   542   000FAE                     RCREG           equ	4014	;# 
   543   000FAE                     RCREG1          equ	4014	;# 
   544   000FAF                     SPBRG           equ	4015	;# 
   545   000FAF                     SPBRG1          equ	4015	;# 
   546   000FB0                     SPBRGH          equ	4016	;# 
   547   000FB1                     T3CON           equ	4017	;# 
   548   000FB2                     TMR3            equ	4018	;# 
   549   000FB2                     TMR3L           equ	4018	;# 
   550   000FB3                     TMR3H           equ	4019	;# 
   551   000FB4                     CMCON           equ	4020	;# 
   552   000FB5                     CVRCON          equ	4021	;# 
   553   000FB6                     ECCP1AS         equ	4022	;# 
   554   000FB6                     CCP1AS          equ	4022	;# 
   555   000FB7                     ECCP1DEL        equ	4023	;# 
   556   000FB7                     CCP1DEL         equ	4023	;# 
   557   000FB8                     BAUDCON         equ	4024	;# 
   558   000FB8                     BAUDCTL         equ	4024	;# 
   559   000FBA                     CCP2CON         equ	4026	;# 
   560   000FBB                     CCPR2           equ	4027	;# 
   561   000FBB                     CCPR2L          equ	4027	;# 
   562   000FBC                     CCPR2H          equ	4028	;# 
   563   000FBD                     CCP1CON         equ	4029	;# 
   564   000FBD                     ECCP1CON        equ	4029	;# 
   565   000FBE                     CCPR1           equ	4030	;# 
   566   000FBE                     CCPR1L          equ	4030	;# 
   567   000FBF                     CCPR1H          equ	4031	;# 
   568   000FC0                     ADCON2          equ	4032	;# 
   569   000FC1                     ADCON1          equ	4033	;# 
   570   000FC2                     ADCON0          equ	4034	;# 
   571   000FC3                     ADRES           equ	4035	;# 
   572   000FC3                     ADRESL          equ	4035	;# 
   573   000FC4                     ADRESH          equ	4036	;# 
   574   000FC5                     SSPCON2         equ	4037	;# 
   575   000FC6                     SSPCON1         equ	4038	;# 
   576   000FC7                     SSPSTAT         equ	4039	;# 
   577   000FC8                     SSPADD          equ	4040	;# 
   578   000FC9                     SSPBUF          equ	4041	;# 
   579   000FCA                     T2CON           equ	4042	;# 
   580   000FCB                     PR2             equ	4043	;# 
   581   000FCB                     MEMCON          equ	4043	;# 
   582   000FCC                     TMR2            equ	4044	;# 
   583   000FCD                     T1CON           equ	4045	;# 
   584   000FCE                     TMR1            equ	4046	;# 
   585   000FCE                     TMR1L           equ	4046	;# 
   586   000FCF                     TMR1H           equ	4047	;# 
   587   000FD0                     RCON            equ	4048	;# 
   588   000FD1                     WDTCON          equ	4049	;# 
   589   000FD2                     HLVDCON         equ	4050	;# 
   590   000FD2                     LVDCON          equ	4050	;# 
   591   000FD3                     OSCCON          equ	4051	;# 
   592   000FD5                     T0CON           equ	4053	;# 
   593   000FD6                     TMR0            equ	4054	;# 
   594   000FD6                     TMR0L           equ	4054	;# 
   595   000FD7                     TMR0H           equ	4055	;# 
   596   000FD8                     STATUS          equ	4056	;# 
   597   000FD9                     FSR2            equ	4057	;# 
   598   000FD9                     FSR2L           equ	4057	;# 
   599   000FDA                     FSR2H           equ	4058	;# 
   600   000FDB                     PLUSW2          equ	4059	;# 
   601   000FDC                     PREINC2         equ	4060	;# 
   602   000FDD                     POSTDEC2        equ	4061	;# 
   603   000FDE                     POSTINC2        equ	4062	;# 
   604   000FDF                     INDF2           equ	4063	;# 
   605   000FE0                     BSR             equ	4064	;# 
   606   000FE1                     FSR1            equ	4065	;# 
   607   000FE1                     FSR1L           equ	4065	;# 
   608   000FE2                     FSR1H           equ	4066	;# 
   609   000FE3                     PLUSW1          equ	4067	;# 
   610   000FE4                     PREINC1         equ	4068	;# 
   611   000FE5                     POSTDEC1        equ	4069	;# 
   612   000FE6                     POSTINC1        equ	4070	;# 
   613   000FE7                     INDF1           equ	4071	;# 
   614   000FE8                     WREG            equ	4072	;# 
   615   000FE9                     FSR0            equ	4073	;# 
   616   000FE9                     FSR0L           equ	4073	;# 
   617   000FEA                     FSR0H           equ	4074	;# 
   618   000FEB                     PLUSW0          equ	4075	;# 
   619   000FEC                     PREINC0         equ	4076	;# 
   620   000FED                     POSTDEC0        equ	4077	;# 
   621   000FEE                     POSTINC0        equ	4078	;# 
   622   000FEF                     INDF0           equ	4079	;# 
   623   000FF0                     INTCON3         equ	4080	;# 
   624   000FF1                     INTCON2         equ	4081	;# 
   625   000FF2                     INTCON          equ	4082	;# 
   626   000FF3                     PROD            equ	4083	;# 
   627   000FF3                     PRODL           equ	4083	;# 
   628   000FF4                     PRODH           equ	4084	;# 
   629   000FF5                     TABLAT          equ	4085	;# 
   630   000FF6                     TBLPTR          equ	4086	;# 
   631   000FF6                     TBLPTRL         equ	4086	;# 
   632   000FF7                     TBLPTRH         equ	4087	;# 
   633   000FF8                     TBLPTRU         equ	4088	;# 
   634   000FF9                     PCLAT           equ	4089	;# 
   635   000FF9                     PC              equ	4089	;# 
   636   000FF9                     PCL             equ	4089	;# 
   637   000FFA                     PCLATH          equ	4090	;# 
   638   000FFB                     PCLATU          equ	4091	;# 
   639   000FFC                     STKPTR          equ	4092	;# 
   640   000FFD                     TOS             equ	4093	;# 
   641   000FFD                     TOSL            equ	4093	;# 
   642   000FFE                     TOSH            equ	4094	;# 
   643   000FFF                     TOSU            equ	4095	;# 
   644   000F62                     SPPDATA         equ	3938	;# 
   645   000F63                     SPPCFG          equ	3939	;# 
   646   000F64                     SPPEPS          equ	3940	;# 
   647   000F65                     SPPCON          equ	3941	;# 
   648   000F66                     UFRM            equ	3942	;# 
   649   000F66                     UFRML           equ	3942	;# 
   650   000F67                     UFRMH           equ	3943	;# 
   651   000F68                     UIR             equ	3944	;# 
   652   000F69                     UIE             equ	3945	;# 
   653   000F6A                     UEIR            equ	3946	;# 
   654   000F6B                     UEIE            equ	3947	;# 
   655   000F6C                     USTAT           equ	3948	;# 
   656   000F6D                     UCON            equ	3949	;# 
   657   000F6E                     UADDR           equ	3950	;# 
   658   000F6F                     UCFG            equ	3951	;# 
   659   000F70                     UEP0            equ	3952	;# 
   660   000F71                     UEP1            equ	3953	;# 
   661   000F72                     UEP2            equ	3954	;# 
   662   000F73                     UEP3            equ	3955	;# 
   663   000F74                     UEP4            equ	3956	;# 
   664   000F75                     UEP5            equ	3957	;# 
   665   000F76                     UEP6            equ	3958	;# 
   666   000F77                     UEP7            equ	3959	;# 
   667   000F78                     UEP8            equ	3960	;# 
   668   000F79                     UEP9            equ	3961	;# 
   669   000F7A                     UEP10           equ	3962	;# 
   670   000F7B                     UEP11           equ	3963	;# 
   671   000F7C                     UEP12           equ	3964	;# 
   672   000F7D                     UEP13           equ	3965	;# 
   673   000F7E                     UEP14           equ	3966	;# 
   674   000F7F                     UEP15           equ	3967	;# 
   675   000F80                     PORTA           equ	3968	;# 
   676   000F81                     PORTB           equ	3969	;# 
   677   000F82                     PORTC           equ	3970	;# 
   678   000F83                     PORTD           equ	3971	;# 
   679   000F84                     PORTE           equ	3972	;# 
   680   000F89                     LATA            equ	3977	;# 
   681   000F8A                     LATB            equ	3978	;# 
   682   000F8B                     LATC            equ	3979	;# 
   683   000F8C                     LATD            equ	3980	;# 
   684   000F8D                     LATE            equ	3981	;# 
   685   000F92                     TRISA           equ	3986	;# 
   686   000F92                     DDRA            equ	3986	;# 
   687   000F93                     TRISB           equ	3987	;# 
   688   000F93                     DDRB            equ	3987	;# 
   689   000F94                     TRISC           equ	3988	;# 
   690   000F94                     DDRC            equ	3988	;# 
   691   000F95                     TRISD           equ	3989	;# 
   692   000F95                     DDRD            equ	3989	;# 
   693   000F96                     TRISE           equ	3990	;# 
   694   000F96                     DDRE            equ	3990	;# 
   695   000F9B                     OSCTUNE         equ	3995	;# 
   696   000F9D                     PIE1            equ	3997	;# 
   697   000F9E                     PIR1            equ	3998	;# 
   698   000F9F                     IPR1            equ	3999	;# 
   699   000FA0                     PIE2            equ	4000	;# 
   700   000FA1                     PIR2            equ	4001	;# 
   701   000FA2                     IPR2            equ	4002	;# 
   702   000FA6                     EECON1          equ	4006	;# 
   703   000FA7                     EECON2          equ	4007	;# 
   704   000FA8                     EEDATA          equ	4008	;# 
   705   000FA9                     EEADR           equ	4009	;# 
   706   000FAB                     RCSTA           equ	4011	;# 
   707   000FAB                     RCSTA1          equ	4011	;# 
   708   000FAC                     TXSTA           equ	4012	;# 
   709   000FAC                     TXSTA1          equ	4012	;# 
   710   000FAD                     TXREG           equ	4013	;# 
   711   000FAD                     TXREG1          equ	4013	;# 
   712   000FAE                     RCREG           equ	4014	;# 
   713   000FAE                     RCREG1          equ	4014	;# 
   714   000FAF                     SPBRG           equ	4015	;# 
   715   000FAF                     SPBRG1          equ	4015	;# 
   716   000FB0                     SPBRGH          equ	4016	;# 
   717   000FB1                     T3CON           equ	4017	;# 
   718   000FB2                     TMR3            equ	4018	;# 
   719   000FB2                     TMR3L           equ	4018	;# 
   720   000FB3                     TMR3H           equ	4019	;# 
   721   000FB4                     CMCON           equ	4020	;# 
   722   000FB5                     CVRCON          equ	4021	;# 
   723   000FB6                     ECCP1AS         equ	4022	;# 
   724   000FB6                     CCP1AS          equ	4022	;# 
   725   000FB7                     ECCP1DEL        equ	4023	;# 
   726   000FB7                     CCP1DEL         equ	4023	;# 
   727   000FB8                     BAUDCON         equ	4024	;# 
   728   000FB8                     BAUDCTL         equ	4024	;# 
   729   000FBA                     CCP2CON         equ	4026	;# 
   730   000FBB                     CCPR2           equ	4027	;# 
   731   000FBB                     CCPR2L          equ	4027	;# 
   732   000FBC                     CCPR2H          equ	4028	;# 
   733   000FBD                     CCP1CON         equ	4029	;# 
   734   000FBD                     ECCP1CON        equ	4029	;# 
   735   000FBE                     CCPR1           equ	4030	;# 
   736   000FBE                     CCPR1L          equ	4030	;# 
   737   000FBF                     CCPR1H          equ	4031	;# 
   738   000FC0                     ADCON2          equ	4032	;# 
   739   000FC1                     ADCON1          equ	4033	;# 
   740   000FC2                     ADCON0          equ	4034	;# 
   741   000FC3                     ADRES           equ	4035	;# 
   742   000FC3                     ADRESL          equ	4035	;# 
   743   000FC4                     ADRESH          equ	4036	;# 
   744   000FC5                     SSPCON2         equ	4037	;# 
   745   000FC6                     SSPCON1         equ	4038	;# 
   746   000FC7                     SSPSTAT         equ	4039	;# 
   747   000FC8                     SSPADD          equ	4040	;# 
   748   000FC9                     SSPBUF          equ	4041	;# 
   749   000FCA                     T2CON           equ	4042	;# 
   750   000FCB                     PR2             equ	4043	;# 
   751   000FCB                     MEMCON          equ	4043	;# 
   752   000FCC                     TMR2            equ	4044	;# 
   753   000FCD                     T1CON           equ	4045	;# 
   754   000FCE                     TMR1            equ	4046	;# 
   755   000FCE                     TMR1L           equ	4046	;# 
   756   000FCF                     TMR1H           equ	4047	;# 
   757   000FD0                     RCON            equ	4048	;# 
   758   000FD1                     WDTCON          equ	4049	;# 
   759   000FD2                     HLVDCON         equ	4050	;# 
   760   000FD2                     LVDCON          equ	4050	;# 
   761   000FD3                     OSCCON          equ	4051	;# 
   762   000FD5                     T0CON           equ	4053	;# 
   763   000FD6                     TMR0            equ	4054	;# 
   764   000FD6                     TMR0L           equ	4054	;# 
   765   000FD7                     TMR0H           equ	4055	;# 
   766   000FD8                     STATUS          equ	4056	;# 
   767   000FD9                     FSR2            equ	4057	;# 
   768   000FD9                     FSR2L           equ	4057	;# 
   769   000FDA                     FSR2H           equ	4058	;# 
   770   000FDB                     PLUSW2          equ	4059	;# 
   771   000FDC                     PREINC2         equ	4060	;# 
   772   000FDD                     POSTDEC2        equ	4061	;# 
   773   000FDE                     POSTINC2        equ	4062	;# 
   774   000FDF                     INDF2           equ	4063	;# 
   775   000FE0                     BSR             equ	4064	;# 
   776   000FE1                     FSR1            equ	4065	;# 
   777   000FE1                     FSR1L           equ	4065	;# 
   778   000FE2                     FSR1H           equ	4066	;# 
   779   000FE3                     PLUSW1          equ	4067	;# 
   780   000FE4                     PREINC1         equ	4068	;# 
   781   000FE5                     POSTDEC1        equ	4069	;# 
   782   000FE6                     POSTINC1        equ	4070	;# 
   783   000FE7                     INDF1           equ	4071	;# 
   784   000FE8                     WREG            equ	4072	;# 
   785   000FE9                     FSR0            equ	4073	;# 
   786   000FE9                     FSR0L           equ	4073	;# 
   787   000FEA                     FSR0H           equ	4074	;# 
   788   000FEB                     PLUSW0          equ	4075	;# 
   789   000FEC                     PREINC0         equ	4076	;# 
   790   000FED                     POSTDEC0        equ	4077	;# 
   791   000FEE                     POSTINC0        equ	4078	;# 
   792   000FEF                     INDF0           equ	4079	;# 
   793   000FF0                     INTCON3         equ	4080	;# 
   794   000FF1                     INTCON2         equ	4081	;# 
   795   000FF2                     INTCON          equ	4082	;# 
   796   000FF3                     PROD            equ	4083	;# 
   797   000FF3                     PRODL           equ	4083	;# 
   798   000FF4                     PRODH           equ	4084	;# 
   799   000FF5                     TABLAT          equ	4085	;# 
   800   000FF6                     TBLPTR          equ	4086	;# 
   801   000FF6                     TBLPTRL         equ	4086	;# 
   802   000FF7                     TBLPTRH         equ	4087	;# 
   803   000FF8                     TBLPTRU         equ	4088	;# 
   804   000FF9                     PCLAT           equ	4089	;# 
   805   000FF9                     PC              equ	4089	;# 
   806   000FF9                     PCL             equ	4089	;# 
   807   000FFA                     PCLATH          equ	4090	;# 
   808   000FFB                     PCLATU          equ	4091	;# 
   809   000FFC                     STKPTR          equ	4092	;# 
   810   000FFD                     TOS             equ	4093	;# 
   811   000FFD                     TOSL            equ	4093	;# 
   812   000FFE                     TOSH            equ	4094	;# 
   813   000FFF                     TOSU            equ	4095	;# 
   814   000F62                     SPPDATA         equ	3938	;# 
   815   000F63                     SPPCFG          equ	3939	;# 
   816   000F64                     SPPEPS          equ	3940	;# 
   817   000F65                     SPPCON          equ	3941	;# 
   818   000F66                     UFRM            equ	3942	;# 
   819   000F66                     UFRML           equ	3942	;# 
   820   000F67                     UFRMH           equ	3943	;# 
   821   000F68                     UIR             equ	3944	;# 
   822   000F69                     UIE             equ	3945	;# 
   823   000F6A                     UEIR            equ	3946	;# 
   824   000F6B                     UEIE            equ	3947	;# 
   825   000F6C                     USTAT           equ	3948	;# 
   826   000F6D                     UCON            equ	3949	;# 
   827   000F6E                     UADDR           equ	3950	;# 
   828   000F6F                     UCFG            equ	3951	;# 
   829   000F70                     UEP0            equ	3952	;# 
   830   000F71                     UEP1            equ	3953	;# 
   831   000F72                     UEP2            equ	3954	;# 
   832   000F73                     UEP3            equ	3955	;# 
   833   000F74                     UEP4            equ	3956	;# 
   834   000F75                     UEP5            equ	3957	;# 
   835   000F76                     UEP6            equ	3958	;# 
   836   000F77                     UEP7            equ	3959	;# 
   837   000F78                     UEP8            equ	3960	;# 
   838   000F79                     UEP9            equ	3961	;# 
   839   000F7A                     UEP10           equ	3962	;# 
   840   000F7B                     UEP11           equ	3963	;# 
   841   000F7C                     UEP12           equ	3964	;# 
   842   000F7D                     UEP13           equ	3965	;# 
   843   000F7E                     UEP14           equ	3966	;# 
   844   000F7F                     UEP15           equ	3967	;# 
   845   000F80                     PORTA           equ	3968	;# 
   846   000F81                     PORTB           equ	3969	;# 
   847   000F82                     PORTC           equ	3970	;# 
   848   000F83                     PORTD           equ	3971	;# 
   849   000F84                     PORTE           equ	3972	;# 
   850   000F89                     LATA            equ	3977	;# 
   851   000F8A                     LATB            equ	3978	;# 
   852   000F8B                     LATC            equ	3979	;# 
   853   000F8C                     LATD            equ	3980	;# 
   854   000F8D                     LATE            equ	3981	;# 
   855   000F92                     TRISA           equ	3986	;# 
   856   000F92                     DDRA            equ	3986	;# 
   857   000F93                     TRISB           equ	3987	;# 
   858   000F93                     DDRB            equ	3987	;# 
   859   000F94                     TRISC           equ	3988	;# 
   860   000F94                     DDRC            equ	3988	;# 
   861   000F95                     TRISD           equ	3989	;# 
   862   000F95                     DDRD            equ	3989	;# 
   863   000F96                     TRISE           equ	3990	;# 
   864   000F96                     DDRE            equ	3990	;# 
   865   000F9B                     OSCTUNE         equ	3995	;# 
   866   000F9D                     PIE1            equ	3997	;# 
   867   000F9E                     PIR1            equ	3998	;# 
   868   000F9F                     IPR1            equ	3999	;# 
   869   000FA0                     PIE2            equ	4000	;# 
   870   000FA1                     PIR2            equ	4001	;# 
   871   000FA2                     IPR2            equ	4002	;# 
   872   000FA6                     EECON1          equ	4006	;# 
   873   000FA7                     EECON2          equ	4007	;# 
   874   000FA8                     EEDATA          equ	4008	;# 
   875   000FA9                     EEADR           equ	4009	;# 
   876   000FAB                     RCSTA           equ	4011	;# 
   877   000FAB                     RCSTA1          equ	4011	;# 
   878   000FAC                     TXSTA           equ	4012	;# 
   879   000FAC                     TXSTA1          equ	4012	;# 
   880   000FAD                     TXREG           equ	4013	;# 
   881   000FAD                     TXREG1          equ	4013	;# 
   882   000FAE                     RCREG           equ	4014	;# 
   883   000FAE                     RCREG1          equ	4014	;# 
   884   000FAF                     SPBRG           equ	4015	;# 
   885   000FAF                     SPBRG1          equ	4015	;# 
   886   000FB0                     SPBRGH          equ	4016	;# 
   887   000FB1                     T3CON           equ	4017	;# 
   888   000FB2                     TMR3            equ	4018	;# 
   889   000FB2                     TMR3L           equ	4018	;# 
   890   000FB3                     TMR3H           equ	4019	;# 
   891   000FB4                     CMCON           equ	4020	;# 
   892   000FB5                     CVRCON          equ	4021	;# 
   893   000FB6                     ECCP1AS         equ	4022	;# 
   894   000FB6                     CCP1AS          equ	4022	;# 
   895   000FB7                     ECCP1DEL        equ	4023	;# 
   896   000FB7                     CCP1DEL         equ	4023	;# 
   897   000FB8                     BAUDCON         equ	4024	;# 
   898   000FB8                     BAUDCTL         equ	4024	;# 
   899   000FBA                     CCP2CON         equ	4026	;# 
   900   000FBB                     CCPR2           equ	4027	;# 
   901   000FBB                     CCPR2L          equ	4027	;# 
   902   000FBC                     CCPR2H          equ	4028	;# 
   903   000FBD                     CCP1CON         equ	4029	;# 
   904   000FBD                     ECCP1CON        equ	4029	;# 
   905   000FBE                     CCPR1           equ	4030	;# 
   906   000FBE                     CCPR1L          equ	4030	;# 
   907   000FBF                     CCPR1H          equ	4031	;# 
   908   000FC0                     ADCON2          equ	4032	;# 
   909   000FC1                     ADCON1          equ	4033	;# 
   910   000FC2                     ADCON0          equ	4034	;# 
   911   000FC3                     ADRES           equ	4035	;# 
   912   000FC3                     ADRESL          equ	4035	;# 
   913   000FC4                     ADRESH          equ	4036	;# 
   914   000FC5                     SSPCON2         equ	4037	;# 
   915   000FC6                     SSPCON1         equ	4038	;# 
   916   000FC7                     SSPSTAT         equ	4039	;# 
   917   000FC8                     SSPADD          equ	4040	;# 
   918   000FC9                     SSPBUF          equ	4041	;# 
   919   000FCA                     T2CON           equ	4042	;# 
   920   000FCB                     PR2             equ	4043	;# 
   921   000FCB                     MEMCON          equ	4043	;# 
   922   000FCC                     TMR2            equ	4044	;# 
   923   000FCD                     T1CON           equ	4045	;# 
   924   000FCE                     TMR1            equ	4046	;# 
   925   000FCE                     TMR1L           equ	4046	;# 
   926   000FCF                     TMR1H           equ	4047	;# 
   927   000FD0                     RCON            equ	4048	;# 
   928   000FD1                     WDTCON          equ	4049	;# 
   929   000FD2                     HLVDCON         equ	4050	;# 
   930   000FD2                     LVDCON          equ	4050	;# 
   931   000FD3                     OSCCON          equ	4051	;# 
   932   000FD5                     T0CON           equ	4053	;# 
   933   000FD6                     TMR0            equ	4054	;# 
   934   000FD6                     TMR0L           equ	4054	;# 
   935   000FD7                     TMR0H           equ	4055	;# 
   936   000FD8                     STATUS          equ	4056	;# 
   937   000FD9                     FSR2            equ	4057	;# 
   938   000FD9                     FSR2L           equ	4057	;# 
   939   000FDA                     FSR2H           equ	4058	;# 
   940   000FDB                     PLUSW2          equ	4059	;# 
   941   000FDC                     PREINC2         equ	4060	;# 
   942   000FDD                     POSTDEC2        equ	4061	;# 
   943   000FDE                     POSTINC2        equ	4062	;# 
   944   000FDF                     INDF2           equ	4063	;# 
   945   000FE0                     BSR             equ	4064	;# 
   946   000FE1                     FSR1            equ	4065	;# 
   947   000FE1                     FSR1L           equ	4065	;# 
   948   000FE2                     FSR1H           equ	4066	;# 
   949   000FE3                     PLUSW1          equ	4067	;# 
   950   000FE4                     PREINC1         equ	4068	;# 
   951   000FE5                     POSTDEC1        equ	4069	;# 
   952   000FE6                     POSTINC1        equ	4070	;# 
   953   000FE7                     INDF1           equ	4071	;# 
   954   000FE8                     WREG            equ	4072	;# 
   955   000FE9                     FSR0            equ	4073	;# 
   956   000FE9                     FSR0L           equ	4073	;# 
   957   000FEA                     FSR0H           equ	4074	;# 
   958   000FEB                     PLUSW0          equ	4075	;# 
   959   000FEC                     PREINC0         equ	4076	;# 
   960   000FED                     POSTDEC0        equ	4077	;# 
   961   000FEE                     POSTINC0        equ	4078	;# 
   962   000FEF                     INDF0           equ	4079	;# 
   963   000FF0                     INTCON3         equ	4080	;# 
   964   000FF1                     INTCON2         equ	4081	;# 
   965   000FF2                     INTCON          equ	4082	;# 
   966   000FF3                     PROD            equ	4083	;# 
   967   000FF3                     PRODL           equ	4083	;# 
   968   000FF4                     PRODH           equ	4084	;# 
   969   000FF5                     TABLAT          equ	4085	;# 
   970   000FF6                     TBLPTR          equ	4086	;# 
   971   000FF6                     TBLPTRL         equ	4086	;# 
   972   000FF7                     TBLPTRH         equ	4087	;# 
   973   000FF8                     TBLPTRU         equ	4088	;# 
   974   000FF9                     PCLAT           equ	4089	;# 
   975   000FF9                     PC              equ	4089	;# 
   976   000FF9                     PCL             equ	4089	;# 
   977   000FFA                     PCLATH          equ	4090	;# 
   978   000FFB                     PCLATU          equ	4091	;# 
   979   000FFC                     STKPTR          equ	4092	;# 
   980   000FFD                     TOS             equ	4093	;# 
   981   000FFD                     TOSL            equ	4093	;# 
   982   000FFE                     TOSH            equ	4094	;# 
   983   000FFF                     TOSU            equ	4095	;# 
   984   000F62                     SPPDATA         equ	3938	;# 
   985   000F63                     SPPCFG          equ	3939	;# 
   986   000F64                     SPPEPS          equ	3940	;# 
   987   000F65                     SPPCON          equ	3941	;# 
   988   000F66                     UFRM            equ	3942	;# 
   989   000F66                     UFRML           equ	3942	;# 
   990   000F67                     UFRMH           equ	3943	;# 
   991   000F68                     UIR             equ	3944	;# 
   992   000F69                     UIE             equ	3945	;# 
   993   000F6A                     UEIR            equ	3946	;# 
   994   000F6B                     UEIE            equ	3947	;# 
   995   000F6C                     USTAT           equ	3948	;# 
   996   000F6D                     UCON            equ	3949	;# 
   997   000F6E                     UADDR           equ	3950	;# 
   998   000F6F                     UCFG            equ	3951	;# 
   999   000F70                     UEP0            equ	3952	;# 
  1000   000F71                     UEP1            equ	3953	;# 
  1001   000F72                     UEP2            equ	3954	;# 
  1002   000F73                     UEP3            equ	3955	;# 
  1003   000F74                     UEP4            equ	3956	;# 
  1004   000F75                     UEP5            equ	3957	;# 
  1005   000F76                     UEP6            equ	3958	;# 
  1006   000F77                     UEP7            equ	3959	;# 
  1007   000F78                     UEP8            equ	3960	;# 
  1008   000F79                     UEP9            equ	3961	;# 
  1009   000F7A                     UEP10           equ	3962	;# 
  1010   000F7B                     UEP11           equ	3963	;# 
  1011   000F7C                     UEP12           equ	3964	;# 
  1012   000F7D                     UEP13           equ	3965	;# 
  1013   000F7E                     UEP14           equ	3966	;# 
  1014   000F7F                     UEP15           equ	3967	;# 
  1015   000F80                     PORTA           equ	3968	;# 
  1016   000F81                     PORTB           equ	3969	;# 
  1017   000F82                     PORTC           equ	3970	;# 
  1018   000F83                     PORTD           equ	3971	;# 
  1019   000F84                     PORTE           equ	3972	;# 
  1020   000F89                     LATA            equ	3977	;# 
  1021   000F8A                     LATB            equ	3978	;# 
  1022   000F8B                     LATC            equ	3979	;# 
  1023   000F8C                     LATD            equ	3980	;# 
  1024   000F8D                     LATE            equ	3981	;# 
  1025   000F92                     TRISA           equ	3986	;# 
  1026   000F92                     DDRA            equ	3986	;# 
  1027   000F93                     TRISB           equ	3987	;# 
  1028   000F93                     DDRB            equ	3987	;# 
  1029   000F94                     TRISC           equ	3988	;# 
  1030   000F94                     DDRC            equ	3988	;# 
  1031   000F95                     TRISD           equ	3989	;# 
  1032   000F95                     DDRD            equ	3989	;# 
  1033   000F96                     TRISE           equ	3990	;# 
  1034   000F96                     DDRE            equ	3990	;# 
  1035   000F9B                     OSCTUNE         equ	3995	;# 
  1036   000F9D                     PIE1            equ	3997	;# 
  1037   000F9E                     PIR1            equ	3998	;# 
  1038   000F9F                     IPR1            equ	3999	;# 
  1039   000FA0                     PIE2            equ	4000	;# 
  1040   000FA1                     PIR2            equ	4001	;# 
  1041   000FA2                     IPR2            equ	4002	;# 
  1042   000FA6                     EECON1          equ	4006	;# 
  1043   000FA7                     EECON2          equ	4007	;# 
  1044   000FA8                     EEDATA          equ	4008	;# 
  1045   000FA9                     EEADR           equ	4009	;# 
  1046   000FAB                     RCSTA           equ	4011	;# 
  1047   000FAB                     RCSTA1          equ	4011	;# 
  1048   000FAC                     TXSTA           equ	4012	;# 
  1049   000FAC                     TXSTA1          equ	4012	;# 
  1050   000FAD                     TXREG           equ	4013	;# 
  1051   000FAD                     TXREG1          equ	4013	;# 
  1052   000FAE                     RCREG           equ	4014	;# 
  1053   000FAE                     RCREG1          equ	4014	;# 
  1054   000FAF                     SPBRG           equ	4015	;# 
  1055   000FAF                     SPBRG1          equ	4015	;# 
  1056   000FB0                     SPBRGH          equ	4016	;# 
  1057   000FB1                     T3CON           equ	4017	;# 
  1058   000FB2                     TMR3            equ	4018	;# 
  1059   000FB2                     TMR3L           equ	4018	;# 
  1060   000FB3                     TMR3H           equ	4019	;# 
  1061   000FB4                     CMCON           equ	4020	;# 
  1062   000FB5                     CVRCON          equ	4021	;# 
  1063   000FB6                     ECCP1AS         equ	4022	;# 
  1064   000FB6                     CCP1AS          equ	4022	;# 
  1065   000FB7                     ECCP1DEL        equ	4023	;# 
  1066   000FB7                     CCP1DEL         equ	4023	;# 
  1067   000FB8                     BAUDCON         equ	4024	;# 
  1068   000FB8                     BAUDCTL         equ	4024	;# 
  1069   000FBA                     CCP2CON         equ	4026	;# 
  1070   000FBB                     CCPR2           equ	4027	;# 
  1071   000FBB                     CCPR2L          equ	4027	;# 
  1072   000FBC                     CCPR2H          equ	4028	;# 
  1073   000FBD                     CCP1CON         equ	4029	;# 
  1074   000FBD                     ECCP1CON        equ	4029	;# 
  1075   000FBE                     CCPR1           equ	4030	;# 
  1076   000FBE                     CCPR1L          equ	4030	;# 
  1077   000FBF                     CCPR1H          equ	4031	;# 
  1078   000FC0                     ADCON2          equ	4032	;# 
  1079   000FC1                     ADCON1          equ	4033	;# 
  1080   000FC2                     ADCON0          equ	4034	;# 
  1081   000FC3                     ADRES           equ	4035	;# 
  1082   000FC3                     ADRESL          equ	4035	;# 
  1083   000FC4                     ADRESH          equ	4036	;# 
  1084   000FC5                     SSPCON2         equ	4037	;# 
  1085   000FC6                     SSPCON1         equ	4038	;# 
  1086   000FC7                     SSPSTAT         equ	4039	;# 
  1087   000FC8                     SSPADD          equ	4040	;# 
  1088   000FC9                     SSPBUF          equ	4041	;# 
  1089   000FCA                     T2CON           equ	4042	;# 
  1090   000FCB                     PR2             equ	4043	;# 
  1091   000FCB                     MEMCON          equ	4043	;# 
  1092   000FCC                     TMR2            equ	4044	;# 
  1093   000FCD                     T1CON           equ	4045	;# 
  1094   000FCE                     TMR1            equ	4046	;# 
  1095   000FCE                     TMR1L           equ	4046	;# 
  1096   000FCF                     TMR1H           equ	4047	;# 
  1097   000FD0                     RCON            equ	4048	;# 
  1098   000FD1                     WDTCON          equ	4049	;# 
  1099   000FD2                     HLVDCON         equ	4050	;# 
  1100   000FD2                     LVDCON          equ	4050	;# 
  1101   000FD3                     OSCCON          equ	4051	;# 
  1102   000FD5                     T0CON           equ	4053	;# 
  1103   000FD6                     TMR0            equ	4054	;# 
  1104   000FD6                     TMR0L           equ	4054	;# 
  1105   000FD7                     TMR0H           equ	4055	;# 
  1106   000FD8                     STATUS          equ	4056	;# 
  1107   000FD9                     FSR2            equ	4057	;# 
  1108   000FD9                     FSR2L           equ	4057	;# 
  1109   000FDA                     FSR2H           equ	4058	;# 
  1110   000FDB                     PLUSW2          equ	4059	;# 
  1111   000FDC                     PREINC2         equ	4060	;# 
  1112   000FDD                     POSTDEC2        equ	4061	;# 
  1113   000FDE                     POSTINC2        equ	4062	;# 
  1114   000FDF                     INDF2           equ	4063	;# 
  1115   000FE0                     BSR             equ	4064	;# 
  1116   000FE1                     FSR1            equ	4065	;# 
  1117   000FE1                     FSR1L           equ	4065	;# 
  1118   000FE2                     FSR1H           equ	4066	;# 
  1119   000FE3                     PLUSW1          equ	4067	;# 
  1120   000FE4                     PREINC1         equ	4068	;# 
  1121   000FE5                     POSTDEC1        equ	4069	;# 
  1122   000FE6                     POSTINC1        equ	4070	;# 
  1123   000FE7                     INDF1           equ	4071	;# 
  1124   000FE8                     WREG            equ	4072	;# 
  1125   000FE9                     FSR0            equ	4073	;# 
  1126   000FE9                     FSR0L           equ	4073	;# 
  1127   000FEA                     FSR0H           equ	4074	;# 
  1128   000FEB                     PLUSW0          equ	4075	;# 
  1129   000FEC                     PREINC0         equ	4076	;# 
  1130   000FED                     POSTDEC0        equ	4077	;# 
  1131   000FEE                     POSTINC0        equ	4078	;# 
  1132   000FEF                     INDF0           equ	4079	;# 
  1133   000FF0                     INTCON3         equ	4080	;# 
  1134   000FF1                     INTCON2         equ	4081	;# 
  1135   000FF2                     INTCON          equ	4082	;# 
  1136   000FF3                     PROD            equ	4083	;# 
  1137   000FF3                     PRODL           equ	4083	;# 
  1138   000FF4                     PRODH           equ	4084	;# 
  1139   000FF5                     TABLAT          equ	4085	;# 
  1140   000FF6                     TBLPTR          equ	4086	;# 
  1141   000FF6                     TBLPTRL         equ	4086	;# 
  1142   000FF7                     TBLPTRH         equ	4087	;# 
  1143   000FF8                     TBLPTRU         equ	4088	;# 
  1144   000FF9                     PCLAT           equ	4089	;# 
  1145   000FF9                     PC              equ	4089	;# 
  1146   000FF9                     PCL             equ	4089	;# 
  1147   000FFA                     PCLATH          equ	4090	;# 
  1148   000FFB                     PCLATU          equ	4091	;# 
  1149   000FFC                     STKPTR          equ	4092	;# 
  1150   000FFD                     TOS             equ	4093	;# 
  1151   000FFD                     TOSL            equ	4093	;# 
  1152   000FFE                     TOSH            equ	4094	;# 
  1153   000FFF                     TOSU            equ	4095	;# 
  1154   000F62                     SPPDATA         equ	3938	;# 
  1155   000F63                     SPPCFG          equ	3939	;# 
  1156   000F64                     SPPEPS          equ	3940	;# 
  1157   000F65                     SPPCON          equ	3941	;# 
  1158   000F66                     UFRM            equ	3942	;# 
  1159   000F66                     UFRML           equ	3942	;# 
  1160   000F67                     UFRMH           equ	3943	;# 
  1161   000F68                     UIR             equ	3944	;# 
  1162   000F69                     UIE             equ	3945	;# 
  1163   000F6A                     UEIR            equ	3946	;# 
  1164   000F6B                     UEIE            equ	3947	;# 
  1165   000F6C                     USTAT           equ	3948	;# 
  1166   000F6D                     UCON            equ	3949	;# 
  1167   000F6E                     UADDR           equ	3950	;# 
  1168   000F6F                     UCFG            equ	3951	;# 
  1169   000F70                     UEP0            equ	3952	;# 
  1170   000F71                     UEP1            equ	3953	;# 
  1171   000F72                     UEP2            equ	3954	;# 
  1172   000F73                     UEP3            equ	3955	;# 
  1173   000F74                     UEP4            equ	3956	;# 
  1174   000F75                     UEP5            equ	3957	;# 
  1175   000F76                     UEP6            equ	3958	;# 
  1176   000F77                     UEP7            equ	3959	;# 
  1177   000F78                     UEP8            equ	3960	;# 
  1178   000F79                     UEP9            equ	3961	;# 
  1179   000F7A                     UEP10           equ	3962	;# 
  1180   000F7B                     UEP11           equ	3963	;# 
  1181   000F7C                     UEP12           equ	3964	;# 
  1182   000F7D                     UEP13           equ	3965	;# 
  1183   000F7E                     UEP14           equ	3966	;# 
  1184   000F7F                     UEP15           equ	3967	;# 
  1185   000F80                     PORTA           equ	3968	;# 
  1186   000F81                     PORTB           equ	3969	;# 
  1187   000F82                     PORTC           equ	3970	;# 
  1188   000F83                     PORTD           equ	3971	;# 
  1189   000F84                     PORTE           equ	3972	;# 
  1190   000F89                     LATA            equ	3977	;# 
  1191   000F8A                     LATB            equ	3978	;# 
  1192   000F8B                     LATC            equ	3979	;# 
  1193   000F8C                     LATD            equ	3980	;# 
  1194   000F8D                     LATE            equ	3981	;# 
  1195   000F92                     TRISA           equ	3986	;# 
  1196   000F92                     DDRA            equ	3986	;# 
  1197   000F93                     TRISB           equ	3987	;# 
  1198   000F93                     DDRB            equ	3987	;# 
  1199   000F94                     TRISC           equ	3988	;# 
  1200   000F94                     DDRC            equ	3988	;# 
  1201   000F95                     TRISD           equ	3989	;# 
  1202   000F95                     DDRD            equ	3989	;# 
  1203   000F96                     TRISE           equ	3990	;# 
  1204   000F96                     DDRE            equ	3990	;# 
  1205   000F9B                     OSCTUNE         equ	3995	;# 
  1206   000F9D                     PIE1            equ	3997	;# 
  1207   000F9E                     PIR1            equ	3998	;# 
  1208   000F9F                     IPR1            equ	3999	;# 
  1209   000FA0                     PIE2            equ	4000	;# 
  1210   000FA1                     PIR2            equ	4001	;# 
  1211   000FA2                     IPR2            equ	4002	;# 
  1212   000FA6                     EECON1          equ	4006	;# 
  1213   000FA7                     EECON2          equ	4007	;# 
  1214   000FA8                     EEDATA          equ	4008	;# 
  1215   000FA9                     EEADR           equ	4009	;# 
  1216   000FAB                     RCSTA           equ	4011	;# 
  1217   000FAB                     RCSTA1          equ	4011	;# 
  1218   000FAC                     TXSTA           equ	4012	;# 
  1219   000FAC                     TXSTA1          equ	4012	;# 
  1220   000FAD                     TXREG           equ	4013	;# 
  1221   000FAD                     TXREG1          equ	4013	;# 
  1222   000FAE                     RCREG           equ	4014	;# 
  1223   000FAE                     RCREG1          equ	4014	;# 
  1224   000FAF                     SPBRG           equ	4015	;# 
  1225   000FAF                     SPBRG1          equ	4015	;# 
  1226   000FB0                     SPBRGH          equ	4016	;# 
  1227   000FB1                     T3CON           equ	4017	;# 
  1228   000FB2                     TMR3            equ	4018	;# 
  1229   000FB2                     TMR3L           equ	4018	;# 
  1230   000FB3                     TMR3H           equ	4019	;# 
  1231   000FB4                     CMCON           equ	4020	;# 
  1232   000FB5                     CVRCON          equ	4021	;# 
  1233   000FB6                     ECCP1AS         equ	4022	;# 
  1234   000FB6                     CCP1AS          equ	4022	;# 
  1235   000FB7                     ECCP1DEL        equ	4023	;# 
  1236   000FB7                     CCP1DEL         equ	4023	;# 
  1237   000FB8                     BAUDCON         equ	4024	;# 
  1238   000FB8                     BAUDCTL         equ	4024	;# 
  1239   000FBA                     CCP2CON         equ	4026	;# 
  1240   000FBB                     CCPR2           equ	4027	;# 
  1241   000FBB                     CCPR2L          equ	4027	;# 
  1242   000FBC                     CCPR2H          equ	4028	;# 
  1243   000FBD                     CCP1CON         equ	4029	;# 
  1244   000FBD                     ECCP1CON        equ	4029	;# 
  1245   000FBE                     CCPR1           equ	4030	;# 
  1246   000FBE                     CCPR1L          equ	4030	;# 
  1247   000FBF                     CCPR1H          equ	4031	;# 
  1248   000FC0                     ADCON2          equ	4032	;# 
  1249   000FC1                     ADCON1          equ	4033	;# 
  1250   000FC2                     ADCON0          equ	4034	;# 
  1251   000FC3                     ADRES           equ	4035	;# 
  1252   000FC3                     ADRESL          equ	4035	;# 
  1253   000FC4                     ADRESH          equ	4036	;# 
  1254   000FC5                     SSPCON2         equ	4037	;# 
  1255   000FC6                     SSPCON1         equ	4038	;# 
  1256   000FC7                     SSPSTAT         equ	4039	;# 
  1257   000FC8                     SSPADD          equ	4040	;# 
  1258   000FC9                     SSPBUF          equ	4041	;# 
  1259   000FCA                     T2CON           equ	4042	;# 
  1260   000FCB                     PR2             equ	4043	;# 
  1261   000FCB                     MEMCON          equ	4043	;# 
  1262   000FCC                     TMR2            equ	4044	;# 
  1263   000FCD                     T1CON           equ	4045	;# 
  1264   000FCE                     TMR1            equ	4046	;# 
  1265   000FCE                     TMR1L           equ	4046	;# 
  1266   000FCF                     TMR1H           equ	4047	;# 
  1267   000FD0                     RCON            equ	4048	;# 
  1268   000FD1                     WDTCON          equ	4049	;# 
  1269   000FD2                     HLVDCON         equ	4050	;# 
  1270   000FD2                     LVDCON          equ	4050	;# 
  1271   000FD3                     OSCCON          equ	4051	;# 
  1272   000FD5                     T0CON           equ	4053	;# 
  1273   000FD6                     TMR0            equ	4054	;# 
  1274   000FD6                     TMR0L           equ	4054	;# 
  1275   000FD7                     TMR0H           equ	4055	;# 
  1276   000FD8                     STATUS          equ	4056	;# 
  1277   000FD9                     FSR2            equ	4057	;# 
  1278   000FD9                     FSR2L           equ	4057	;# 
  1279   000FDA                     FSR2H           equ	4058	;# 
  1280   000FDB                     PLUSW2          equ	4059	;# 
  1281   000FDC                     PREINC2         equ	4060	;# 
  1282   000FDD                     POSTDEC2        equ	4061	;# 
  1283   000FDE                     POSTINC2        equ	4062	;# 
  1284   000FDF                     INDF2           equ	4063	;# 
  1285   000FE0                     BSR             equ	4064	;# 
  1286   000FE1                     FSR1            equ	4065	;# 
  1287   000FE1                     FSR1L           equ	4065	;# 
  1288   000FE2                     FSR1H           equ	4066	;# 
  1289   000FE3                     PLUSW1          equ	4067	;# 
  1290   000FE4                     PREINC1         equ	4068	;# 
  1291   000FE5                     POSTDEC1        equ	4069	;# 
  1292   000FE6                     POSTINC1        equ	4070	;# 
  1293   000FE7                     INDF1           equ	4071	;# 
  1294   000FE8                     WREG            equ	4072	;# 
  1295   000FE9                     FSR0            equ	4073	;# 
  1296   000FE9                     FSR0L           equ	4073	;# 
  1297   000FEA                     FSR0H           equ	4074	;# 
  1298   000FEB                     PLUSW0          equ	4075	;# 
  1299   000FEC                     PREINC0         equ	4076	;# 
  1300   000FED                     POSTDEC0        equ	4077	;# 
  1301   000FEE                     POSTINC0        equ	4078	;# 
  1302   000FEF                     INDF0           equ	4079	;# 
  1303   000FF0                     INTCON3         equ	4080	;# 
  1304   000FF1                     INTCON2         equ	4081	;# 
  1305   000FF2                     INTCON          equ	4082	;# 
  1306   000FF3                     PROD            equ	4083	;# 
  1307   000FF3                     PRODL           equ	4083	;# 
  1308   000FF4                     PRODH           equ	4084	;# 
  1309   000FF5                     TABLAT          equ	4085	;# 
  1310   000FF6                     TBLPTR          equ	4086	;# 
  1311   000FF6                     TBLPTRL         equ	4086	;# 
  1312   000FF7                     TBLPTRH         equ	4087	;# 
  1313   000FF8                     TBLPTRU         equ	4088	;# 
  1314   000FF9                     PCLAT           equ	4089	;# 
  1315   000FF9                     PC              equ	4089	;# 
  1316   000FF9                     PCL             equ	4089	;# 
  1317   000FFA                     PCLATH          equ	4090	;# 
  1318   000FFB                     PCLATU          equ	4091	;# 
  1319   000FFC                     STKPTR          equ	4092	;# 
  1320   000FFD                     TOS             equ	4093	;# 
  1321   000FFD                     TOSL            equ	4093	;# 
  1322   000FFE                     TOSH            equ	4094	;# 
  1323   000FFF                     TOSU            equ	4095	;# 
  1324   000F62                     SPPDATA         equ	3938	;# 
  1325   000F63                     SPPCFG          equ	3939	;# 
  1326   000F64                     SPPEPS          equ	3940	;# 
  1327   000F65                     SPPCON          equ	3941	;# 
  1328   000F66                     UFRM            equ	3942	;# 
  1329   000F66                     UFRML           equ	3942	;# 
  1330   000F67                     UFRMH           equ	3943	;# 
  1331   000F68                     UIR             equ	3944	;# 
  1332   000F69                     UIE             equ	3945	;# 
  1333   000F6A                     UEIR            equ	3946	;# 
  1334   000F6B                     UEIE            equ	3947	;# 
  1335   000F6C                     USTAT           equ	3948	;# 
  1336   000F6D                     UCON            equ	3949	;# 
  1337   000F6E                     UADDR           equ	3950	;# 
  1338   000F6F                     UCFG            equ	3951	;# 
  1339   000F70                     UEP0            equ	3952	;# 
  1340   000F71                     UEP1            equ	3953	;# 
  1341   000F72                     UEP2            equ	3954	;# 
  1342   000F73                     UEP3            equ	3955	;# 
  1343   000F74                     UEP4            equ	3956	;# 
  1344   000F75                     UEP5            equ	3957	;# 
  1345   000F76                     UEP6            equ	3958	;# 
  1346   000F77                     UEP7            equ	3959	;# 
  1347   000F78                     UEP8            equ	3960	;# 
  1348   000F79                     UEP9            equ	3961	;# 
  1349   000F7A                     UEP10           equ	3962	;# 
  1350   000F7B                     UEP11           equ	3963	;# 
  1351   000F7C                     UEP12           equ	3964	;# 
  1352   000F7D                     UEP13           equ	3965	;# 
  1353   000F7E                     UEP14           equ	3966	;# 
  1354   000F7F                     UEP15           equ	3967	;# 
  1355   000F80                     PORTA           equ	3968	;# 
  1356   000F81                     PORTB           equ	3969	;# 
  1357   000F82                     PORTC           equ	3970	;# 
  1358   000F83                     PORTD           equ	3971	;# 
  1359   000F84                     PORTE           equ	3972	;# 
  1360   000F89                     LATA            equ	3977	;# 
  1361   000F8A                     LATB            equ	3978	;# 
  1362   000F8B                     LATC            equ	3979	;# 
  1363   000F8C                     LATD            equ	3980	;# 
  1364   000F8D                     LATE            equ	3981	;# 
  1365   000F92                     TRISA           equ	3986	;# 
  1366   000F92                     DDRA            equ	3986	;# 
  1367   000F93                     TRISB           equ	3987	;# 
  1368   000F93                     DDRB            equ	3987	;# 
  1369   000F94                     TRISC           equ	3988	;# 
  1370   000F94                     DDRC            equ	3988	;# 
  1371   000F95                     TRISD           equ	3989	;# 
  1372   000F95                     DDRD            equ	3989	;# 
  1373   000F96                     TRISE           equ	3990	;# 
  1374   000F96                     DDRE            equ	3990	;# 
  1375   000F9B                     OSCTUNE         equ	3995	;# 
  1376   000F9D                     PIE1            equ	3997	;# 
  1377   000F9E                     PIR1            equ	3998	;# 
  1378   000F9F                     IPR1            equ	3999	;# 
  1379   000FA0                     PIE2            equ	4000	;# 
  1380   000FA1                     PIR2            equ	4001	;# 
  1381   000FA2                     IPR2            equ	4002	;# 
  1382   000FA6                     EECON1          equ	4006	;# 
  1383   000FA7                     EECON2          equ	4007	;# 
  1384   000FA8                     EEDATA          equ	4008	;# 
  1385   000FA9                     EEADR           equ	4009	;# 
  1386   000FAB                     RCSTA           equ	4011	;# 
  1387   000FAB                     RCSTA1          equ	4011	;# 
  1388   000FAC                     TXSTA           equ	4012	;# 
  1389   000FAC                     TXSTA1          equ	4012	;# 
  1390   000FAD                     TXREG           equ	4013	;# 
  1391   000FAD                     TXREG1          equ	4013	;# 
  1392   000FAE                     RCREG           equ	4014	;# 
  1393   000FAE                     RCREG1          equ	4014	;# 
  1394   000FAF                     SPBRG           equ	4015	;# 
  1395   000FAF                     SPBRG1          equ	4015	;# 
  1396   000FB0                     SPBRGH          equ	4016	;# 
  1397   000FB1                     T3CON           equ	4017	;# 
  1398   000FB2                     TMR3            equ	4018	;# 
  1399   000FB2                     TMR3L           equ	4018	;# 
  1400   000FB3                     TMR3H           equ	4019	;# 
  1401   000FB4                     CMCON           equ	4020	;# 
  1402   000FB5                     CVRCON          equ	4021	;# 
  1403   000FB6                     ECCP1AS         equ	4022	;# 
  1404   000FB6                     CCP1AS          equ	4022	;# 
  1405   000FB7                     ECCP1DEL        equ	4023	;# 
  1406   000FB7                     CCP1DEL         equ	4023	;# 
  1407   000FB8                     BAUDCON         equ	4024	;# 
  1408   000FB8                     BAUDCTL         equ	4024	;# 
  1409   000FBA                     CCP2CON         equ	4026	;# 
  1410   000FBB                     CCPR2           equ	4027	;# 
  1411   000FBB                     CCPR2L          equ	4027	;# 
  1412   000FBC                     CCPR2H          equ	4028	;# 
  1413   000FBD                     CCP1CON         equ	4029	;# 
  1414   000FBD                     ECCP1CON        equ	4029	;# 
  1415   000FBE                     CCPR1           equ	4030	;# 
  1416   000FBE                     CCPR1L          equ	4030	;# 
  1417   000FBF                     CCPR1H          equ	4031	;# 
  1418   000FC0                     ADCON2          equ	4032	;# 
  1419   000FC1                     ADCON1          equ	4033	;# 
  1420   000FC2                     ADCON0          equ	4034	;# 
  1421   000FC3                     ADRES           equ	4035	;# 
  1422   000FC3                     ADRESL          equ	4035	;# 
  1423   000FC4                     ADRESH          equ	4036	;# 
  1424   000FC5                     SSPCON2         equ	4037	;# 
  1425   000FC6                     SSPCON1         equ	4038	;# 
  1426   000FC7                     SSPSTAT         equ	4039	;# 
  1427   000FC8                     SSPADD          equ	4040	;# 
  1428   000FC9                     SSPBUF          equ	4041	;# 
  1429   000FCA                     T2CON           equ	4042	;# 
  1430   000FCB                     PR2             equ	4043	;# 
  1431   000FCB                     MEMCON          equ	4043	;# 
  1432   000FCC                     TMR2            equ	4044	;# 
  1433   000FCD                     T1CON           equ	4045	;# 
  1434   000FCE                     TMR1            equ	4046	;# 
  1435   000FCE                     TMR1L           equ	4046	;# 
  1436   000FCF                     TMR1H           equ	4047	;# 
  1437   000FD0                     RCON            equ	4048	;# 
  1438   000FD1                     WDTCON          equ	4049	;# 
  1439   000FD2                     HLVDCON         equ	4050	;# 
  1440   000FD2                     LVDCON          equ	4050	;# 
  1441   000FD3                     OSCCON          equ	4051	;# 
  1442   000FD5                     T0CON           equ	4053	;# 
  1443   000FD6                     TMR0            equ	4054	;# 
  1444   000FD6                     TMR0L           equ	4054	;# 
  1445   000FD7                     TMR0H           equ	4055	;# 
  1446   000FD8                     STATUS          equ	4056	;# 
  1447   000FD9                     FSR2            equ	4057	;# 
  1448   000FD9                     FSR2L           equ	4057	;# 
  1449   000FDA                     FSR2H           equ	4058	;# 
  1450   000FDB                     PLUSW2          equ	4059	;# 
  1451   000FDC                     PREINC2         equ	4060	;# 
  1452   000FDD                     POSTDEC2        equ	4061	;# 
  1453   000FDE                     POSTINC2        equ	4062	;# 
  1454   000FDF                     INDF2           equ	4063	;# 
  1455   000FE0                     BSR             equ	4064	;# 
  1456   000FE1                     FSR1            equ	4065	;# 
  1457   000FE1                     FSR1L           equ	4065	;# 
  1458   000FE2                     FSR1H           equ	4066	;# 
  1459   000FE3                     PLUSW1          equ	4067	;# 
  1460   000FE4                     PREINC1         equ	4068	;# 
  1461   000FE5                     POSTDEC1        equ	4069	;# 
  1462   000FE6                     POSTINC1        equ	4070	;# 
  1463   000FE7                     INDF1           equ	4071	;# 
  1464   000FE8                     WREG            equ	4072	;# 
  1465   000FE9                     FSR0            equ	4073	;# 
  1466   000FE9                     FSR0L           equ	4073	;# 
  1467   000FEA                     FSR0H           equ	4074	;# 
  1468   000FEB                     PLUSW0          equ	4075	;# 
  1469   000FEC                     PREINC0         equ	4076	;# 
  1470   000FED                     POSTDEC0        equ	4077	;# 
  1471   000FEE                     POSTINC0        equ	4078	;# 
  1472   000FEF                     INDF0           equ	4079	;# 
  1473   000FF0                     INTCON3         equ	4080	;# 
  1474   000FF1                     INTCON2         equ	4081	;# 
  1475   000FF2                     INTCON          equ	4082	;# 
  1476   000FF3                     PROD            equ	4083	;# 
  1477   000FF3                     PRODL           equ	4083	;# 
  1478   000FF4                     PRODH           equ	4084	;# 
  1479   000FF5                     TABLAT          equ	4085	;# 
  1480   000FF6                     TBLPTR          equ	4086	;# 
  1481   000FF6                     TBLPTRL         equ	4086	;# 
  1482   000FF7                     TBLPTRH         equ	4087	;# 
  1483   000FF8                     TBLPTRU         equ	4088	;# 
  1484   000FF9                     PCLAT           equ	4089	;# 
  1485   000FF9                     PC              equ	4089	;# 
  1486   000FF9                     PCL             equ	4089	;# 
  1487   000FFA                     PCLATH          equ	4090	;# 
  1488   000FFB                     PCLATU          equ	4091	;# 
  1489   000FFC                     STKPTR          equ	4092	;# 
  1490   000FFD                     TOS             equ	4093	;# 
  1491   000FFD                     TOSL            equ	4093	;# 
  1492   000FFE                     TOSH            equ	4094	;# 
  1493   000FFF                     TOSU            equ	4095	;# 
  1494   000F62                     SPPDATA         equ	3938	;# 
  1495   000F63                     SPPCFG          equ	3939	;# 
  1496   000F64                     SPPEPS          equ	3940	;# 
  1497   000F65                     SPPCON          equ	3941	;# 
  1498   000F66                     UFRM            equ	3942	;# 
  1499   000F66                     UFRML           equ	3942	;# 
  1500   000F67                     UFRMH           equ	3943	;# 
  1501   000F68                     UIR             equ	3944	;# 
  1502   000F69                     UIE             equ	3945	;# 
  1503   000F6A                     UEIR            equ	3946	;# 
  1504   000F6B                     UEIE            equ	3947	;# 
  1505   000F6C                     USTAT           equ	3948	;# 
  1506   000F6D                     UCON            equ	3949	;# 
  1507   000F6E                     UADDR           equ	3950	;# 
  1508   000F6F                     UCFG            equ	3951	;# 
  1509   000F70                     UEP0            equ	3952	;# 
  1510   000F71                     UEP1            equ	3953	;# 
  1511   000F72                     UEP2            equ	3954	;# 
  1512   000F73                     UEP3            equ	3955	;# 
  1513   000F74                     UEP4            equ	3956	;# 
  1514   000F75                     UEP5            equ	3957	;# 
  1515   000F76                     UEP6            equ	3958	;# 
  1516   000F77                     UEP7            equ	3959	;# 
  1517   000F78                     UEP8            equ	3960	;# 
  1518   000F79                     UEP9            equ	3961	;# 
  1519   000F7A                     UEP10           equ	3962	;# 
  1520   000F7B                     UEP11           equ	3963	;# 
  1521   000F7C                     UEP12           equ	3964	;# 
  1522   000F7D                     UEP13           equ	3965	;# 
  1523   000F7E                     UEP14           equ	3966	;# 
  1524   000F7F                     UEP15           equ	3967	;# 
  1525   000F80                     PORTA           equ	3968	;# 
  1526   000F81                     PORTB           equ	3969	;# 
  1527   000F82                     PORTC           equ	3970	;# 
  1528   000F83                     PORTD           equ	3971	;# 
  1529   000F84                     PORTE           equ	3972	;# 
  1530   000F89                     LATA            equ	3977	;# 
  1531   000F8A                     LATB            equ	3978	;# 
  1532   000F8B                     LATC            equ	3979	;# 
  1533   000F8C                     LATD            equ	3980	;# 
  1534   000F8D                     LATE            equ	3981	;# 
  1535   000F92                     TRISA           equ	3986	;# 
  1536   000F92                     DDRA            equ	3986	;# 
  1537   000F93                     TRISB           equ	3987	;# 
  1538   000F93                     DDRB            equ	3987	;# 
  1539   000F94                     TRISC           equ	3988	;# 
  1540   000F94                     DDRC            equ	3988	;# 
  1541   000F95                     TRISD           equ	3989	;# 
  1542   000F95                     DDRD            equ	3989	;# 
  1543   000F96                     TRISE           equ	3990	;# 
  1544   000F96                     DDRE            equ	3990	;# 
  1545   000F9B                     OSCTUNE         equ	3995	;# 
  1546   000F9D                     PIE1            equ	3997	;# 
  1547   000F9E                     PIR1            equ	3998	;# 
  1548   000F9F                     IPR1            equ	3999	;# 
  1549   000FA0                     PIE2            equ	4000	;# 
  1550   000FA1                     PIR2            equ	4001	;# 
  1551   000FA2                     IPR2            equ	4002	;# 
  1552   000FA6                     EECON1          equ	4006	;# 
  1553   000FA7                     EECON2          equ	4007	;# 
  1554   000FA8                     EEDATA          equ	4008	;# 
  1555   000FA9                     EEADR           equ	4009	;# 
  1556   000FAB                     RCSTA           equ	4011	;# 
  1557   000FAB                     RCSTA1          equ	4011	;# 
  1558   000FAC                     TXSTA           equ	4012	;# 
  1559   000FAC                     TXSTA1          equ	4012	;# 
  1560   000FAD                     TXREG           equ	4013	;# 
  1561   000FAD                     TXREG1          equ	4013	;# 
  1562   000FAE                     RCREG           equ	4014	;# 
  1563   000FAE                     RCREG1          equ	4014	;# 
  1564   000FAF                     SPBRG           equ	4015	;# 
  1565   000FAF                     SPBRG1          equ	4015	;# 
  1566   000FB0                     SPBRGH          equ	4016	;# 
  1567   000FB1                     T3CON           equ	4017	;# 
  1568   000FB2                     TMR3            equ	4018	;# 
  1569   000FB2                     TMR3L           equ	4018	;# 
  1570   000FB3                     TMR3H           equ	4019	;# 
  1571   000FB4                     CMCON           equ	4020	;# 
  1572   000FB5                     CVRCON          equ	4021	;# 
  1573   000FB6                     ECCP1AS         equ	4022	;# 
  1574   000FB6                     CCP1AS          equ	4022	;# 
  1575   000FB7                     ECCP1DEL        equ	4023	;# 
  1576   000FB7                     CCP1DEL         equ	4023	;# 
  1577   000FB8                     BAUDCON         equ	4024	;# 
  1578   000FB8                     BAUDCTL         equ	4024	;# 
  1579   000FBA                     CCP2CON         equ	4026	;# 
  1580   000FBB                     CCPR2           equ	4027	;# 
  1581   000FBB                     CCPR2L          equ	4027	;# 
  1582   000FBC                     CCPR2H          equ	4028	;# 
  1583   000FBD                     CCP1CON         equ	4029	;# 
  1584   000FBD                     ECCP1CON        equ	4029	;# 
  1585   000FBE                     CCPR1           equ	4030	;# 
  1586   000FBE                     CCPR1L          equ	4030	;# 
  1587   000FBF                     CCPR1H          equ	4031	;# 
  1588   000FC0                     ADCON2          equ	4032	;# 
  1589   000FC1                     ADCON1          equ	4033	;# 
  1590   000FC2                     ADCON0          equ	4034	;# 
  1591   000FC3                     ADRES           equ	4035	;# 
  1592   000FC3                     ADRESL          equ	4035	;# 
  1593   000FC4                     ADRESH          equ	4036	;# 
  1594   000FC5                     SSPCON2         equ	4037	;# 
  1595   000FC6                     SSPCON1         equ	4038	;# 
  1596   000FC7                     SSPSTAT         equ	4039	;# 
  1597   000FC8                     SSPADD          equ	4040	;# 
  1598   000FC9                     SSPBUF          equ	4041	;# 
  1599   000FCA                     T2CON           equ	4042	;# 
  1600   000FCB                     PR2             equ	4043	;# 
  1601   000FCB                     MEMCON          equ	4043	;# 
  1602   000FCC                     TMR2            equ	4044	;# 
  1603   000FCD                     T1CON           equ	4045	;# 
  1604   000FCE                     TMR1            equ	4046	;# 
  1605   000FCE                     TMR1L           equ	4046	;# 
  1606   000FCF                     TMR1H           equ	4047	;# 
  1607   000FD0                     RCON            equ	4048	;# 
  1608   000FD1                     WDTCON          equ	4049	;# 
  1609   000FD2                     HLVDCON         equ	4050	;# 
  1610   000FD2                     LVDCON          equ	4050	;# 
  1611   000FD3                     OSCCON          equ	4051	;# 
  1612   000FD5                     T0CON           equ	4053	;# 
  1613   000FD6                     TMR0            equ	4054	;# 
  1614   000FD6                     TMR0L           equ	4054	;# 
  1615   000FD7                     TMR0H           equ	4055	;# 
  1616   000FD8                     STATUS          equ	4056	;# 
  1617   000FD9                     FSR2            equ	4057	;# 
  1618   000FD9                     FSR2L           equ	4057	;# 
  1619   000FDA                     FSR2H           equ	4058	;# 
  1620   000FDB                     PLUSW2          equ	4059	;# 
  1621   000FDC                     PREINC2         equ	4060	;# 
  1622   000FDD                     POSTDEC2        equ	4061	;# 
  1623   000FDE                     POSTINC2        equ	4062	;# 
  1624   000FDF                     INDF2           equ	4063	;# 
  1625   000FE0                     BSR             equ	4064	;# 
  1626   000FE1                     FSR1            equ	4065	;# 
  1627   000FE1                     FSR1L           equ	4065	;# 
  1628   000FE2                     FSR1H           equ	4066	;# 
  1629   000FE3                     PLUSW1          equ	4067	;# 
  1630   000FE4                     PREINC1         equ	4068	;# 
  1631   000FE5                     POSTDEC1        equ	4069	;# 
  1632   000FE6                     POSTINC1        equ	4070	;# 
  1633   000FE7                     INDF1           equ	4071	;# 
  1634   000FE8                     WREG            equ	4072	;# 
  1635   000FE9                     FSR0            equ	4073	;# 
  1636   000FE9                     FSR0L           equ	4073	;# 
  1637   000FEA                     FSR0H           equ	4074	;# 
  1638   000FEB                     PLUSW0          equ	4075	;# 
  1639   000FEC                     PREINC0         equ	4076	;# 
  1640   000FED                     POSTDEC0        equ	4077	;# 
  1641   000FEE                     POSTINC0        equ	4078	;# 
  1642   000FEF                     INDF0           equ	4079	;# 
  1643   000FF0                     INTCON3         equ	4080	;# 
  1644   000FF1                     INTCON2         equ	4081	;# 
  1645   000FF2                     INTCON          equ	4082	;# 
  1646   000FF3                     PROD            equ	4083	;# 
  1647   000FF3                     PRODL           equ	4083	;# 
  1648   000FF4                     PRODH           equ	4084	;# 
  1649   000FF5                     TABLAT          equ	4085	;# 
  1650   000FF6                     TBLPTR          equ	4086	;# 
  1651   000FF6                     TBLPTRL         equ	4086	;# 
  1652   000FF7                     TBLPTRH         equ	4087	;# 
  1653   000FF8                     TBLPTRU         equ	4088	;# 
  1654   000FF9                     PCLAT           equ	4089	;# 
  1655   000FF9                     PC              equ	4089	;# 
  1656   000FF9                     PCL             equ	4089	;# 
  1657   000FFA                     PCLATH          equ	4090	;# 
  1658   000FFB                     PCLATU          equ	4091	;# 
  1659   000FFC                     STKPTR          equ	4092	;# 
  1660   000FFD                     TOS             equ	4093	;# 
  1661   000FFD                     TOSL            equ	4093	;# 
  1662   000FFE                     TOSH            equ	4094	;# 
  1663   000FFF                     TOSU            equ	4095	;# 
  1664                           
  1665                           	psect	smallconst
  1666   000800                     __psmallconst:
  1667                           	callstack 0
  1668   000800  00                 	db	0
  1669   000801                     _font5x7:
  1670                           	callstack 0
  1671   000801  00                 	db	0
  1672   000802  00                 	db	0
  1673   000803  00                 	db	0
  1674   000804  00                 	db	0
  1675   000805  00                 	db	0
  1676   000806  3E                 	db	62
  1677   000807  51                 	db	81
  1678   000808  49                 	db	73
  1679   000809  45                 	db	69
  1680   00080A  3E                 	db	62
  1681   00080B  00                 	db	0
  1682   00080C  42                 	db	66
  1683   00080D  7F                 	db	127
  1684   00080E  40                 	db	64
  1685   00080F  00                 	db	0
  1686   000810  42                 	db	66
  1687   000811  61                 	db	97
  1688   000812  51                 	db	81
  1689   000813  49                 	db	73
  1690   000814  46                 	db	70
  1691   000815  21                 	db	33
  1692   000816  41                 	db	65
  1693   000817  45                 	db	69
  1694   000818  4B                 	db	75
  1695   000819  31                 	db	49
  1696   00081A  18                 	db	24
  1697   00081B  14                 	db	20
  1698   00081C  12                 	db	18
  1699   00081D  7F                 	db	127
  1700   00081E  10                 	db	16
  1701   00081F  27                 	db	39
  1702   000820  45                 	db	69
  1703   000821  45                 	db	69
  1704   000822  45                 	db	69
  1705   000823  39                 	db	57
  1706   000824  3C                 	db	60
  1707   000825  4A                 	db	74
  1708   000826  49                 	db	73
  1709   000827  49                 	db	73
  1710   000828  30                 	db	48
  1711   000829  01                 	db	1
  1712   00082A  71                 	db	113
  1713   00082B  09                 	db	9
  1714   00082C  05                 	db	5
  1715   00082D  03                 	db	3
  1716   00082E  36                 	db	54
  1717   00082F  49                 	db	73
  1718   000830  49                 	db	73
  1719   000831  49                 	db	73
  1720   000832  36                 	db	54
  1721   000833  06                 	db	6
  1722   000834  49                 	db	73
  1723   000835  49                 	db	73
  1724   000836  29                 	db	41
  1725   000837  1E                 	db	30
  1726   000838  7E                 	db	126
  1727   000839  11                 	db	17
  1728   00083A  11                 	db	17
  1729   00083B  11                 	db	17
  1730   00083C  7E                 	db	126
  1731   00083D  7F                 	db	127
  1732   00083E  49                 	db	73
  1733   00083F  49                 	db	73
  1734   000840  49                 	db	73
  1735   000841  36                 	db	54
  1736   000842  3E                 	db	62
  1737   000843  41                 	db	65
  1738   000844  41                 	db	65
  1739   000845  41                 	db	65
  1740   000846  22                 	db	34
  1741   000847  7F                 	db	127
  1742   000848  41                 	db	65
  1743   000849  41                 	db	65
  1744   00084A  22                 	db	34
  1745   00084B  1C                 	db	28
  1746   00084C  7F                 	db	127
  1747   00084D  49                 	db	73
  1748   00084E  49                 	db	73
  1749   00084F  49                 	db	73
  1750   000850  41                 	db	65
  1751   000851  7F                 	db	127
  1752   000852  09                 	db	9
  1753   000853  09                 	db	9
  1754   000854  09                 	db	9
  1755   000855  01                 	db	1
  1756   000856  3E                 	db	62
  1757   000857  41                 	db	65
  1758   000858  49                 	db	73
  1759   000859  49                 	db	73
  1760   00085A  7A                 	db	122
  1761   00085B  7F                 	db	127
  1762   00085C  08                 	db	8
  1763   00085D  08                 	db	8
  1764   00085E  08                 	db	8
  1765   00085F  7F                 	db	127
  1766   000860  00                 	db	0
  1767   000861  41                 	db	65
  1768   000862  7F                 	db	127
  1769   000863  41                 	db	65
  1770   000864  00                 	db	0
  1771   000865  20                 	db	32
  1772   000866  40                 	db	64
  1773   000867  41                 	db	65
  1774   000868  3F                 	db	63
  1775   000869  01                 	db	1
  1776   00086A  7F                 	db	127
  1777   00086B  08                 	db	8
  1778   00086C  14                 	db	20
  1779   00086D  22                 	db	34
  1780   00086E  41                 	db	65
  1781   00086F  7F                 	db	127
  1782   000870  40                 	db	64
  1783   000871  40                 	db	64
  1784   000872  40                 	db	64
  1785   000873  40                 	db	64
  1786   000874  7F                 	db	127
  1787   000875  02                 	db	2
  1788   000876  0C                 	db	12
  1789   000877  02                 	db	2
  1790   000878  7F                 	db	127
  1791   000879  7F                 	db	127
  1792   00087A  04                 	db	4
  1793   00087B  08                 	db	8
  1794   00087C  10                 	db	16
  1795   00087D  7F                 	db	127
  1796   00087E  3E                 	db	62
  1797   00087F  41                 	db	65
  1798   000880  41                 	db	65
  1799   000881  41                 	db	65
  1800   000882  3E                 	db	62
  1801   000883  7F                 	db	127
  1802   000884  09                 	db	9
  1803   000885  09                 	db	9
  1804   000886  09                 	db	9
  1805   000887  06                 	db	6
  1806   000888  3E                 	db	62
  1807   000889  41                 	db	65
  1808   00088A  51                 	db	81
  1809   00088B  21                 	db	33
  1810   00088C  5E                 	db	94
  1811   00088D  7F                 	db	127
  1812   00088E  09                 	db	9
  1813   00088F  19                 	db	25
  1814   000890  29                 	db	41
  1815   000891  46                 	db	70
  1816   000892  46                 	db	70
  1817   000893  49                 	db	73
  1818   000894  49                 	db	73
  1819   000895  49                 	db	73
  1820   000896  31                 	db	49
  1821   000897  01                 	db	1
  1822   000898  01                 	db	1
  1823   000899  7F                 	db	127
  1824   00089A  01                 	db	1
  1825   00089B  01                 	db	1
  1826   00089C  3F                 	db	63
  1827   00089D  40                 	db	64
  1828   00089E  40                 	db	64
  1829   00089F  40                 	db	64
  1830   0008A0  3F                 	db	63
  1831   0008A1  1F                 	db	31
  1832   0008A2  20                 	db	32
  1833   0008A3  40                 	db	64
  1834   0008A4  20                 	db	32
  1835   0008A5  1F                 	db	31
  1836   0008A6  3F                 	db	63
  1837   0008A7  40                 	db	64
  1838   0008A8  38                 	db	56
  1839   0008A9  40                 	db	64
  1840   0008AA  3F                 	db	63
  1841   0008AB  63                 	db	99
  1842   0008AC  14                 	db	20
  1843   0008AD  08                 	db	8
  1844   0008AE  14                 	db	20
  1845   0008AF  63                 	db	99
  1846   0008B0  07                 	db	7
  1847   0008B1  08                 	db	8
  1848   0008B2  70                 	db	112
  1849   0008B3  08                 	db	8
  1850   0008B4  07                 	db	7
  1851   0008B5  61                 	db	97
  1852   0008B6  51                 	db	81
  1853   0008B7  49                 	db	73
  1854   0008B8  45                 	db	69
  1855   0008B9  43                 	db	67
  1856   0008BA  00                 	db	0
  1857   0008BB  00                 	db	0
  1858   0008BC  5F                 	db	95
  1859   0008BD  00                 	db	0
  1860   0008BE  00                 	db	0
  1861   0008BF  00                 	db	0
  1862   0008C0  06                 	db	6
  1863   0008C1  09                 	db	9
  1864   0008C2  09                 	db	9
  1865   0008C3  06                 	db	6
  1866   0008C4  00                 	db	0
  1867   0008C5  00                 	db	0
  1868   0008C6  08                 	db	8
  1869   0008C7  00                 	db	0
  1870   0008C8  00                 	db	0
  1871   0008C9                     __end_of_font5x7:
  1872                           	callstack 0
  1873   007E11                     _GO_nDONE       set	32273
  1874   000F81                     _PORTBbits      set	3969
  1875   000FF1                     _INTCON2bits    set	4081
  1876   000F8A                     _LATBbits       set	3978
  1877   000F93                     _TRISBbits      set	3987
  1878   000FBD                     _CCP1CONbits    set	4029
  1879   000FBE                     _CCPR1L         set	4030
  1880   000FCA                     _T2CON          set	4042
  1881   000FBD                     _CCP1CON        set	4029
  1882   000FCB                     _PR2            set	4043
  1883   000F94                     _TRISCbits      set	3988
  1884   000F8C                     _LATDbits       set	3980
  1885   000FC3                     _ADRESL         set	4035
  1886   000FC4                     _ADRESH         set	4036
  1887   000FC2                     _ADCON0bits     set	4034
  1888   000FC2                     _ADCON0         set	4034
  1889   000FC0                     _ADCON2         set	4032
  1890   000FC1                     _ADCON1         set	4033
  1891   000F8C                     _LATD           set	3980
  1892   000F94                     _TRISC          set	3988
  1893   000F95                     _TRISD          set	3989
  1894   000F93                     _TRISB          set	3987
  1895   000F92                     _TRISA          set	3986
  1896   000FD3                     _OSCCON         set	4051
  1897   0008C9                     STR_1:
  1898   0008C9  49                 	db	73	;'I'
  1899   0008CA  4E                 	db	78	;'N'
  1900   0008CB  49                 	db	73	;'I'
  1901   0008CC  43                 	db	67	;'C'
  1902   0008CD  49                 	db	73	;'I'
  1903   0008CE  41                 	db	65	;'A'
  1904   0008CF  4E                 	db	78	;'N'
  1905   0008D0  44                 	db	68	;'D'
  1906   0008D1  4F                 	db	79	;'O'
  1907   0008D2  00                 	db	0
  1908   0008D3                     STR_3:
  1909   0008D3  48                 	db	72	;'H'
  1910   0008D4  20                 	db	32
  1911   0008D5  25                 	db	37
  1912   0008D6  64                 	db	100	;'d'
  1913   0008D7  25                 	db	37
  1914   0008D8  25                 	db	37
  1915   0008D9  00                 	db	0
  1916   0008DA                     STR_2:
  1917   0008DA  54                 	db	84	;'T'
  1918   0008DB  20                 	db	32
  1919   0008DC  25                 	db	37
  1920   0008DD  64                 	db	100	;'d'
  1921   0008DE  20                 	db	32
  1922   0008DF  43                 	db	67	;'C'
  1923   0008E0  00                 	db	0
  1924   0008E1                     STR_4:
  1925   0008E1  41                 	db	65	;'A'
  1926   0008E2  20                 	db	32
  1927   0008E3  25                 	db	37
  1928   0008E4  64                 	db	100	;'d'
  1929   0008E5  00                 	db	0
  1930   0008E6                     STR_5:
  1931   0008E6  4C                 	db	76	;'L'
  1932   0008E7  20                 	db	32
  1933   0008E8  25                 	db	37
  1934   0008E9  64                 	db	100	;'d'
  1935   0008EA  00                 	db	0
  1936   0008EB  00                 	db	0	; dummy byte at the end
  1937   000800                     __smallconst    set	__psmallconst
  1938   000800                     __mediumconst   set	__psmallconst
  1939   000002                     __activetblptr  equ	2
  1940                           
  1941                           ; #config settings
  1942                           
  1943                           	psect	cinit
  1944   002504                     __pcinit:
  1945                           	callstack 0
  1946   002504                     start_initialization:
  1947                           	callstack 0
  1948   002504                     __initialization:
  1949                           	callstack 0
  1950                           
  1951                           ; Clear objects allocated to BANK0 (32 bytes)
  1952   002504  EE00  F060         	lfsr	0,__pbssBANK0
  1953   002508  0E20               	movlw	32
  1954   00250A                     clear_0:
  1955   00250A  6AEE               	clrf	postinc0,c
  1956   00250C  06E8               	decf	wreg,f,c
  1957   00250E  E1FD               	bnz	clear_0
  1958                           
  1959                           ; Clear objects allocated to COMRAM (13 bytes)
  1960   002510  EE00  F04D         	lfsr	0,__pbssCOMRAM
  1961   002514  0E0D               	movlw	13
  1962   002516                     clear_1:
  1963   002516  6AEE               	clrf	postinc0,c
  1964   002518  06E8               	decf	wreg,f,c
  1965   00251A  E1FD               	bnz	clear_1
  1966   00251C                     end_of_initialization:
  1967                           	callstack 0
  1968   00251C                     __end_of__initialization:
  1969                           	callstack 0
  1970   00251C  0E00               	movlw	low (__Lmediumconst shr (0+16))
  1971   00251E  6EF8               	movwf	tblptru,c
  1972   002520  0100               	movlb	0
  1973   002522  EF50  F008         	goto	_main	;jump to C main() function
  1974                           
  1975                           	psect	bssCOMRAM
  1976   00004D                     __pbssCOMRAM:
  1977                           	callstack 0
  1978   00004D                     _width:
  1979                           	callstack 0
  1980   00004D                     	ds	2
  1981   00004F                     _prec:
  1982                           	callstack 0
  1983   00004F                     	ds	2
  1984   000051                     actualizar_ventilador@duty_actual:
  1985                           	callstack 0
  1986   000051                     	ds	2
  1987   000053                     control_luz@led_on:
  1988                           	callstack 0
  1989   000053                     	ds	2
  1990   000055                     control_temperatura@calentador_on:
  1991                           	callstack 0
  1992   000055                     	ds	2
  1993   000057                     _contador_aire:
  1994                           	callstack 0
  1995   000057                     	ds	2
  1996   000059                     _flags:
  1997                           	callstack 0
  1998   000059                     	ds	1
  1999                           
  2000                           	psect	bssBANK0
  2001   000060                     __pbssBANK0:
  2002                           	callstack 0
  2003   000060                     _dbuf:
  2004                           	callstack 0
  2005   000060                     	ds	32
  2006                           
  2007                           	psect	cstackBANK0
  2008   000080                     __pcstackBANK0:
  2009                           	callstack 0
  2010   000080                     main@buffer:
  2011                           	callstack 0
  2012                           
  2013                           ; 14 bytes @ 0x0
  2014   000080                     	ds	14
  2015   00008E                     main@temp:
  2016                           	callstack 0
  2017                           
  2018                           ; 4 bytes @ 0xE
  2019   00008E                     	ds	4
  2020   000092                     main@humedad:
  2021                           	callstack 0
  2022                           
  2023                           ; 4 bytes @ 0x12
  2024   000092                     	ds	4
  2025   000096                     main@lux:
  2026                           	callstack 0
  2027                           
  2028                           ; 4 bytes @ 0x16
  2029   000096                     	ds	4
  2030   00009A                     main@aire:
  2031                           	callstack 0
  2032                           
  2033                           ; 2 bytes @ 0x1A
  2034   00009A                     	ds	2
  2035                           
  2036                           	psect	cstackCOMRAM
  2037   000001                     __pcstackCOMRAM:
  2038                           	callstack 0
  2039   000001                     ?___awdiv:
  2040                           	callstack 0
  2041   000001                     ?___awmod:
  2042                           	callstack 0
  2043   000001                     ?_leer_adc:
  2044                           	callstack 0
  2045   000001                     ?___fltol:
  2046                           	callstack 0
  2047   000001                     ?___xxtofl:
  2048                           	callstack 0
  2049   000001                     leer_adc@canal:
  2050                           	callstack 0
  2051   000001                     control_aire@aire:
  2052                           	callstack 0
  2053   000001                     set_PWM_duty@duty:
  2054                           	callstack 0
  2055   000001                     ___awdiv@dividend:
  2056                           	callstack 0
  2057   000001                     ___awmod@dividend:
  2058                           	callstack 0
  2059   000001                     fputc@c:
  2060                           	callstack 0
  2061   000001                     ___flge@ff1:
  2062                           	callstack 0
  2063   000001                     ___fltol@f1:
  2064                           	callstack 0
  2065   000001                     ___xxtofl@val:
  2066                           	callstack 0
  2067   000001                     ??_I2C_Write:
  2068   000001                     ??_I2C_Read:
  2069                           
  2070                           ; 1 bytes @ 0x0
  2071   000001                     	ds	1
  2072   000002                     I2C_Write@data:
  2073                           	callstack 0
  2074   000002                     I2C_Read@ack:
  2075                           	callstack 0
  2076                           
  2077                           ; 1 bytes @ 0x1
  2078   000002                     	ds	1
  2079   000003                     control_aire@i:
  2080                           	callstack 0
  2081   000003                     I2C_Write@i:
  2082                           	callstack 0
  2083   000003                     I2C_Read@data:
  2084                           	callstack 0
  2085   000003                     fputc@fp:
  2086                           	callstack 0
  2087   000003                     ___awdiv@divisor:
  2088                           	callstack 0
  2089   000003                     ___awmod@divisor:
  2090                           	callstack 0
  2091   000003                     ??_set_PWM_duty:
  2092   000003                     ??_leer_adc:
  2093                           
  2094                           ; 1 bytes @ 0x2
  2095   000003                     	ds	1
  2096   000004                     I2C_Read@i:
  2097                           	callstack 0
  2098   000004                     OLED_Command@cmd:
  2099                           	callstack 0
  2100   000004                     BME280_Write@data:
  2101                           	callstack 0
  2102   000004                     ??_BH1750_Init:
  2103   000004                     ??_fputc:
  2104   000004                     ??_OLED_WriteChar:
  2105                           
  2106                           ; 1 bytes @ 0x3
  2107   000004                     	ds	1
  2108   000005                     ?_leer_aire:
  2109                           	callstack 0
  2110   000005                     OLED_Clear@i:
  2111                           	callstack 0
  2112   000005                     OLED_ClearLine@linea:
  2113                           	callstack 0
  2114   000005                     OLED_SetCursor@page:
  2115                           	callstack 0
  2116   000005                     BME280_Write@reg:
  2117                           	callstack 0
  2118   000005                     BME280_Read@reg:
  2119                           	callstack 0
  2120   000005                     ___awdiv@counter:
  2121                           	callstack 0
  2122   000005                     ___awmod@counter:
  2123                           	callstack 0
  2124   000005                     OLED_WriteChar@index:
  2125                           	callstack 0
  2126   000005                     ___flge@ff2:
  2127                           	callstack 0
  2128   000005                     ??_OLED_Init:
  2129   000005                     ??___fltol:
  2130   000005                     ??___xxtofl:
  2131                           
  2132                           ; 1 bytes @ 0x4
  2133   000005                     	ds	1
  2134   000006                     OLED_Clear@page:
  2135                           	callstack 0
  2136   000006                     OLED_ClearLine@i:
  2137                           	callstack 0
  2138   000006                     OLED_SetCursor@col:
  2139                           	callstack 0
  2140   000006                     BME280_Read@data:
  2141                           	callstack 0
  2142   000006                     ___awdiv@sign:
  2143                           	callstack 0
  2144   000006                     ___awmod@sign:
  2145                           	callstack 0
  2146   000006                     ??_BME280_Init:
  2147   000006                     
  2148                           ; 1 bytes @ 0x5
  2149   000006                     	ds	1
  2150   000007                     ?_abs:
  2151                           	callstack 0
  2152   000007                     OLED_WriteChar@i:
  2153                           	callstack 0
  2154   000007                     ___awdiv@quotient:
  2155                           	callstack 0
  2156   000007                     abs@a:
  2157                           	callstack 0
  2158   000007                     
  2159                           ; 1 bytes @ 0x6
  2160   000007                     	ds	1
  2161   000008                     OLED_WriteChar@c:
  2162                           	callstack 0
  2163                           
  2164                           ; 1 bytes @ 0x7
  2165   000008                     	ds	1
  2166   000009                     ___fltol@sign1:
  2167                           	callstack 0
  2168   000009                     ___xxtofl@sign:
  2169                           	callstack 0
  2170   000009                     OLED_WriteString@str:
  2171                           	callstack 0
  2172   000009                     ??_abs:
  2173   000009                     ??___flge:
  2174                           
  2175                           ; 1 bytes @ 0x8
  2176   000009                     	ds	1
  2177   00000A                     ___fltol@exp1:
  2178                           	callstack 0
  2179   00000A                     ___xxtofl@exp:
  2180                           	callstack 0
  2181                           
  2182                           ; 1 bytes @ 0x9
  2183   00000A                     	ds	1
  2184   00000B                     vfpfcnvrt@fp:
  2185                           	callstack 0
  2186   00000B                     ___xxtofl@arg:
  2187                           	callstack 0
  2188   00000B                     
  2189                           ; 1 bytes @ 0xA
  2190   00000B                     	ds	1
  2191   00000C                     vfpfcnvrt@fmt:
  2192                           	callstack 0
  2193                           
  2194                           ; 1 bytes @ 0xB
  2195   00000C                     	ds	1
  2196   00000D                     vfpfcnvrt@ap:
  2197                           	callstack 0
  2198   00000D                     actualizar_ventilador@aire:
  2199                           	callstack 0
  2200   00000D                     control_temperatura@T:
  2201                           	callstack 0
  2202   00000D                     control_luz@lux:
  2203                           	callstack 0
  2204                           
  2205                           ; 4 bytes @ 0xC
  2206   00000D                     	ds	1
  2207   00000E                     ??_vfpfcnvrt:
  2208                           
  2209                           ; 1 bytes @ 0xD
  2210   00000E                     	ds	1
  2211   00000F                     ?___flmul:
  2212                           	callstack 0
  2213   00000F                     vfpfcnvrt@done:
  2214                           	callstack 0
  2215   00000F                     actualizar_ventilador@H:
  2216                           	callstack 0
  2217   00000F                     ___flmul@b:
  2218                           	callstack 0
  2219                           
  2220                           ; 4 bytes @ 0xE
  2221   00000F                     	ds	1
  2222   000010                     vfpfcnvrt@cp:
  2223                           	callstack 0
  2224                           
  2225                           ; 1 bytes @ 0xF
  2226   000010                     	ds	1
  2227   000011                     vfpfcnvrt@convarg:
  2228                           	callstack 0
  2229   000011                     
  2230                           ; 1 bytes @ 0x10
  2231   000011                     	ds	2
  2232   000013                     ___flmul@a:
  2233                           	callstack 0
  2234   000013                     ??_actualizar_ventilador:
  2235                           
  2236                           ; 1 bytes @ 0x12
  2237   000013                     	ds	1
  2238   000014                     actualizar_ventilador@duty_objetivo:
  2239                           	callstack 0
  2240                           
  2241                           ; 2 bytes @ 0x13
  2242   000014                     	ds	1
  2243   000015                     vfpfcnvrt@c:
  2244                           	callstack 0
  2245                           
  2246                           ; 1 bytes @ 0x14
  2247   000015                     	ds	1
  2248   000016                     ?_vfprintf:
  2249                           	callstack 0
  2250   000016                     vfprintf@fp:
  2251                           	callstack 0
  2252   000016                     control_ventilador@aire:
  2253                           	callstack 0
  2254                           
  2255                           ; 2 bytes @ 0x15
  2256   000016                     	ds	1
  2257   000017                     vfprintf@fmt:
  2258                           	callstack 0
  2259   000017                     ??___flmul:
  2260                           
  2261                           ; 1 bytes @ 0x16
  2262   000017                     	ds	1
  2263   000018                     vfprintf@ap:
  2264                           	callstack 0
  2265   000018                     control_ventilador@H:
  2266                           	callstack 0
  2267                           
  2268                           ; 4 bytes @ 0x17
  2269   000018                     	ds	1
  2270   000019                     vfprintf@cfmt:
  2271                           	callstack 0
  2272   000019                     
  2273                           ; 1 bytes @ 0x18
  2274   000019                     	ds	1
  2275   00001A                     ?_sprintf:
  2276                           	callstack 0
  2277   00001A                     sprintf@s:
  2278                           	callstack 0
  2279                           
  2280                           ; 1 bytes @ 0x19
  2281   00001A                     	ds	1
  2282   00001B                     ___flmul@sign:
  2283                           	callstack 0
  2284   00001B                     sprintf@fmt:
  2285                           	callstack 0
  2286                           
  2287                           ; 1 bytes @ 0x1A
  2288   00001B                     	ds	1
  2289   00001C                     ___flmul@grs:
  2290                           	callstack 0
  2291   00001C                     
  2292                           ; 1 bytes @ 0x1B
  2293   00001C                     	ds	2
  2294   00001E                     sprintf@ap:
  2295                           	callstack 0
  2296   00001E                     
  2297                           ; 1 bytes @ 0x1D
  2298   00001E                     	ds	1
  2299   00001F                     sprintf@f:
  2300                           	callstack 0
  2301                           
  2302                           ; 11 bytes @ 0x1E
  2303   00001F                     	ds	1
  2304   000020                     ___flmul@aexp:
  2305                           	callstack 0
  2306                           
  2307                           ; 1 bytes @ 0x1F
  2308   000020                     	ds	1
  2309   000021                     ___flmul@bexp:
  2310                           	callstack 0
  2311                           
  2312                           ; 1 bytes @ 0x20
  2313   000021                     	ds	1
  2314   000022                     ___flmul@prod:
  2315                           	callstack 0
  2316                           
  2317                           ; 4 bytes @ 0x21
  2318   000022                     	ds	4
  2319   000026                     ___flmul@temp:
  2320                           	callstack 0
  2321                           
  2322                           ; 2 bytes @ 0x25
  2323   000026                     	ds	2
  2324   000028                     ?___fldiv:
  2325                           	callstack 0
  2326   000028                     ___fldiv@b:
  2327                           	callstack 0
  2328                           
  2329                           ; 4 bytes @ 0x27
  2330   000028                     	ds	4
  2331   00002C                     ___fldiv@a:
  2332                           	callstack 0
  2333                           
  2334                           ; 4 bytes @ 0x2B
  2335   00002C                     	ds	4
  2336   000030                     ??___fldiv:
  2337                           
  2338                           ; 1 bytes @ 0x2F
  2339   000030                     	ds	4
  2340   000034                     ___fldiv@rem:
  2341                           	callstack 0
  2342                           
  2343                           ; 4 bytes @ 0x33
  2344   000034                     	ds	4
  2345   000038                     ___fldiv@sign:
  2346                           	callstack 0
  2347                           
  2348                           ; 1 bytes @ 0x37
  2349   000038                     	ds	1
  2350   000039                     ___fldiv@new_exp:
  2351                           	callstack 0
  2352                           
  2353                           ; 2 bytes @ 0x38
  2354   000039                     	ds	2
  2355   00003B                     ___fldiv@grs:
  2356                           	callstack 0
  2357                           
  2358                           ; 4 bytes @ 0x3A
  2359   00003B                     	ds	4
  2360   00003F                     ___fldiv@bexp:
  2361                           	callstack 0
  2362                           
  2363                           ; 1 bytes @ 0x3E
  2364   00003F                     	ds	1
  2365   000040                     ___fldiv@aexp:
  2366                           	callstack 0
  2367                           
  2368                           ; 1 bytes @ 0x3F
  2369   000040                     	ds	1
  2370   000041                     ?_leer_temperatura:
  2371                           	callstack 0
  2372   000041                     ?_BME280_ReadHumidity:
  2373                           	callstack 0
  2374   000041                     ?_BH1750_ReadLux:
  2375                           	callstack 0
  2376                           
  2377                           ; 4 bytes @ 0x40
  2378   000041                     	ds	4
  2379   000045                     leer_temperatura@adc:
  2380                           	callstack 0
  2381   000045                     ??_BME280_ReadHumidity:
  2382   000045                     ??_BH1750_ReadLux:
  2383                           
  2384                           ; 1 bytes @ 0x44
  2385   000045                     	ds	2
  2386   000047                     BME280_ReadHumidity@raw:
  2387                           	callstack 0
  2388   000047                     BH1750_ReadLux@raw:
  2389                           	callstack 0
  2390                           
  2391                           ; 2 bytes @ 0x46
  2392   000047                     	ds	2
  2393   000049                     BME280_ReadHumidity@msb:
  2394                           	callstack 0
  2395   000049                     BH1750_ReadLux@msb:
  2396                           	callstack 0
  2397                           
  2398                           ; 1 bytes @ 0x48
  2399   000049                     	ds	1
  2400   00004A                     BME280_ReadHumidity@lsb:
  2401                           	callstack 0
  2402   00004A                     BH1750_ReadLux@lsb:
  2403                           	callstack 0
  2404                           
  2405                           ; 1 bytes @ 0x49
  2406   00004A                     	ds	1
  2407   00004B                     ??_main:
  2408                           
  2409                           ; 1 bytes @ 0x4A
  2410   00004B                     	ds	2
  2411                           
  2412 ;;
  2413 ;;Main: autosize = 0, tempsize = 2, incstack = 0, save=0
  2414 ;;
  2415 ;; *************** function _main *****************
  2416 ;; Defined at:
  2417 ;;		line 23 in file "main.c"
  2418 ;; Parameters:    Size  Location     Type
  2419 ;;		None
  2420 ;; Auto vars:     Size  Location     Type
  2421 ;;  buffer         14    0[BANK0 ] unsigned char [14]
  2422 ;;  lux             4   22[BANK0 ] float 
  2423 ;;  humedad         4   18[BANK0 ] float 
  2424 ;;  temp            4   14[BANK0 ] float 
  2425 ;;  aire            2   26[BANK0 ] int 
  2426 ;; Return value:  Size  Location     Type
  2427 ;;                  1    wreg      void 
  2428 ;; Registers used:
  2429 ;;		wreg, fsr1l, fsr1h, fsr2l, fsr2h, status,2, status,0, tblptrl, tblptrh, tblptru, prodl, prodh, cstack
  2430 ;; Tracked objects:
  2431 ;;		On entry : 0/0
  2432 ;;		On exit  : 0/0
  2433 ;;		Unchanged: 0/0
  2434 ;; Data sizes:     COMRAM   BANK0   BANK1   BANK2   BANK3   BANK4   BANK5   BANK6   BANK7
  2435 ;;      Params:         0       0       0       0       0       0       0       0       0
  2436 ;;      Locals:         0      28       0       0       0       0       0       0       0
  2437 ;;      Temps:          2       0       0       0       0       0       0       0       0
  2438 ;;      Totals:         2      28       0       0       0       0       0       0       0
  2439 ;;Total ram usage:       30 bytes
  2440 ;; Hardware stack levels required when called: 5
  2441 ;; This function calls:
  2442 ;;		_BH1750_Init
  2443 ;;		_BH1750_ReadLux
  2444 ;;		_BME280_Init
  2445 ;;		_BME280_ReadHumidity
  2446 ;;		_I2C_Init
  2447 ;;		_OLED_Clear
  2448 ;;		_OLED_ClearLine
  2449 ;;		_OLED_Init
  2450 ;;		_OLED_SetCursor
  2451 ;;		_OLED_WriteString
  2452 ;;		___fltol
  2453 ;;		_control_aire
  2454 ;;		_control_luz
  2455 ;;		_control_temperatura
  2456 ;;		_control_ventilador
  2457 ;;		_init_ADC
  2458 ;;		_init_PWM
  2459 ;;		_leer_aire
  2460 ;;		_leer_temperatura
  2461 ;;		_setup
  2462 ;;		_sprintf
  2463 ;; This function is called by:
  2464 ;;		Startup code after reset
  2465 ;; This function uses a non-reentrant model
  2466 ;;
  2467                           
  2468                           	psect	text0
  2469   0010A0                     __ptext0:
  2470                           	callstack 0
  2471   0010A0                     _main:
  2472                           	callstack 26
  2473   0010A0                     
  2474                           ;main.c: 24:     setup();
  2475   0010A0  ECF7  F012         	call	_setup	;wreg free
  2476   0010A4                     
  2477                           ;main.c: 25:     _delay((unsigned long)((500)*(8000000/4000.0)));
  2478   0010A4  0E06               	movlw	6
  2479   0010A6  6E4C               	movwf	(??_main+1)^0,c
  2480   0010A8  0E13               	movlw	19
  2481   0010AA  6E4B               	movwf	??_main^0,c
  2482   0010AC  0EAE               	movlw	174
  2483   0010AE                     u2717:
  2484   0010AE  2EE8               	decfsz	wreg,f,c
  2485   0010B0  D7FE               	bra	u2717
  2486   0010B2  2E4B               	decfsz	??_main^0,f,c
  2487   0010B4  D7FC               	bra	u2717
  2488   0010B6  2E4C               	decfsz	(??_main+1)^0,f,c
  2489   0010B8  D7FA               	bra	u2717
  2490   0010BA                     
  2491                           ;main.c: 28:     I2C_Init();
  2492   0010BA  EC06  F013         	call	_I2C_Init	;wreg free
  2493   0010BE                     
  2494                           ;main.c: 29:     init_ADC();
  2495   0010BE  ECE2  F012         	call	_init_ADC	;wreg free
  2496   0010C2                     
  2497                           ;main.c: 30:     init_PWM();
  2498   0010C2  ECFF  F012         	call	_init_PWM	;wreg free
  2499   0010C6                     
  2500                           ;main.c: 33:     OLED_Init();
  2501   0010C6  EC66  F00D         	call	_OLED_Init	;wreg free
  2502   0010CA                     
  2503                           ;main.c: 34:     OLED_Clear();
  2504   0010CA  EC34  F011         	call	_OLED_Clear	;wreg free
  2505   0010CE                     
  2506                           ;main.c: 35:     BME280_Init();
  2507   0010CE  ECEA  F011         	call	_BME280_Init	;wreg free
  2508   0010D2                     
  2509                           ;main.c: 36:     BH1750_Init();
  2510   0010D2  EC6F  F012         	call	_BH1750_Init	;wreg free
  2511   0010D6                     
  2512                           ;main.c: 39:     OLED_SetCursor(0, 0);
  2513   0010D6  0E00               	movlw	0
  2514   0010D8  6E05               	movwf	OLED_SetCursor@page^0,c
  2515   0010DA  0E00               	movlw	0
  2516   0010DC  EC93  F012         	call	_OLED_SetCursor
  2517   0010E0                     
  2518                           ;main.c: 40:     OLED_WriteString("INICIANDO");
  2519   0010E0  0EC9               	movlw	low STR_1
  2520   0010E2  6E09               	movwf	OLED_WriteString@str^0,c
  2521   0010E4  5009               	movf	OLED_WriteString@str^0,w,c
  2522   0010E6  A4D8               	btfss	status,2,c
  2523   0010E8  0E08               	movlw	high __smallconst
  2524   0010EA  6E0A               	movwf	(OLED_WriteString@str+1)^0,c
  2525   0010EC  EC05  F011         	call	_OLED_WriteString	;wreg free
  2526   0010F0                     
  2527                           ;main.c: 41:     _delay((unsigned long)((1000)*(8000000/4000.0)));
  2528   0010F0  0E0B               	movlw	11
  2529   0010F2  6E4C               	movwf	(??_main+1)^0,c
  2530   0010F4  0E26               	movlw	38
  2531   0010F6  6E4B               	movwf	??_main^0,c
  2532   0010F8  0E5E               	movlw	94
  2533   0010FA                     u2727:
  2534   0010FA  2EE8               	decfsz	wreg,f,c
  2535   0010FC  D7FE               	bra	u2727
  2536   0010FE  2E4B               	decfsz	??_main^0,f,c
  2537   001100  D7FC               	bra	u2727
  2538   001102  2E4C               	decfsz	(??_main+1)^0,f,c
  2539   001104  D7FA               	bra	u2727
  2540   001106                     
  2541                           ;main.c: 42:     OLED_Clear();
  2542   001106  EC34  F011         	call	_OLED_Clear	;wreg free
  2543   00110A                     l3373:
  2544                           
  2545                           ;main.c: 47:         float temp = leer_temperatura();
  2546   00110A  EC4E  F010         	call	_leer_temperatura	;wreg free
  2547   00110E  C041  F08E         	movff	?_leer_temperatura,main@temp
  2548   001112  C042  F08F         	movff	?_leer_temperatura+1,main@temp+1
  2549   001116  C043  F090         	movff	?_leer_temperatura+2,main@temp+2
  2550   00111A  C044  F091         	movff	?_leer_temperatura+3,main@temp+3
  2551   00111E                     
  2552                           ;main.c: 48:         int aire = leer_aire();
  2553   00111E  ECED  F012         	call	_leer_aire	;wreg free
  2554   001122  C005  F09A         	movff	?_leer_aire,main@aire
  2555   001126  C006  F09B         	movff	?_leer_aire+1,main@aire+1
  2556   00112A                     
  2557                           ;main.c: 49:         float humedad = BME280_ReadHumidity();
  2558   00112A  EC0B  F010         	call	_BME280_ReadHumidity	;wreg free
  2559   00112E  C041  F092         	movff	?_BME280_ReadHumidity,main@humedad
  2560   001132  C042  F093         	movff	?_BME280_ReadHumidity+1,main@humedad+1
  2561   001136  C043  F094         	movff	?_BME280_ReadHumidity+2,main@humedad+2
  2562   00113A  C044  F095         	movff	?_BME280_ReadHumidity+3,main@humedad+3
  2563   00113E                     
  2564                           ;main.c: 50:         float lux = BH1750_ReadLux();
  2565   00113E  EC74  F00F         	call	_BH1750_ReadLux	;wreg free
  2566   001142  C041  F096         	movff	?_BH1750_ReadLux,main@lux
  2567   001146  C042  F097         	movff	?_BH1750_ReadLux+1,main@lux+1
  2568   00114A  C043  F098         	movff	?_BH1750_ReadLux+2,main@lux+2
  2569   00114E  C044  F099         	movff	?_BH1750_ReadLux+3,main@lux+3
  2570   001152                     
  2571                           ;main.c: 53:         control_temperatura(temp);
  2572   001152  C08E  F00D         	movff	main@temp,control_temperatura@T
  2573   001156  C08F  F00E         	movff	main@temp+1,control_temperatura@T+1
  2574   00115A  C090  F00F         	movff	main@temp+2,control_temperatura@T+2
  2575   00115E  C091  F010         	movff	main@temp+3,control_temperatura@T+3
  2576   001162  ECD6  F00E         	call	_control_temperatura	;wreg free
  2577   001166                     
  2578                           ;main.c: 54:         control_luz(lux);
  2579   001166  C096  F00D         	movff	main@lux,control_luz@lux
  2580   00116A  C097  F00E         	movff	main@lux+1,control_luz@lux+1
  2581   00116E  C098  F00F         	movff	main@lux+2,control_luz@lux+2
  2582   001172  C099  F010         	movff	main@lux+3,control_luz@lux+3
  2583   001176  EC25  F00F         	call	_control_luz	;wreg free
  2584   00117A                     
  2585                           ;main.c: 55:         control_aire(aire);
  2586   00117A  C09A  F001         	movff	main@aire,control_aire@aire
  2587   00117E  C09B  F002         	movff	main@aire+1,control_aire@aire+1
  2588   001182  ECCC  F010         	call	_control_aire	;wreg free
  2589   001186                     
  2590                           ;main.c: 56:         control_ventilador(aire, humedad);
  2591   001186  C09A  F016         	movff	main@aire,control_ventilador@aire
  2592   00118A  C09B  F017         	movff	main@aire+1,control_ventilador@aire+1
  2593   00118E  C092  F018         	movff	main@humedad,control_ventilador@H
  2594   001192  C093  F019         	movff	main@humedad+1,control_ventilador@H+1
  2595   001196  C094  F01A         	movff	main@humedad+2,control_ventilador@H+2
  2596   00119A  C095  F01B         	movff	main@humedad+3,control_ventilador@H+3
  2597   00119E  ECB5  F012         	call	_control_ventilador	;wreg free
  2598   0011A2                     
  2599                           ;main.c: 59:         char buffer[14];;main.c: 61:         OLED_ClearLine(0);
  2600   0011A2  0E00               	movlw	0
  2601   0011A4  EC86  F011         	call	_OLED_ClearLine
  2602   0011A8                     
  2603                           ;main.c: 62:         OLED_SetCursor(0, 0);
  2604   0011A8  0E00               	movlw	0
  2605   0011AA  6E05               	movwf	OLED_SetCursor@page^0,c
  2606   0011AC  0E00               	movlw	0
  2607   0011AE  EC93  F012         	call	_OLED_SetCursor
  2608   0011B2                     
  2609                           ;main.c: 63:         sprintf(buffer, "T %d C", (int)temp);
  2610   0011B2  0E80               	movlw	low main@buffer
  2611   0011B4  6E1A               	movwf	sprintf@s^0,c
  2612   0011B6  0EDA               	movlw	low STR_2
  2613   0011B8  6E1B               	movwf	sprintf@fmt^0,c
  2614   0011BA  C08E  F001         	movff	main@temp,___fltol@f1
  2615   0011BE  C08F  F002         	movff	main@temp+1,___fltol@f1+1
  2616   0011C2  C090  F003         	movff	main@temp+2,___fltol@f1+2
  2617   0011C6  C091  F004         	movff	main@temp+3,___fltol@f1+3
  2618   0011CA  EC61  F00C         	call	___fltol	;wreg free
  2619   0011CE  C001  F01C         	movff	?___fltol,?_sprintf+2
  2620   0011D2  C002  F01D         	movff	?___fltol+1,?_sprintf+3
  2621   0011D6  EC41  F012         	call	_sprintf	;wreg free
  2622   0011DA                     
  2623                           ;main.c: 64:         OLED_WriteString(buffer);
  2624   0011DA  0E80               	movlw	low main@buffer
  2625   0011DC  6E09               	movwf	OLED_WriteString@str^0,c
  2626   0011DE  6A0A               	clrf	(OLED_WriteString@str+1)^0,c
  2627   0011E0  EC05  F011         	call	_OLED_WriteString	;wreg free
  2628   0011E4                     
  2629                           ;main.c: 66:         OLED_ClearLine(2);
  2630   0011E4  0E02               	movlw	2
  2631   0011E6  EC86  F011         	call	_OLED_ClearLine
  2632   0011EA                     
  2633                           ;main.c: 67:         OLED_SetCursor(0, 2);
  2634   0011EA  0E02               	movlw	2
  2635   0011EC  6E05               	movwf	OLED_SetCursor@page^0,c
  2636   0011EE  0E00               	movlw	0
  2637   0011F0  EC93  F012         	call	_OLED_SetCursor
  2638   0011F4                     
  2639                           ;main.c: 68:         sprintf(buffer, "H %d%%", (int)humedad);
  2640   0011F4  0E80               	movlw	low main@buffer
  2641   0011F6  6E1A               	movwf	sprintf@s^0,c
  2642   0011F8  0ED3               	movlw	low STR_3
  2643   0011FA  6E1B               	movwf	sprintf@fmt^0,c
  2644   0011FC  C092  F001         	movff	main@humedad,___fltol@f1
  2645   001200  C093  F002         	movff	main@humedad+1,___fltol@f1+1
  2646   001204  C094  F003         	movff	main@humedad+2,___fltol@f1+2
  2647   001208  C095  F004         	movff	main@humedad+3,___fltol@f1+3
  2648   00120C  EC61  F00C         	call	___fltol	;wreg free
  2649   001210  C001  F01C         	movff	?___fltol,?_sprintf+2
  2650   001214  C002  F01D         	movff	?___fltol+1,?_sprintf+3
  2651   001218  EC41  F012         	call	_sprintf	;wreg free
  2652   00121C                     
  2653                           ;main.c: 69:         OLED_WriteString(buffer);
  2654   00121C  0E80               	movlw	low main@buffer
  2655   00121E  6E09               	movwf	OLED_WriteString@str^0,c
  2656   001220  6A0A               	clrf	(OLED_WriteString@str+1)^0,c
  2657   001222  EC05  F011         	call	_OLED_WriteString	;wreg free
  2658   001226                     
  2659                           ;main.c: 71:         OLED_ClearLine(4);
  2660   001226  0E04               	movlw	4
  2661   001228  EC86  F011         	call	_OLED_ClearLine
  2662   00122C                     
  2663                           ;main.c: 72:         OLED_SetCursor(0, 4);
  2664   00122C  0E04               	movlw	4
  2665   00122E  6E05               	movwf	OLED_SetCursor@page^0,c
  2666   001230  0E00               	movlw	0
  2667   001232  EC93  F012         	call	_OLED_SetCursor
  2668   001236                     
  2669                           ;main.c: 73:         sprintf(buffer, "A %d", aire);
  2670   001236  0E80               	movlw	low main@buffer
  2671   001238  6E1A               	movwf	sprintf@s^0,c
  2672   00123A  0EE1               	movlw	low STR_4
  2673   00123C  6E1B               	movwf	sprintf@fmt^0,c
  2674   00123E  C09A  F01C         	movff	main@aire,?_sprintf+2
  2675   001242  C09B  F01D         	movff	main@aire+1,?_sprintf+3
  2676   001246  EC41  F012         	call	_sprintf	;wreg free
  2677   00124A                     
  2678                           ;main.c: 74:         OLED_WriteString(buffer);
  2679   00124A  0E80               	movlw	low main@buffer
  2680   00124C  6E09               	movwf	OLED_WriteString@str^0,c
  2681   00124E  6A0A               	clrf	(OLED_WriteString@str+1)^0,c
  2682   001250  EC05  F011         	call	_OLED_WriteString	;wreg free
  2683   001254                     
  2684                           ;main.c: 76:         OLED_ClearLine(6);
  2685   001254  0E06               	movlw	6
  2686   001256  EC86  F011         	call	_OLED_ClearLine
  2687   00125A                     
  2688                           ;main.c: 77:         OLED_SetCursor(0, 6);
  2689   00125A  0E06               	movlw	6
  2690   00125C  6E05               	movwf	OLED_SetCursor@page^0,c
  2691   00125E  0E00               	movlw	0
  2692   001260  EC93  F012         	call	_OLED_SetCursor
  2693   001264                     
  2694                           ;main.c: 78:         sprintf(buffer, "L %d", (int)lux);
  2695   001264  0E80               	movlw	low main@buffer
  2696   001266  6E1A               	movwf	sprintf@s^0,c
  2697   001268  0EE6               	movlw	low STR_5
  2698   00126A  6E1B               	movwf	sprintf@fmt^0,c
  2699   00126C  C096  F001         	movff	main@lux,___fltol@f1
  2700   001270  C097  F002         	movff	main@lux+1,___fltol@f1+1
  2701   001274  C098  F003         	movff	main@lux+2,___fltol@f1+2
  2702   001278  C099  F004         	movff	main@lux+3,___fltol@f1+3
  2703   00127C  EC61  F00C         	call	___fltol	;wreg free
  2704   001280  C001  F01C         	movff	?___fltol,?_sprintf+2
  2705   001284  C002  F01D         	movff	?___fltol+1,?_sprintf+3
  2706   001288  EC41  F012         	call	_sprintf	;wreg free
  2707   00128C                     
  2708                           ;main.c: 79:         OLED_WriteString(buffer);
  2709   00128C  0E80               	movlw	low main@buffer
  2710   00128E  6E09               	movwf	OLED_WriteString@str^0,c
  2711   001290  6A0A               	clrf	(OLED_WriteString@str+1)^0,c
  2712   001292  EC05  F011         	call	_OLED_WriteString	;wreg free
  2713   001296                     
  2714                           ;main.c: 81:         _delay((unsigned long)((1000)*(8000000/4000.0)));
  2715   001296  0E0B               	movlw	11
  2716   001298  6E4C               	movwf	(??_main+1)^0,c
  2717   00129A  0E26               	movlw	38
  2718   00129C  6E4B               	movwf	??_main^0,c
  2719   00129E  0E5E               	movlw	94
  2720   0012A0                     u2737:
  2721   0012A0  2EE8               	decfsz	wreg,f,c
  2722   0012A2  D7FE               	bra	u2737
  2723   0012A4  2E4B               	decfsz	??_main^0,f,c
  2724   0012A6  D7FC               	bra	u2737
  2725   0012A8  2E4C               	decfsz	(??_main+1)^0,f,c
  2726   0012AA  D7FA               	bra	u2737
  2727   0012AC  EF85  F008         	goto	l3373
  2728   0012B0  EFFE  F03F         	goto	start
  2729   0012B4                     __end_of_main:
  2730                           	callstack 0
  2731                           
  2732 ;; *************** function _sprintf *****************
  2733 ;; Defined at:
  2734 ;;		line 9 in file "C:\Program Files\Microchip\xc8\v3.10\pic\sources\c99\common\nf_sprintf.c"
  2735 ;; Parameters:    Size  Location     Type
  2736 ;;  s               1   25[COMRAM] PTR unsigned char 
  2737 ;;		 -> main@buffer(14), 
  2738 ;;  fmt             1   26[COMRAM] PTR const unsigned char 
  2739 ;;		 -> STR_5(5), STR_4(5), STR_3(7), STR_2(7), 
  2740 ;; Auto vars:     Size  Location     Type
  2741 ;;  f              11   30[COMRAM] struct _IO_FILE
  2742 ;;  ret             2    0        int 
  2743 ;;  ap              1   29[COMRAM] PTR void [1]
  2744 ;;		 -> ?_sprintf(2), 
  2745 ;; Return value:  Size  Location     Type
  2746 ;;                  2   25[COMRAM] int 
  2747 ;; Registers used:
  2748 ;;		wreg, fsr1l, fsr1h, fsr2l, fsr2h, status,2, status,0, tblptrl, tblptrh, tblptru, cstack
  2749 ;; Tracked objects:
  2750 ;;		On entry : 0/0
  2751 ;;		On exit  : 0/0
  2752 ;;		Unchanged: 0/0
  2753 ;; Data sizes:     COMRAM   BANK0   BANK1   BANK2   BANK3   BANK4   BANK5   BANK6   BANK7
  2754 ;;      Params:         4       0       0       0       0       0       0       0       0
  2755 ;;      Locals:        12       0       0       0       0       0       0       0       0
  2756 ;;      Temps:          0       0       0       0       0       0       0       0       0
  2757 ;;      Totals:        16       0       0       0       0       0       0       0       0
  2758 ;;Total ram usage:       16 bytes
  2759 ;; Hardware stack levels used: 1
  2760 ;; Hardware stack levels required when called: 4
  2761 ;; This function calls:
  2762 ;;		_vfprintf
  2763 ;; This function is called by:
  2764 ;;		_main
  2765 ;; This function uses a non-reentrant model
  2766 ;;
  2767                           
  2768                           	psect	text1
  2769   002482                     __ptext1:
  2770                           	callstack 0
  2771   002482                     _sprintf:
  2772                           	callstack 26
  2773   002482  0E1C               	movlw	low (?_sprintf+2)
  2774   002484  6E1E               	movwf	sprintf@ap^0,c
  2775   002486  C01A  F01F         	movff	sprintf@s,sprintf@f
  2776   00248A  6A22               	clrf	(sprintf@f+3)^0,c
  2777   00248C  0E00               	movlw	0
  2778   00248E  6E21               	movwf	(sprintf@f+2)^0,c
  2779   002490  6A29               	clrf	(sprintf@f+10)^0,c
  2780   002492  0E00               	movlw	0
  2781   002494  6E28               	movwf	(sprintf@f+9)^0,c
  2782   002496  0E1F               	movlw	low sprintf@f
  2783   002498  6E16               	movwf	vfprintf@fp^0,c
  2784   00249A  C01B  F017         	movff	sprintf@fmt,vfprintf@fmt
  2785   00249E  0E1E               	movlw	low sprintf@ap
  2786   0024A0  6E18               	movwf	vfprintf@ap^0,c
  2787   0024A2  EC09  F012         	call	_vfprintf	;wreg free
  2788   0024A6  501A               	movf	sprintf@s^0,w,c
  2789   0024A8  2421               	addwf	(sprintf@f+2)^0,w,c
  2790   0024AA  6ED9               	movwf	fsr2l,c
  2791   0024AC  6ADA               	clrf	fsr2h,c
  2792   0024AE  6ADF               	clrf	indf2,c
  2793   0024B0  0012               	return		;funcret
  2794   0024B2                     __end_of_sprintf:
  2795                           	callstack 0
  2796                           
  2797 ;; *************** function _vfprintf *****************
  2798 ;; Defined at:
  2799 ;;		line 1817 in file "C:\Program Files\Microchip\xc8\v3.10\pic\sources\c99\common\doprnt.c"
  2800 ;; Parameters:    Size  Location     Type
  2801 ;;  fp              1   21[COMRAM] PTR struct _IO_FILE
  2802 ;;		 -> sprintf@f(11), 
  2803 ;;  fmt             1   22[COMRAM] PTR const unsigned char 
  2804 ;;		 -> STR_5(5), STR_4(5), STR_3(7), STR_2(7), 
  2805 ;;  ap              1   23[COMRAM] PTR PTR void 
  2806 ;;		 -> sprintf@ap(1), 
  2807 ;; Auto vars:     Size  Location     Type
  2808 ;;  cfmt            1   24[COMRAM] PTR unsigned char 
  2809 ;;		 -> STR_5(5), STR_4(5), STR_3(7), STR_2(7), 
  2810 ;; Return value:  Size  Location     Type
  2811 ;;                  2   21[COMRAM] int 
  2812 ;; Registers used:
  2813 ;;		wreg, fsr1l, fsr1h, fsr2l, fsr2h, status,2, status,0, tblptrl, tblptrh, tblptru, cstack
  2814 ;; Tracked objects:
  2815 ;;		On entry : 0/0
  2816 ;;		On exit  : 0/0
  2817 ;;		Unchanged: 0/0
  2818 ;; Data sizes:     COMRAM   BANK0   BANK1   BANK2   BANK3   BANK4   BANK5   BANK6   BANK7
  2819 ;;      Params:         3       0       0       0       0       0       0       0       0
  2820 ;;      Locals:         1       0       0       0       0       0       0       0       0
  2821 ;;      Temps:          0       0       0       0       0       0       0       0       0
  2822 ;;      Totals:         4       0       0       0       0       0       0       0       0
  2823 ;;Total ram usage:        4 bytes
  2824 ;; Hardware stack levels used: 1
  2825 ;; Hardware stack levels required when called: 3
  2826 ;; This function calls:
  2827 ;;		_vfpfcnvrt
  2828 ;; This function is called by:
  2829 ;;		_sprintf
  2830 ;; This function uses a non-reentrant model
  2831 ;;
  2832                           
  2833                           	psect	text2
  2834   002412                     __ptext2:
  2835                           	callstack 0
  2836   002412                     _vfprintf:
  2837                           	callstack 26
  2838   002412                     
  2839                           ;C:\Program Files\Microchip\xc8\v3.10\pic\sources\c99\common\doprnt.c: 1817: int vfprint
      +                          f(FILE *fp, const char *fmt, va_list ap);C:\Program Files\Microchip\xc8\v3.10\pic\source
      +                          s\c99\common\doprnt.c: 1818: {;C:\Program Files\Microchip\xc8\v3.10\pic\sources\c99\comm
      +                          on\doprnt.c: 1820:     char *cfmt;;C:\Program Files\Microchip\xc8\v3.10\pic\sources\c99\
      +                          common\doprnt.c: 1822:     cfmt = (char *)fmt;
  2840   002412  C017  F019         	movff	vfprintf@fmt,vfprintf@cfmt
  2841                           
  2842                           ;C:\Program Files\Microchip\xc8\v3.10\pic\sources\c99\common\doprnt.c: 1826:     while (
      +                          *cfmt) {
  2843   002416  EF15  F012         	goto	l3021
  2844   00241A                     l3019:
  2845                           
  2846                           ;C:\Program Files\Microchip\xc8\v3.10\pic\sources\c99\common\doprnt.c: 1830:    vfpfcnvr
      +                          t(fp, &cfmt, ap);
  2847   00241A  C016  F00B         	movff	vfprintf@fp,vfpfcnvrt@fp
  2848   00241E  0E19               	movlw	low vfprintf@cfmt
  2849   002420  6E0C               	movwf	vfpfcnvrt@fmt^0,c
  2850   002422  C018  F00D         	movff	vfprintf@ap,vfpfcnvrt@ap
  2851   002426  EC5A  F009         	call	_vfpfcnvrt	;wreg free
  2852   00242A                     l3021:
  2853                           
  2854                           ;C:\Program Files\Microchip\xc8\v3.10\pic\sources\c99\common\doprnt.c: 1826:     while (
      +                          *cfmt) {
  2855   00242A  C019  FFF6         	movff	vfprintf@cfmt,tblptrl
  2856   00242E                     	if	1	;There is more than 1 active tblptr byte
  2857   00242E  0E08               	movlw	high __smallconst
  2858   002430  6EF7               	movwf	tblptrh,c
  2859   002432                     	endif
  2860   002432                     	if	0	;tblptru may be non-zero
  2861   002432                     	endif
  2862   002432                     	if	0	;tblptru may be non-zero
  2863   002432                     	endif
  2864   002432  0008               	tblrd		*
  2865   002434  50F5               	movf	tablat,w,c
  2866   002436  0900               	iorlw	0
  2867   002438  A4D8               	btfss	status,2,c
  2868   00243A  EF21  F012         	goto	u2461
  2869   00243E  EF23  F012         	goto	u2460
  2870   002442                     u2461:
  2871   002442  EF0D  F012         	goto	l3019
  2872   002446                     u2460:
  2873   002446                     
  2874                           ;C:\Program Files\Microchip\xc8\v3.10\pic\sources\c99\common\doprnt.c: 1835:  return 0;
  2875   002446  6A17               	clrf	(?_vfprintf+1)^0,c
  2876   002448  0E00               	movlw	0
  2877   00244A  6E16               	movwf	?_vfprintf^0,c
  2878   00244C  0012               	return		;funcret
  2879   00244E                     __end_of_vfprintf:
  2880                           	callstack 0
  2881                           
  2882 ;; *************** function _vfpfcnvrt *****************
  2883 ;; Defined at:
  2884 ;;		line 1177 in file "C:\Program Files\Microchip\xc8\v3.10\pic\sources\c99\common\doprnt.c"
  2885 ;; Parameters:    Size  Location     Type
  2886 ;;  fp              1   10[COMRAM] PTR struct _IO_FILE
  2887 ;;		 -> sprintf@f(11), 
  2888 ;;  fmt             1   11[COMRAM] PTR PTR unsigned char 
  2889 ;;		 -> vfprintf@cfmt(1), 
  2890 ;;  ap              1   12[COMRAM] PTR PTR void 
  2891 ;;		 -> sprintf@ap(1), 
  2892 ;; Auto vars:     Size  Location     Type
  2893 ;;  convarg         4   16[COMRAM] struct .
  2894 ;;  c               1   20[COMRAM] unsigned char 
  2895 ;;  cp              1   15[COMRAM] PTR unsigned char 
  2896 ;;		 -> STR_5(5), STR_4(5), STR_3(7), STR_2(7), 
  2897 ;;  done            1   14[COMRAM] _Bool 
  2898 ;; Return value:  Size  Location     Type
  2899 ;;                  1    wreg      void 
  2900 ;; Registers used:
  2901 ;;		wreg, fsr1l, fsr1h, fsr2l, fsr2h, status,2, status,0, tblptrl, tblptrh, tblptru, cstack
  2902 ;; Tracked objects:
  2903 ;;		On entry : 0/0
  2904 ;;		On exit  : 0/0
  2905 ;;		Unchanged: 0/0
  2906 ;; Data sizes:     COMRAM   BANK0   BANK1   BANK2   BANK3   BANK4   BANK5   BANK6   BANK7
  2907 ;;      Params:         3       0       0       0       0       0       0       0       0
  2908 ;;      Locals:         7       0       0       0       0       0       0       0       0
  2909 ;;      Temps:          1       0       0       0       0       0       0       0       0
  2910 ;;      Totals:        11       0       0       0       0       0       0       0       0
  2911 ;;Total ram usage:       11 bytes
  2912 ;; Hardware stack levels used: 1
  2913 ;; Hardware stack levels required when called: 2
  2914 ;; This function calls:
  2915 ;;		___awdiv
  2916 ;;		___awmod
  2917 ;;		_abs
  2918 ;;		_fputc
  2919 ;; This function is called by:
  2920 ;;		_vfprintf
  2921 ;; This function uses a non-reentrant model
  2922 ;;
  2923                           
  2924                           	psect	text3
  2925   0012B4                     __ptext3:
  2926                           	callstack 0
  2927   0012B4                     _vfpfcnvrt:
  2928                           	callstack 26
  2929   0012B4                     
  2930                           ;C:\Program Files\Microchip\xc8\v3.10\pic\sources\c99\common\doprnt.c: 1177: vfpfcnvrt(F
      +                          ILE *fp, char *fmt[], va_list ap);C:\Program Files\Microchip\xc8\v3.10\pic\sources\c99\c
      +                          ommon\doprnt.c: 1178: {;C:\Program Files\Microchip\xc8\v3.10\pic\sources\c99\common\dopr
      +                          nt.c: 1179:     char c, *cp;;C:\Program Files\Microchip\xc8\v3.10\pic\sources\c99\common
      +                          \doprnt.c: 1180:     _Bool done;;C:\Program Files\Microchip\xc8\v3.10\pic\sources\c99\co
      +                          mmon\doprnt.c: 1188:  } convarg;;C:\Program Files\Microchip\xc8\v3.10\pic\sources\c99\co
      +                          mmon\doprnt.c: 1201:     if ((*fmt)[0] == '%') {
  2931   0012B4  500C               	movf	vfpfcnvrt@fmt^0,w,c
  2932   0012B6  6ED9               	movwf	fsr2l,c
  2933   0012B8  6ADA               	clrf	fsr2h,c
  2934   0012BA  CFDF FFF6          	movff	indf2,tblptrl
  2935   0012BE                     	if	1	;There is more than 1 active tblptr byte
  2936   0012BE  0E08               	movlw	high __smallconst
  2937   0012C0  6EF7               	movwf	tblptrh,c
  2938   0012C2                     	endif
  2939   0012C2                     	if	0	;tblptru may be non-zero
  2940   0012C2                     	endif
  2941   0012C2                     	if	0	;tblptru may be non-zero
  2942   0012C2                     	endif
  2943   0012C2  0008               	tblrd		*
  2944   0012C4  50F5               	movf	tablat,w,c
  2945   0012C6  0A25               	xorlw	37
  2946   0012C8  A4D8               	btfss	status,2,c
  2947   0012CA  EF69  F009         	goto	u1661
  2948   0012CE  EF6B  F009         	goto	u1660
  2949   0012D2                     u1661:
  2950   0012D2  EF3F  F00A         	goto	l2567
  2951   0012D6                     u1660:
  2952   0012D6                     
  2953                           ;C:\Program Files\Microchip\xc8\v3.10\pic\sources\c99\common\doprnt.c: 1202:         ++*
      +                          fmt;
  2954   0012D6  500C               	movf	vfpfcnvrt@fmt^0,w,c
  2955   0012D8  6ED9               	movwf	fsr2l,c
  2956   0012DA  6ADA               	clrf	fsr2h,c
  2957   0012DC  2ADF               	incf	indf2,f,c
  2958   0012DE                     
  2959                           ;C:\Program Files\Microchip\xc8\v3.10\pic\sources\c99\common\doprnt.c: 1204:         fla
      +                          gs = width = 0;
  2960   0012DE  6A4E               	clrf	(_width+1)^0,c
  2961   0012E0  0E00               	movlw	0
  2962   0012E2  6E4D               	movwf	_width^0,c
  2963   0012E4  C04D  F059         	movff	_width,_flags
  2964   0012E8                     
  2965                           ;C:\Program Files\Microchip\xc8\v3.10\pic\sources\c99\common\doprnt.c: 1205:         pre
      +                          c = -1;
  2966   0012E8  684F               	setf	_prec^0,c
  2967   0012EA  6850               	setf	(_prec+1)^0,c
  2968   0012EC                     
  2969                           ;C:\Program Files\Microchip\xc8\v3.10\pic\sources\c99\common\doprnt.c: 1291:   cp = *fmt
      +                          ;
  2970   0012EC  500C               	movf	vfpfcnvrt@fmt^0,w,c
  2971   0012EE  6ED9               	movwf	fsr2l,c
  2972   0012F0  6ADA               	clrf	fsr2h,c
  2973   0012F2  50DF               	movf	indf2,w,c
  2974   0012F4  6E10               	movwf	vfpfcnvrt@cp^0,c
  2975   0012F6                     
  2976                           ;C:\Program Files\Microchip\xc8\v3.10\pic\sources\c99\common\doprnt.c: 1361:   if (*cp =
      +                          = 'd' || *cp == 'i') {
  2977   0012F6  C010  FFF6         	movff	vfpfcnvrt@cp,tblptrl
  2978   0012FA                     	if	1	;There is more than 1 active tblptr byte
  2979   0012FA  0E08               	movlw	high __smallconst
  2980   0012FC  6EF7               	movwf	tblptrh,c
  2981   0012FE                     	endif
  2982   0012FE                     	if	0	;tblptru may be non-zero
  2983   0012FE                     	endif
  2984   0012FE                     	if	0	;tblptru may be non-zero
  2985   0012FE                     	endif
  2986   0012FE  0008               	tblrd		*
  2987   001300  50F5               	movf	tablat,w,c
  2988   001302  0A64               	xorlw	100
  2989   001304  B4D8               	btfsc	status,2,c
  2990   001306  EF87  F009         	goto	u1671
  2991   00130A  EF89  F009         	goto	u1670
  2992   00130E                     u1671:
  2993   00130E  EF97  F009         	goto	l2529
  2994   001312                     u1670:
  2995   001312  C010  FFF6         	movff	vfpfcnvrt@cp,tblptrl
  2996   001316                     	if	1	;There is more than 1 active tblptr byte
  2997   001316  0E08               	movlw	high __smallconst
  2998   001318  6EF7               	movwf	tblptrh,c
  2999   00131A                     	endif
  3000   00131A                     	if	0	;tblptru may be non-zero
  3001   00131A                     	endif
  3002   00131A                     	if	0	;tblptru may be non-zero
  3003   00131A                     	endif
  3004   00131A  0008               	tblrd		*
  3005   00131C  50F5               	movf	tablat,w,c
  3006   00131E  0A69               	xorlw	105
  3007   001320  A4D8               	btfss	status,2,c
  3008   001322  EF95  F009         	goto	u1681
  3009   001326  EF97  F009         	goto	u1680
  3010   00132A                     u1681:
  3011   00132A  EF1B  F00A         	goto	l2555
  3012   00132E                     u1680:
  3013   00132E                     l2529:
  3014                           
  3015                           ;C:\Program Files\Microchip\xc8\v3.10\pic\sources\c99\common\doprnt.c: 1404:    convarg.
      +                          sint = (vfpf_sint_t)(int)(*(int *)__va_arg(*(int **)ap, (int)0));
  3016   00132E  500D               	movf	vfpfcnvrt@ap^0,w,c
  3017   001330  6ED9               	movwf	fsr2l,c
  3018   001332  6ADA               	clrf	fsr2h,c
  3019   001334  0E02               	movlw	2
  3020   001336  26DF               	addwf	indf2,f,c
  3021   001338  5CDF               	subwf	indf2,w,c
  3022   00133A  6ED9               	movwf	fsr2l,c
  3023   00133C  6ADA               	clrf	fsr2h,c
  3024   00133E  CFDE F011          	movff	postinc2,vfpfcnvrt@convarg
  3025   001342  CFDE F012          	movff	postinc2,vfpfcnvrt@convarg+1
  3026   001346                     
  3027                           ;C:\Program Files\Microchip\xc8\v3.10\pic\sources\c99\common\doprnt.c: 1406:    *fmt = c
      +                          p+1;
  3028   001346  500C               	movf	vfpfcnvrt@fmt^0,w,c
  3029   001348  6ED9               	movwf	fsr2l,c
  3030   00134A  6ADA               	clrf	fsr2h,c
  3031   00134C  2810               	incf	vfpfcnvrt@cp^0,w,c
  3032   00134E  6EDF               	movwf	indf2,c
  3033   001350                     
  3034                           ;C:\Program Files\Microchip\xc8\v3.10\pic\sources\c99\common\doprnt.c: 1408:    c = size
      +                          of(dbuf);
  3035   001350  0E20               	movlw	32
  3036   001352  6E15               	movwf	vfpfcnvrt@c^0,c
  3037                           
  3038                           ;C:\Program Files\Microchip\xc8\v3.10\pic\sources\c99\common\doprnt.c: 1409:    done = c
      +                          onvarg.sint < 0;
  3039   001354  BE12               	btfsc	(vfpfcnvrt@convarg+1)^0,7,c
  3040   001356  EFAF  F009         	goto	u1691
  3041   00135A  EFB2  F009         	goto	u1690
  3042   00135E                     u1691:
  3043   00135E  0E01               	movlw	1
  3044   001360  EFB3  F009         	goto	u1700
  3045   001364                     u1690:
  3046   001364  0E00               	movlw	0
  3047   001366                     u1700:
  3048   001366  6E0F               	movwf	vfpfcnvrt@done^0,c
  3049   001368                     l2535:
  3050                           
  3051                           ;C:\Program Files\Microchip\xc8\v3.10\pic\sources\c99\common\doprnt.c: 1411:     dbuf[--
      +                          c] = abs(convarg.sint % 10) + '0';
  3052   001368  0615               	decf	vfpfcnvrt@c^0,f,c
  3053   00136A  5015               	movf	vfpfcnvrt@c^0,w,c
  3054   00136C  0F60               	addlw	low _dbuf
  3055   00136E  6ED9               	movwf	fsr2l,c
  3056   001370  6ADA               	clrf	fsr2h,c
  3057   001372  C011  F001         	movff	vfpfcnvrt@convarg,___awmod@dividend
  3058   001376  C012  F002         	movff	vfpfcnvrt@convarg+1,___awmod@dividend+1
  3059   00137A  6A04               	clrf	(___awmod@divisor+1)^0,c
  3060   00137C  0E0A               	movlw	10
  3061   00137E  6E03               	movwf	___awmod@divisor^0,c
  3062   001380  EC2A  F00E         	call	___awmod	;wreg free
  3063   001384  C001  F007         	movff	?___awmod,abs@a
  3064   001388  C002  F008         	movff	?___awmod+1,abs@a+1
  3065   00138C  EC27  F012         	call	_abs	;wreg free
  3066   001390  5007               	movf	?_abs^0,w,c
  3067   001392  0F30               	addlw	48
  3068   001394  6EDF               	movwf	indf2,c
  3069   001396                     
  3070                           ;C:\Program Files\Microchip\xc8\v3.10\pic\sources\c99\common\doprnt.c: 1412:     convarg
      +                          .sint /= 10;
  3071   001396  C011  F001         	movff	vfpfcnvrt@convarg,___awdiv@dividend
  3072   00139A  C012  F002         	movff	vfpfcnvrt@convarg+1,___awdiv@dividend+1
  3073   00139E  6A04               	clrf	(___awdiv@divisor+1)^0,c
  3074   0013A0  0E0A               	movlw	10
  3075   0013A2  6E03               	movwf	___awdiv@divisor^0,c
  3076   0013A4  ECCA  F00D         	call	___awdiv	;wreg free
  3077   0013A8  C001  F011         	movff	?___awdiv,vfpfcnvrt@convarg
  3078   0013AC  C002  F012         	movff	?___awdiv+1,vfpfcnvrt@convarg+1
  3079   0013B0                     
  3080                           ;C:\Program Files\Microchip\xc8\v3.10\pic\sources\c99\common\doprnt.c: 1416:    } while 
      +                          (convarg.sint != 0 && c != 0);
  3081   0013B0  5011               	movf	vfpfcnvrt@convarg^0,w,c
  3082   0013B2  1012               	iorwf	(vfpfcnvrt@convarg+1)^0,w,c
  3083   0013B4  B4D8               	btfsc	status,2,c
  3084   0013B6  EFDF  F009         	goto	u1711
  3085   0013BA  EFE1  F009         	goto	u1710
  3086   0013BE                     u1711:
  3087   0013BE  EFE9  F009         	goto	l2543
  3088   0013C2                     u1710:
  3089   0013C2  5015               	movf	vfpfcnvrt@c^0,w,c
  3090   0013C4  A4D8               	btfss	status,2,c
  3091   0013C6  EFE7  F009         	goto	u1721
  3092   0013CA  EFE9  F009         	goto	u1720
  3093   0013CE                     u1721:
  3094   0013CE  EFB4  F009         	goto	l2535
  3095   0013D2                     u1720:
  3096   0013D2                     l2543:
  3097                           
  3098                           ;C:\Program Files\Microchip\xc8\v3.10\pic\sources\c99\common\doprnt.c: 1417:    if (c !=
      +                           0 && done) {
  3099   0013D2  5015               	movf	vfpfcnvrt@c^0,w,c
  3100   0013D4  B4D8               	btfsc	status,2,c
  3101   0013D6  EFEF  F009         	goto	u1731
  3102   0013DA  EFF1  F009         	goto	u1730
  3103   0013DE                     u1731:
  3104   0013DE  EF10  F00A         	goto	l2553
  3105   0013E2                     u1730:
  3106   0013E2  500F               	movf	vfpfcnvrt@done^0,w,c
  3107   0013E4  B4D8               	btfsc	status,2,c
  3108   0013E6  EFF7  F009         	goto	u1741
  3109   0013EA  EFF9  F009         	goto	u1740
  3110   0013EE                     u1741:
  3111   0013EE  EF10  F00A         	goto	l2553
  3112   0013F2                     u1740:
  3113   0013F2                     
  3114                           ;C:\Program Files\Microchip\xc8\v3.10\pic\sources\c99\common\doprnt.c: 1418:     dbuf[--
      +                          c] = '-';
  3115   0013F2  0615               	decf	vfpfcnvrt@c^0,f,c
  3116   0013F4  5015               	movf	vfpfcnvrt@c^0,w,c
  3117   0013F6  0F60               	addlw	low _dbuf
  3118   0013F8  6ED9               	movwf	fsr2l,c
  3119   0013FA  6ADA               	clrf	fsr2h,c
  3120   0013FC  0E2D               	movlw	45
  3121   0013FE  6EDF               	movwf	indf2,c
  3122   001400  EF10  F00A         	goto	l2553
  3123   001404                     l2549:
  3124                           
  3125                           ;C:\Program Files\Microchip\xc8\v3.10\pic\sources\c99\common\doprnt.c: 1424:     fputc(d
      +                          buf[c++], fp);
  3126   001404  5015               	movf	vfpfcnvrt@c^0,w,c
  3127   001406  0F60               	addlw	low _dbuf
  3128   001408  6ED9               	movwf	fsr2l,c
  3129   00140A  6ADA               	clrf	fsr2h,c
  3130   00140C  50DF               	movf	indf2,w,c
  3131   00140E  6E0E               	movwf	??_vfpfcnvrt^0,c
  3132   001410  500E               	movf	??_vfpfcnvrt^0,w,c
  3133   001412  6E01               	movwf	fputc@c^0,c
  3134   001414  6A02               	clrf	(fputc@c+1)^0,c
  3135   001416  C00B  F003         	movff	vfpfcnvrt@fp,fputc@fp
  3136   00141A  EC81  F00E         	call	_fputc	;wreg free
  3137   00141E  2A15               	incf	vfpfcnvrt@c^0,f,c
  3138   001420                     l2553:
  3139                           
  3140                           ;C:\Program Files\Microchip\xc8\v3.10\pic\sources\c99\common\doprnt.c: 1423:    while (c
      +                           != sizeof(dbuf)) {
  3141   001420  0E20               	movlw	32
  3142   001422  1815               	xorwf	vfpfcnvrt@c^0,w,c
  3143   001424  A4D8               	btfss	status,2,c
  3144   001426  EF17  F00A         	goto	u1751
  3145   00142A  EF19  F00A         	goto	u1750
  3146   00142E                     u1751:
  3147   00142E  EF02  F00A         	goto	l2549
  3148   001432                     u1750:
  3149   001432  EF50  F00A         	goto	l1122
  3150   001436                     l2555:
  3151                           
  3152                           ;C:\Program Files\Microchip\xc8\v3.10\pic\sources\c99\common\doprnt.c: 1798:         if 
      +                          ((*fmt)[0] == '%') {
  3153   001436  500C               	movf	vfpfcnvrt@fmt^0,w,c
  3154   001438  6ED9               	movwf	fsr2l,c
  3155   00143A  6ADA               	clrf	fsr2h,c
  3156   00143C  CFDF FFF6          	movff	indf2,tblptrl
  3157   001440                     	if	1	;There is more than 1 active tblptr byte
  3158   001440  0E08               	movlw	high __smallconst
  3159   001442  6EF7               	movwf	tblptrh,c
  3160   001444                     	endif
  3161   001444                     	if	0	;tblptru may be non-zero
  3162   001444                     	endif
  3163   001444                     	if	0	;tblptru may be non-zero
  3164   001444                     	endif
  3165   001444  0008               	tblrd		*
  3166   001446  50F5               	movf	tablat,w,c
  3167   001448  0A25               	xorlw	37
  3168   00144A  A4D8               	btfss	status,2,c
  3169   00144C  EF2A  F00A         	goto	u1761
  3170   001450  EF2C  F00A         	goto	u1760
  3171   001454                     u1761:
  3172   001454  EF39  F00A         	goto	l2563
  3173   001458                     u1760:
  3174   001458                     
  3175                           ;C:\Program Files\Microchip\xc8\v3.10\pic\sources\c99\common\doprnt.c: 1799:            
      +                           ++*fmt;
  3176   001458  500C               	movf	vfpfcnvrt@fmt^0,w,c
  3177   00145A  6ED9               	movwf	fsr2l,c
  3178   00145C  6ADA               	clrf	fsr2h,c
  3179   00145E  2ADF               	incf	indf2,f,c
  3180   001460                     
  3181                           ;C:\Program Files\Microchip\xc8\v3.10\pic\sources\c99\common\doprnt.c: 1800:            
      +                           fputc((int)'%', fp);
  3182   001460  6A02               	clrf	(fputc@c+1)^0,c
  3183   001462  0E25               	movlw	37
  3184   001464  6E01               	movwf	fputc@c^0,c
  3185   001466  C00B  F003         	movff	vfpfcnvrt@fp,fputc@fp
  3186   00146A  EC81  F00E         	call	_fputc	;wreg free
  3187   00146E  EF50  F00A         	goto	l1122
  3188   001472                     l2563:
  3189                           
  3190                           ;C:\Program Files\Microchip\xc8\v3.10\pic\sources\c99\common\doprnt.c: 1806:         ++*
      +                          fmt;
  3191   001472  500C               	movf	vfpfcnvrt@fmt^0,w,c
  3192   001474  6ED9               	movwf	fsr2l,c
  3193   001476  6ADA               	clrf	fsr2h,c
  3194   001478  2ADF               	incf	indf2,f,c
  3195   00147A  EF50  F00A         	goto	l1122
  3196   00147E                     l2567:
  3197                           
  3198                           ;C:\Program Files\Microchip\xc8\v3.10\pic\sources\c99\common\doprnt.c: 1811:     fputc((
      +                          int)(*fmt)[0], fp);
  3199   00147E  500C               	movf	vfpfcnvrt@fmt^0,w,c
  3200   001480  6ED9               	movwf	fsr2l,c
  3201   001482  6ADA               	clrf	fsr2h,c
  3202   001484  CFDF FFF6          	movff	indf2,tblptrl
  3203   001488                     	if	1	;There is more than 1 active tblptr byte
  3204   001488  0E08               	movlw	high __smallconst
  3205   00148A  6EF7               	movwf	tblptrh,c
  3206   00148C                     	endif
  3207   00148C                     	if	0	;tblptru may be non-zero
  3208   00148C                     	endif
  3209   00148C                     	if	0	;tblptru may be non-zero
  3210   00148C                     	endif
  3211   00148C  0008               	tblrd		*
  3212   00148E  50F5               	movf	tablat,w,c
  3213   001490  6E01               	movwf	fputc@c^0,c
  3214   001492  6A02               	clrf	(fputc@c+1)^0,c
  3215   001494  C00B  F003         	movff	vfpfcnvrt@fp,fputc@fp
  3216   001498  EC81  F00E         	call	_fputc	;wreg free
  3217   00149C  EF39  F00A         	goto	l2563
  3218   0014A0                     l1122:
  3219   0014A0  0012               	return		;funcret
  3220   0014A2                     __end_of_vfpfcnvrt:
  3221                           	callstack 0
  3222                           
  3223 ;; *************** function _fputc *****************
  3224 ;; Defined at:
  3225 ;;		line 8 in file "C:\Program Files\Microchip\xc8\v3.10\pic\sources\c99\common\nf_fputc.c"
  3226 ;; Parameters:    Size  Location     Type
  3227 ;;  c               2    0[COMRAM] int 
  3228 ;;  fp              1    2[COMRAM] PTR struct _IO_FILE
  3229 ;;		 -> sprintf@f(11), 
  3230 ;; Auto vars:     Size  Location     Type
  3231 ;;		None
  3232 ;; Return value:  Size  Location     Type
  3233 ;;                  2    0[COMRAM] int 
  3234 ;; Registers used:
  3235 ;;		wreg, fsr1l, fsr1h, fsr2l, fsr2h, status,2, status,0, cstack
  3236 ;; Tracked objects:
  3237 ;;		On entry : 0/0
  3238 ;;		On exit  : 0/0
  3239 ;;		Unchanged: 0/0
  3240 ;; Data sizes:     COMRAM   BANK0   BANK1   BANK2   BANK3   BANK4   BANK5   BANK6   BANK7
  3241 ;;      Params:         3       0       0       0       0       0       0       0       0
  3242 ;;      Locals:         0       0       0       0       0       0       0       0       0
  3243 ;;      Temps:          5       0       0       0       0       0       0       0       0
  3244 ;;      Totals:         8       0       0       0       0       0       0       0       0
  3245 ;;Total ram usage:        8 bytes
  3246 ;; Hardware stack levels used: 1
  3247 ;; Hardware stack levels required when called: 1
  3248 ;; This function calls:
  3249 ;;		_putch
  3250 ;; This function is called by:
  3251 ;;		_vfpfcnvrt
  3252 ;; This function uses a non-reentrant model
  3253 ;;
  3254                           
  3255                           	psect	text4
  3256   001D02                     __ptext4:
  3257                           	callstack 0
  3258   001D02                     _fputc:
  3259                           	callstack 26
  3260   001D02  5003               	movf	fputc@fp^0,w,c
  3261   001D04  B4D8               	btfsc	status,2,c
  3262   001D06  EF87  F00E         	goto	u1481
  3263   001D0A  EF89  F00E         	goto	u1480
  3264   001D0E                     u1481:
  3265   001D0E  EF91  F00E         	goto	l2381
  3266   001D12                     u1480:
  3267   001D12  5003               	movf	fputc@fp^0,w,c
  3268   001D14  A4D8               	btfss	status,2,c
  3269   001D16  EF8F  F00E         	goto	u1491
  3270   001D1A  EF91  F00E         	goto	u1490
  3271   001D1E                     u1491:
  3272   001D1E  EF96  F00E         	goto	l2383
  3273   001D22                     u1490:
  3274   001D22                     l2381:
  3275   001D22  5001               	movf	fputc@c^0,w,c
  3276   001D24  EC0C  F013         	call	_putch
  3277   001D28  EFD5  F00E         	goto	l1148
  3278   001D2C                     l2383:
  3279   001D2C  5003               	movf	fputc@fp^0,w,c
  3280   001D2E  6ED9               	movwf	fsr2l,c
  3281   001D30  6ADA               	clrf	fsr2h,c
  3282   001D32  0E09               	movlw	9
  3283   001D34  26D9               	addwf	fsr2l,f,c
  3284   001D36  50DE               	movf	postinc2,w,c
  3285   001D38  10DE               	iorwf	postinc2,w,c
  3286   001D3A  B4D8               	btfsc	status,2,c
  3287   001D3C  EFA2  F00E         	goto	u1501
  3288   001D40  EFA4  F00E         	goto	u1500
  3289   001D44                     u1501:
  3290   001D44  EFBD  F00E         	goto	l2387
  3291   001D48                     u1500:
  3292   001D48  5003               	movf	fputc@fp^0,w,c
  3293   001D4A  6ED9               	movwf	fsr2l,c
  3294   001D4C  6ADA               	clrf	fsr2h,c
  3295   001D4E  0E09               	movlw	9
  3296   001D50  26D9               	addwf	fsr2l,f,c
  3297   001D52  5003               	movf	fputc@fp^0,w,c
  3298   001D54  6EE1               	movwf	fsr1l,c
  3299   001D56  6AE2               	clrf	fsr1h,c
  3300   001D58  0E02               	movlw	2
  3301   001D5A  26E1               	addwf	fsr1l,f,c
  3302   001D5C  50DE               	movf	postinc2,w,c
  3303   001D5E  5CE6               	subwf	postinc1,w,c
  3304   001D60  50E6               	movf	postinc1,w,c
  3305   001D62  0A80               	xorlw	128
  3306   001D64  6E08               	movwf	(??_fputc+4)^0,c
  3307   001D66  50DE               	movf	postinc2,w,c
  3308   001D68  0A80               	xorlw	128
  3309   001D6A  5808               	subwfb	(??_fputc+4)^0,w,c
  3310   001D6C  B0D8               	btfsc	status,0,c
  3311   001D6E  EFBB  F00E         	goto	u1511
  3312   001D72  EFBD  F00E         	goto	u1510
  3313   001D76                     u1511:
  3314   001D76  EFD5  F00E         	goto	l1148
  3315   001D7A                     u1510:
  3316   001D7A                     l2387:
  3317   001D7A  5003               	movf	fputc@fp^0,w,c
  3318   001D7C  6ED9               	movwf	fsr2l,c
  3319   001D7E  6ADA               	clrf	fsr2h,c
  3320   001D80  0E02               	movlw	2
  3321   001D82  26D9               	addwf	fsr2l,f,c
  3322   001D84  50DF               	movf	indf2,w,c
  3323   001D86  6E04               	movwf	??_fputc^0,c
  3324   001D88  5003               	movf	fputc@fp^0,w,c
  3325   001D8A  6ED9               	movwf	fsr2l,c
  3326   001D8C  6ADA               	clrf	fsr2h,c
  3327   001D8E  50DF               	movf	indf2,w,c
  3328   001D90  2404               	addwf	??_fputc^0,w,c
  3329   001D92  6ED9               	movwf	fsr2l,c
  3330   001D94  6ADA               	clrf	fsr2h,c
  3331   001D96  C001  FFDF         	movff	fputc@c,indf2
  3332   001D9A  5003               	movf	fputc@fp^0,w,c
  3333   001D9C  6ED9               	movwf	fsr2l,c
  3334   001D9E  6ADA               	clrf	fsr2h,c
  3335   001DA0  0E02               	movlw	2
  3336   001DA2  26D9               	addwf	fsr2l,f,c
  3337   001DA4  2ADE               	incf	postinc2,f,c
  3338   001DA6  0E00               	movlw	0
  3339   001DA8  22DD               	addwfc	postdec2,f,c
  3340   001DAA                     l1148:
  3341   001DAA  0012               	return		;funcret
  3342   001DAC                     __end_of_fputc:
  3343                           	callstack 0
  3344                           
  3345 ;; *************** function _putch *****************
  3346 ;; Defined at:
  3347 ;;		line 7 in file "C:\Program Files\Microchip\xc8\v3.10\pic\sources\c99\common\putch.c"
  3348 ;; Parameters:    Size  Location     Type
  3349 ;;  c               1    wreg     unsigned char 
  3350 ;; Auto vars:     Size  Location     Type
  3351 ;;  c               1    0[COMRAM] unsigned char 
  3352 ;; Return value:  Size  Location     Type
  3353 ;;                  1    wreg      void 
  3354 ;; Registers used:
  3355 ;;		wreg
  3356 ;; Tracked objects:
  3357 ;;		On entry : 0/0
  3358 ;;		On exit  : 0/0
  3359 ;;		Unchanged: 0/0
  3360 ;; Data sizes:     COMRAM   BANK0   BANK1   BANK2   BANK3   BANK4   BANK5   BANK6   BANK7
  3361 ;;      Params:         0       0       0       0       0       0       0       0       0
  3362 ;;      Locals:         0       0       0       0       0       0       0       0       0
  3363 ;;      Temps:          0       0       0       0       0       0       0       0       0
  3364 ;;      Totals:         0       0       0       0       0       0       0       0       0
  3365 ;;Total ram usage:        0 bytes
  3366 ;; Hardware stack levels used: 1
  3367 ;; This function calls:
  3368 ;;		Nothing
  3369 ;; This function is called by:
  3370 ;;		_fputc
  3371 ;; This function uses a non-reentrant model
  3372 ;;
  3373                           
  3374                           	psect	text5
  3375   002618                     __ptext5:
  3376                           	callstack 0
  3377   002618                     _putch:
  3378                           	callstack 26
  3379   002618  0012               	return		;funcret
  3380   00261A                     __end_of_putch:
  3381                           	callstack 0
  3382                           
  3383 ;; *************** function _abs *****************
  3384 ;; Defined at:
  3385 ;;		line 1 in file "C:\Program Files\Microchip\xc8\v3.10\pic\sources\c99\common\abs.c"
  3386 ;; Parameters:    Size  Location     Type
  3387 ;;  a               2    6[COMRAM] int 
  3388 ;; Auto vars:     Size  Location     Type
  3389 ;;		None
  3390 ;; Return value:  Size  Location     Type
  3391 ;;                  2    6[COMRAM] int 
  3392 ;; Registers used:
  3393 ;;		wreg, status,2, status,0
  3394 ;; Tracked objects:
  3395 ;;		On entry : 0/0
  3396 ;;		On exit  : 0/0
  3397 ;;		Unchanged: 0/0
  3398 ;; Data sizes:     COMRAM   BANK0   BANK1   BANK2   BANK3   BANK4   BANK5   BANK6   BANK7
  3399 ;;      Params:         2       0       0       0       0       0       0       0       0
  3400 ;;      Locals:         0       0       0       0       0       0       0       0       0
  3401 ;;      Temps:          2       0       0       0       0       0       0       0       0
  3402 ;;      Totals:         4       0       0       0       0       0       0       0       0
  3403 ;;Total ram usage:        4 bytes
  3404 ;; Hardware stack levels used: 1
  3405 ;; This function calls:
  3406 ;;		Nothing
  3407 ;; This function is called by:
  3408 ;;		_vfpfcnvrt
  3409 ;; This function uses a non-reentrant model
  3410 ;;
  3411                           
  3412                           	psect	text6
  3413   00244E                     __ptext6:
  3414                           	callstack 0
  3415   00244E                     _abs:
  3416                           	callstack 27
  3417   00244E  BE08               	btfsc	(abs@a+1)^0,7,c
  3418   002450  EF2C  F012         	goto	u1521
  3419   002454  EF2E  F012         	goto	u1520
  3420   002458                     u1521:
  3421   002458  EF34  F012         	goto	l1133
  3422   00245C                     u1520:
  3423   00245C  C007  F007         	movff	abs@a,?_abs
  3424   002460  C008  F008         	movff	abs@a+1,?_abs+1
  3425   002464  EF40  F012         	goto	l1136
  3426   002468                     l1133:
  3427   002468  C007  F009         	movff	abs@a,??_abs
  3428   00246C  C008  F00A         	movff	abs@a+1,??_abs+1
  3429   002470  1E09               	comf	??_abs^0,f,c
  3430   002472  1E0A               	comf	(??_abs+1)^0,f,c
  3431   002474  4A09               	infsnz	??_abs^0,f,c
  3432   002476  2A0A               	incf	(??_abs+1)^0,f,c
  3433   002478  C009  F007         	movff	??_abs,?_abs
  3434   00247C  C00A  F008         	movff	??_abs+1,?_abs+1
  3435   002480                     l1136:
  3436   002480  0012               	return		;funcret
  3437   002482                     __end_of_abs:
  3438                           	callstack 0
  3439                           
  3440 ;; *************** function ___awmod *****************
  3441 ;; Defined at:
  3442 ;;		line 7 in file "C:\Program Files\Microchip\xc8\v3.10\pic\sources\c99\common\awmod.c"
  3443 ;; Parameters:    Size  Location     Type
  3444 ;;  dividend        2    0[COMRAM] int 
  3445 ;;  divisor         2    2[COMRAM] int 
  3446 ;; Auto vars:     Size  Location     Type
  3447 ;;  sign            1    5[COMRAM] unsigned char 
  3448 ;;  counter         1    4[COMRAM] unsigned char 
  3449 ;; Return value:  Size  Location     Type
  3450 ;;                  2    0[COMRAM] int 
  3451 ;; Registers used:
  3452 ;;		wreg, status,2, status,0
  3453 ;; Tracked objects:
  3454 ;;		On entry : 0/0
  3455 ;;		On exit  : 0/0
  3456 ;;		Unchanged: 0/0
  3457 ;; Data sizes:     COMRAM   BANK0   BANK1   BANK2   BANK3   BANK4   BANK5   BANK6   BANK7
  3458 ;;      Params:         4       0       0       0       0       0       0       0       0
  3459 ;;      Locals:         2       0       0       0       0       0       0       0       0
  3460 ;;      Temps:          0       0       0       0       0       0       0       0       0
  3461 ;;      Totals:         6       0       0       0       0       0       0       0       0
  3462 ;;Total ram usage:        6 bytes
  3463 ;; Hardware stack levels used: 1
  3464 ;; This function calls:
  3465 ;;		Nothing
  3466 ;; This function is called by:
  3467 ;;		_vfpfcnvrt
  3468 ;; This function uses a non-reentrant model
  3469 ;;
  3470                           
  3471                           	psect	text7
  3472   001C54                     __ptext7:
  3473                           	callstack 0
  3474   001C54                     ___awmod:
  3475                           	callstack 27
  3476   001C54  6A06               	clrf	___awmod@sign^0,c
  3477   001C56  BE02               	btfsc	(___awmod@dividend+1)^0,7,c
  3478   001C58  EF32  F00E         	goto	u1420
  3479   001C5C  EF30  F00E         	goto	u1421
  3480   001C60                     u1421:
  3481   001C60  EF38  F00E         	goto	l2349
  3482   001C64                     u1420:
  3483   001C64  6C01               	negf	___awmod@dividend^0,c
  3484   001C66  1E02               	comf	(___awmod@dividend+1)^0,f,c
  3485   001C68  B0D8               	btfsc	status,0,c
  3486   001C6A  2A02               	incf	(___awmod@dividend+1)^0,f,c
  3487   001C6C  0E01               	movlw	1
  3488   001C6E  6E06               	movwf	___awmod@sign^0,c
  3489   001C70                     l2349:
  3490   001C70  BE04               	btfsc	(___awmod@divisor+1)^0,7,c
  3491   001C72  EF3F  F00E         	goto	u1430
  3492   001C76  EF3D  F00E         	goto	u1431
  3493   001C7A                     u1431:
  3494   001C7A  EF43  F00E         	goto	l2353
  3495   001C7E                     u1430:
  3496   001C7E  6C03               	negf	___awmod@divisor^0,c
  3497   001C80  1E04               	comf	(___awmod@divisor+1)^0,f,c
  3498   001C82  B0D8               	btfsc	status,0,c
  3499   001C84  2A04               	incf	(___awmod@divisor+1)^0,f,c
  3500   001C86                     l2353:
  3501   001C86  5003               	movf	___awmod@divisor^0,w,c
  3502   001C88  1004               	iorwf	(___awmod@divisor+1)^0,w,c
  3503   001C8A  B4D8               	btfsc	status,2,c
  3504   001C8C  EF4A  F00E         	goto	u1441
  3505   001C90  EF4C  F00E         	goto	u1440
  3506   001C94                     u1441:
  3507   001C94  EF70  F00E         	goto	l2369
  3508   001C98                     u1440:
  3509   001C98  0E01               	movlw	1
  3510   001C9A  6E05               	movwf	___awmod@counter^0,c
  3511   001C9C  EF54  F00E         	goto	l2359
  3512   001CA0                     l2357:
  3513   001CA0  90D8               	bcf	status,0,c
  3514   001CA2  3603               	rlcf	___awmod@divisor^0,f,c
  3515   001CA4  3604               	rlcf	(___awmod@divisor+1)^0,f,c
  3516   001CA6  2A05               	incf	___awmod@counter^0,f,c
  3517   001CA8                     l2359:
  3518   001CA8  AE04               	btfss	(___awmod@divisor+1)^0,7,c
  3519   001CAA  EF59  F00E         	goto	u1451
  3520   001CAE  EF5B  F00E         	goto	u1450
  3521   001CB2                     u1451:
  3522   001CB2  EF50  F00E         	goto	l2357
  3523   001CB6                     u1450:
  3524   001CB6                     l2361:
  3525   001CB6  5003               	movf	___awmod@divisor^0,w,c
  3526   001CB8  5C01               	subwf	___awmod@dividend^0,w,c
  3527   001CBA  5004               	movf	(___awmod@divisor+1)^0,w,c
  3528   001CBC  5802               	subwfb	(___awmod@dividend+1)^0,w,c
  3529   001CBE  A0D8               	btfss	status,0,c
  3530   001CC0  EF64  F00E         	goto	u1461
  3531   001CC4  EF66  F00E         	goto	u1460
  3532   001CC8                     u1461:
  3533   001CC8  EF6A  F00E         	goto	l2365
  3534   001CCC                     u1460:
  3535   001CCC  5003               	movf	___awmod@divisor^0,w,c
  3536   001CCE  5E01               	subwf	___awmod@dividend^0,f,c
  3537   001CD0  5004               	movf	(___awmod@divisor+1)^0,w,c
  3538   001CD2  5A02               	subwfb	(___awmod@dividend+1)^0,f,c
  3539   001CD4                     l2365:
  3540   001CD4  90D8               	bcf	status,0,c
  3541   001CD6  3204               	rrcf	(___awmod@divisor+1)^0,f,c
  3542   001CD8  3203               	rrcf	___awmod@divisor^0,f,c
  3543   001CDA  2E05               	decfsz	___awmod@counter^0,f,c
  3544   001CDC  EF5B  F00E         	goto	l2361
  3545   001CE0                     l2369:
  3546   001CE0  5006               	movf	___awmod@sign^0,w,c
  3547   001CE2  B4D8               	btfsc	status,2,c
  3548   001CE4  EF76  F00E         	goto	u1471
  3549   001CE8  EF78  F00E         	goto	u1470
  3550   001CEC                     u1471:
  3551   001CEC  EF7C  F00E         	goto	l2373
  3552   001CF0                     u1470:
  3553   001CF0  6C01               	negf	___awmod@dividend^0,c
  3554   001CF2  1E02               	comf	(___awmod@dividend+1)^0,f,c
  3555   001CF4  B0D8               	btfsc	status,0,c
  3556   001CF6  2A02               	incf	(___awmod@dividend+1)^0,f,c
  3557   001CF8                     l2373:
  3558   001CF8  C001  F001         	movff	___awmod@dividend,?___awmod
  3559   001CFC  C002  F002         	movff	___awmod@dividend+1,?___awmod+1
  3560   001D00  0012               	return		;funcret
  3561   001D02                     __end_of___awmod:
  3562                           	callstack 0
  3563                           
  3564 ;; *************** function ___awdiv *****************
  3565 ;; Defined at:
  3566 ;;		line 7 in file "C:\Program Files\Microchip\xc8\v3.10\pic\sources\c99\common\awdiv.c"
  3567 ;; Parameters:    Size  Location     Type
  3568 ;;  dividend        2    0[COMRAM] int 
  3569 ;;  divisor         2    2[COMRAM] int 
  3570 ;; Auto vars:     Size  Location     Type
  3571 ;;  quotient        2    6[COMRAM] int 
  3572 ;;  sign            1    5[COMRAM] unsigned char 
  3573 ;;  counter         1    4[COMRAM] unsigned char 
  3574 ;; Return value:  Size  Location     Type
  3575 ;;                  2    0[COMRAM] int 
  3576 ;; Registers used:
  3577 ;;		wreg, status,2, status,0
  3578 ;; Tracked objects:
  3579 ;;		On entry : 0/0
  3580 ;;		On exit  : 0/0
  3581 ;;		Unchanged: 0/0
  3582 ;; Data sizes:     COMRAM   BANK0   BANK1   BANK2   BANK3   BANK4   BANK5   BANK6   BANK7
  3583 ;;      Params:         4       0       0       0       0       0       0       0       0
  3584 ;;      Locals:         4       0       0       0       0       0       0       0       0
  3585 ;;      Temps:          0       0       0       0       0       0       0       0       0
  3586 ;;      Totals:         8       0       0       0       0       0       0       0       0
  3587 ;;Total ram usage:        8 bytes
  3588 ;; Hardware stack levels used: 1
  3589 ;; This function calls:
  3590 ;;		Nothing
  3591 ;; This function is called by:
  3592 ;;		_vfpfcnvrt
  3593 ;; This function uses a non-reentrant model
  3594 ;;
  3595                           
  3596                           	psect	text8
  3597   001B94                     __ptext8:
  3598                           	callstack 0
  3599   001B94                     ___awdiv:
  3600                           	callstack 27
  3601   001B94  6A06               	clrf	___awdiv@sign^0,c
  3602   001B96  BE04               	btfsc	(___awdiv@divisor+1)^0,7,c
  3603   001B98  EFD2  F00D         	goto	u1360
  3604   001B9C  EFD0  F00D         	goto	u1361
  3605   001BA0                     u1361:
  3606   001BA0  EFD8  F00D         	goto	l2305
  3607   001BA4                     u1360:
  3608   001BA4  6C03               	negf	___awdiv@divisor^0,c
  3609   001BA6  1E04               	comf	(___awdiv@divisor+1)^0,f,c
  3610   001BA8  B0D8               	btfsc	status,0,c
  3611   001BAA  2A04               	incf	(___awdiv@divisor+1)^0,f,c
  3612   001BAC  0E01               	movlw	1
  3613   001BAE  6E06               	movwf	___awdiv@sign^0,c
  3614   001BB0                     l2305:
  3615   001BB0  BE02               	btfsc	(___awdiv@dividend+1)^0,7,c
  3616   001BB2  EFDF  F00D         	goto	u1370
  3617   001BB6  EFDD  F00D         	goto	u1371
  3618   001BBA                     u1371:
  3619   001BBA  EFE5  F00D         	goto	l2311
  3620   001BBE                     u1370:
  3621   001BBE  6C01               	negf	___awdiv@dividend^0,c
  3622   001BC0  1E02               	comf	(___awdiv@dividend+1)^0,f,c
  3623   001BC2  B0D8               	btfsc	status,0,c
  3624   001BC4  2A02               	incf	(___awdiv@dividend+1)^0,f,c
  3625   001BC6  0E01               	movlw	1
  3626   001BC8  1A06               	xorwf	___awdiv@sign^0,f,c
  3627   001BCA                     l2311:
  3628   001BCA  6A08               	clrf	(___awdiv@quotient+1)^0,c
  3629   001BCC  0E00               	movlw	0
  3630   001BCE  6E07               	movwf	___awdiv@quotient^0,c
  3631   001BD0  5003               	movf	___awdiv@divisor^0,w,c
  3632   001BD2  1004               	iorwf	(___awdiv@divisor+1)^0,w,c
  3633   001BD4  B4D8               	btfsc	status,2,c
  3634   001BD6  EFEF  F00D         	goto	u1381
  3635   001BDA  EFF1  F00D         	goto	u1380
  3636   001BDE                     u1381:
  3637   001BDE  EF19  F00E         	goto	l2333
  3638   001BE2                     u1380:
  3639   001BE2  0E01               	movlw	1
  3640   001BE4  6E05               	movwf	___awdiv@counter^0,c
  3641   001BE6  EFF9  F00D         	goto	l2319
  3642   001BEA                     l2317:
  3643   001BEA  90D8               	bcf	status,0,c
  3644   001BEC  3603               	rlcf	___awdiv@divisor^0,f,c
  3645   001BEE  3604               	rlcf	(___awdiv@divisor+1)^0,f,c
  3646   001BF0  2A05               	incf	___awdiv@counter^0,f,c
  3647   001BF2                     l2319:
  3648   001BF2  AE04               	btfss	(___awdiv@divisor+1)^0,7,c
  3649   001BF4  EFFE  F00D         	goto	u1391
  3650   001BF8  EF00  F00E         	goto	u1390
  3651   001BFC                     u1391:
  3652   001BFC  EFF5  F00D         	goto	l2317
  3653   001C00                     u1390:
  3654   001C00                     l2321:
  3655   001C00  90D8               	bcf	status,0,c
  3656   001C02  3607               	rlcf	___awdiv@quotient^0,f,c
  3657   001C04  3608               	rlcf	(___awdiv@quotient+1)^0,f,c
  3658   001C06  5003               	movf	___awdiv@divisor^0,w,c
  3659   001C08  5C01               	subwf	___awdiv@dividend^0,w,c
  3660   001C0A  5004               	movf	(___awdiv@divisor+1)^0,w,c
  3661   001C0C  5802               	subwfb	(___awdiv@dividend+1)^0,w,c
  3662   001C0E  A0D8               	btfss	status,0,c
  3663   001C10  EF0C  F00E         	goto	u1401
  3664   001C14  EF0E  F00E         	goto	u1400
  3665   001C18                     u1401:
  3666   001C18  EF13  F00E         	goto	l2329
  3667   001C1C                     u1400:
  3668   001C1C  5003               	movf	___awdiv@divisor^0,w,c
  3669   001C1E  5E01               	subwf	___awdiv@dividend^0,f,c
  3670   001C20  5004               	movf	(___awdiv@divisor+1)^0,w,c
  3671   001C22  5A02               	subwfb	(___awdiv@dividend+1)^0,f,c
  3672   001C24  8007               	bsf	___awdiv@quotient^0,0,c
  3673   001C26                     l2329:
  3674   001C26  90D8               	bcf	status,0,c
  3675   001C28  3204               	rrcf	(___awdiv@divisor+1)^0,f,c
  3676   001C2A  3203               	rrcf	___awdiv@divisor^0,f,c
  3677   001C2C  2E05               	decfsz	___awdiv@counter^0,f,c
  3678   001C2E  EF00  F00E         	goto	l2321
  3679   001C32                     l2333:
  3680   001C32  5006               	movf	___awdiv@sign^0,w,c
  3681   001C34  B4D8               	btfsc	status,2,c
  3682   001C36  EF1F  F00E         	goto	u1411
  3683   001C3A  EF21  F00E         	goto	u1410
  3684   001C3E                     u1411:
  3685   001C3E  EF25  F00E         	goto	l2337
  3686   001C42                     u1410:
  3687   001C42  6C07               	negf	___awdiv@quotient^0,c
  3688   001C44  1E08               	comf	(___awdiv@quotient+1)^0,f,c
  3689   001C46  B0D8               	btfsc	status,0,c
  3690   001C48  2A08               	incf	(___awdiv@quotient+1)^0,f,c
  3691   001C4A                     l2337:
  3692   001C4A  C007  F001         	movff	___awdiv@quotient,?___awdiv
  3693   001C4E  C008  F002         	movff	___awdiv@quotient+1,?___awdiv+1
  3694   001C52  0012               	return		;funcret
  3695   001C54                     __end_of___awdiv:
  3696                           	callstack 0
  3697                           
  3698 ;; *************** function _setup *****************
  3699 ;; Defined at:
  3700 ;;		line 13 in file "main.c"
  3701 ;; Parameters:    Size  Location     Type
  3702 ;;		None
  3703 ;; Auto vars:     Size  Location     Type
  3704 ;;		None
  3705 ;; Return value:  Size  Location     Type
  3706 ;;                  1    wreg      void 
  3707 ;; Registers used:
  3708 ;;		wreg, status,2
  3709 ;; Tracked objects:
  3710 ;;		On entry : 0/0
  3711 ;;		On exit  : 0/0
  3712 ;;		Unchanged: 0/0
  3713 ;; Data sizes:     COMRAM   BANK0   BANK1   BANK2   BANK3   BANK4   BANK5   BANK6   BANK7
  3714 ;;      Params:         0       0       0       0       0       0       0       0       0
  3715 ;;      Locals:         0       0       0       0       0       0       0       0       0
  3716 ;;      Temps:          0       0       0       0       0       0       0       0       0
  3717 ;;      Totals:         0       0       0       0       0       0       0       0       0
  3718 ;;Total ram usage:        0 bytes
  3719 ;; Hardware stack levels used: 1
  3720 ;; This function calls:
  3721 ;;		Nothing
  3722 ;; This function is called by:
  3723 ;;		_main
  3724 ;; This function uses a non-reentrant model
  3725 ;;
  3726                           
  3727                           	psect	text9
  3728   0025EE                     __ptext9:
  3729                           	callstack 0
  3730   0025EE                     _setup:
  3731                           	callstack 30
  3732   0025EE                     
  3733                           ;main.c: 14:     OSCCON = 0x72;
  3734   0025EE  0E72               	movlw	114
  3735   0025F0  6ED3               	movwf	211,c	;volatile
  3736   0025F2                     
  3737                           ;main.c: 15:     TRISA = 0xFF;
  3738   0025F2  6892               	setf	146,c	;volatile
  3739   0025F4                     
  3740                           ;main.c: 16:     TRISB = 0x00;
  3741   0025F4  6A93               	clrf	147,c	;volatile
  3742   0025F6                     
  3743                           ;main.c: 17:     TRISD = 0x00;
  3744   0025F6  6A95               	clrf	149,c	;volatile
  3745   0025F8                     
  3746                           ;main.c: 18:     TRISC = 0x00;
  3747   0025F8  6A94               	clrf	148,c	;volatile
  3748   0025FA                     
  3749                           ;main.c: 19:     LATD = 0x00;
  3750   0025FA  6A8C               	clrf	140,c	;volatile
  3751   0025FC  0012               	return		;funcret
  3752   0025FE                     __end_of_setup:
  3753                           	callstack 0
  3754                           
  3755 ;; *************** function _leer_temperatura *****************
  3756 ;; Defined at:
  3757 ;;		line 9 in file "sensores.c"
  3758 ;; Parameters:    Size  Location     Type
  3759 ;;		None
  3760 ;; Auto vars:     Size  Location     Type
  3761 ;;  adc             2   68[COMRAM] int 
  3762 ;; Return value:  Size  Location     Type
  3763 ;;                  4   64[COMRAM] float 
  3764 ;; Registers used:
  3765 ;;		wreg, status,2, status,0, prodl, prodh, cstack
  3766 ;; Tracked objects:
  3767 ;;		On entry : 0/0
  3768 ;;		On exit  : 0/0
  3769 ;;		Unchanged: 0/0
  3770 ;; Data sizes:     COMRAM   BANK0   BANK1   BANK2   BANK3   BANK4   BANK5   BANK6   BANK7
  3771 ;;      Params:         4       0       0       0       0       0       0       0       0
  3772 ;;      Locals:         2       0       0       0       0       0       0       0       0
  3773 ;;      Temps:          0       0       0       0       0       0       0       0       0
  3774 ;;      Totals:         6       0       0       0       0       0       0       0       0
  3775 ;;Total ram usage:        6 bytes
  3776 ;; Hardware stack levels used: 1
  3777 ;; Hardware stack levels required when called: 1
  3778 ;; This function calls:
  3779 ;;		___fldiv
  3780 ;;		___flmul
  3781 ;;		___xxtofl
  3782 ;;		_leer_adc
  3783 ;; This function is called by:
  3784 ;;		_main
  3785 ;; This function uses a non-reentrant model
  3786 ;;
  3787                           
  3788                           	psect	text10
  3789   00209C                     __ptext10:
  3790                           	callstack 0
  3791   00209C                     _leer_temperatura:
  3792                           	callstack 29
  3793   00209C                     
  3794                           ;sensores.c: 10:     int adc = leer_adc(0);
  3795   00209C  6A02               	clrf	(leer_adc@canal+1)^0,c
  3796   00209E  0E00               	movlw	0
  3797   0020A0  6E01               	movwf	leer_adc@canal^0,c
  3798   0020A2  ECA9  F011         	call	_leer_adc	;wreg free
  3799   0020A6  C001  F045         	movff	?_leer_adc,leer_temperatura@adc
  3800   0020AA  C002  F046         	movff	?_leer_adc+1,leer_temperatura@adc+1
  3801   0020AE                     
  3802                           ;sensores.c: 14:     return (adc * 4.8876) / 10.0;
  3803   0020AE  0E38               	movlw	56
  3804   0020B0  6E13               	movwf	___flmul@a^0,c
  3805   0020B2  0E67               	movlw	103
  3806   0020B4  6E14               	movwf	(___flmul@a+1)^0,c
  3807   0020B6  0E9C               	movlw	156
  3808   0020B8  6E15               	movwf	(___flmul@a+2)^0,c
  3809   0020BA  0E40               	movlw	64
  3810   0020BC  6E16               	movwf	(___flmul@a+3)^0,c
  3811   0020BE  C045  F001         	movff	leer_temperatura@adc,___xxtofl@val
  3812   0020C2  C046  F002         	movff	leer_temperatura@adc+1,___xxtofl@val+1
  3813   0020C6  0E00               	movlw	0
  3814   0020C8  BE02               	btfsc	(___xxtofl@val+1)^0,7,c
  3815   0020CA  0EFF               	movlw	-1
  3816   0020CC  6E03               	movwf	(___xxtofl@val+2)^0,c
  3817   0020CE  6E04               	movwf	(___xxtofl@val+3)^0,c
  3818   0020D0  0E01               	movlw	1
  3819   0020D2  EC51  F00A         	call	___xxtofl
  3820   0020D6  C001  F00F         	movff	?___xxtofl,___flmul@b
  3821   0020DA  C002  F010         	movff	?___xxtofl+1,___flmul@b+1
  3822   0020DE  C003  F011         	movff	?___xxtofl+2,___flmul@b+2
  3823   0020E2  C004  F012         	movff	?___xxtofl+3,___flmul@b+3
  3824   0020E6  EC76  F004         	call	___flmul	;wreg free
  3825   0020EA  C00F  F028         	movff	?___flmul,___fldiv@b
  3826   0020EE  C010  F029         	movff	?___flmul+1,___fldiv@b+1
  3827   0020F2  C011  F02A         	movff	?___flmul+2,___fldiv@b+2
  3828   0020F6  C012  F02B         	movff	?___flmul+3,___fldiv@b+3
  3829   0020FA  0E00               	movlw	0
  3830   0020FC  6E2C               	movwf	___fldiv@a^0,c
  3831   0020FE  0E00               	movlw	0
  3832   002100  6E2D               	movwf	(___fldiv@a+1)^0,c
  3833   002102  0E20               	movlw	32
  3834   002104  6E2E               	movwf	(___fldiv@a+2)^0,c
  3835   002106  0E41               	movlw	65
  3836   002108  6E2F               	movwf	(___fldiv@a+3)^0,c
  3837   00210A  EC89  F006         	call	___fldiv	;wreg free
  3838   00210E  C028  F041         	movff	?___fldiv,?_leer_temperatura
  3839   002112  C029  F042         	movff	?___fldiv+1,?_leer_temperatura+1
  3840   002116  C02A  F043         	movff	?___fldiv+2,?_leer_temperatura+2
  3841   00211A  C02B  F044         	movff	?___fldiv+3,?_leer_temperatura+3
  3842   00211E  0012               	return		;funcret
  3843   002120                     __end_of_leer_temperatura:
  3844                           	callstack 0
  3845                           
  3846 ;; *************** function ___flmul *****************
  3847 ;; Defined at:
  3848 ;;		line 8 in file "C:\Program Files\Microchip\xc8\v3.10\pic\sources\c99\common\sprcmul.c"
  3849 ;; Parameters:    Size  Location     Type
  3850 ;;  b               4   14[COMRAM] float 
  3851 ;;  a               4   18[COMRAM] float 
  3852 ;; Auto vars:     Size  Location     Type
  3853 ;;  prod            4   33[COMRAM] struct .
  3854 ;;  grs             4   27[COMRAM] unsigned long 
  3855 ;;  temp            2   37[COMRAM] struct .
  3856 ;;  bexp            1   32[COMRAM] unsigned char 
  3857 ;;  aexp            1   31[COMRAM] unsigned char 
  3858 ;;  sign            1   26[COMRAM] unsigned char 
  3859 ;; Return value:  Size  Location     Type
  3860 ;;                  4   14[COMRAM] unsigned char 
  3861 ;; Registers used:
  3862 ;;		wreg, status,2, status,0, prodl, prodh
  3863 ;; Tracked objects:
  3864 ;;		On entry : 0/0
  3865 ;;		On exit  : 0/0
  3866 ;;		Unchanged: 0/0
  3867 ;; Data sizes:     COMRAM   BANK0   BANK1   BANK2   BANK3   BANK4   BANK5   BANK6   BANK7
  3868 ;;      Params:         8       0       0       0       0       0       0       0       0
  3869 ;;      Locals:        13       0       0       0       0       0       0       0       0
  3870 ;;      Temps:          4       0       0       0       0       0       0       0       0
  3871 ;;      Totals:        25       0       0       0       0       0       0       0       0
  3872 ;;Total ram usage:       25 bytes
  3873 ;; Hardware stack levels used: 1
  3874 ;; This function calls:
  3875 ;;		Nothing
  3876 ;; This function is called by:
  3877 ;;		_leer_temperatura
  3878 ;; This function uses a non-reentrant model
  3879 ;;
  3880                           
  3881                           	psect	text11
  3882   0008EC                     __ptext11:
  3883                           	callstack 0
  3884   0008EC                     ___flmul:
  3885                           	callstack 29
  3886   0008EC  5012               	movf	(___flmul@b+3)^0,w,c
  3887   0008EE  0B80               	andlw	128
  3888   0008F0  6E1B               	movwf	___flmul@sign^0,c
  3889   0008F2  5012               	movf	(___flmul@b+3)^0,w,c
  3890   0008F4  2412               	addwf	(___flmul@b+3)^0,w,c
  3891   0008F6  6E21               	movwf	___flmul@bexp^0,c
  3892   0008F8  AE11               	btfss	(___flmul@b+2)^0,7,c
  3893   0008FA  EF81  F004         	goto	u2171
  3894   0008FE  EF83  F004         	goto	u2170
  3895   000902                     u2171:
  3896   000902  EF84  F004         	goto	l2849
  3897   000906                     u2170:
  3898   000906  8021               	bsf	___flmul@bexp^0,0,c
  3899   000908                     l2849:
  3900   000908  5021               	movf	___flmul@bexp^0,w,c
  3901   00090A  B4D8               	btfsc	status,2,c
  3902   00090C  EF8A  F004         	goto	u2181
  3903   000910  EF8C  F004         	goto	u2180
  3904   000914                     u2181:
  3905   000914  EF9F  F004         	goto	l2857
  3906   000918                     u2180:
  3907   000918  2821               	incf	___flmul@bexp^0,w,c
  3908   00091A  A4D8               	btfss	status,2,c
  3909   00091C  EF92  F004         	goto	u2191
  3910   000920  EF94  F004         	goto	u2190
  3911   000924                     u2191:
  3912   000924  EF9C  F004         	goto	l2855
  3913   000928                     u2190:
  3914   000928  0E00               	movlw	0
  3915   00092A  6E0F               	movwf	___flmul@b^0,c
  3916   00092C  0E00               	movlw	0
  3917   00092E  6E10               	movwf	(___flmul@b+1)^0,c
  3918   000930  0E00               	movlw	0
  3919   000932  6E11               	movwf	(___flmul@b+2)^0,c
  3920   000934  0E00               	movlw	0
  3921   000936  6E12               	movwf	(___flmul@b+3)^0,c
  3922   000938                     l2855:
  3923   000938  8E11               	bsf	(___flmul@b+2)^0,7,c
  3924   00093A  EFA7  F004         	goto	l2859
  3925   00093E                     l2857:
  3926   00093E  0E00               	movlw	0
  3927   000940  6E0F               	movwf	___flmul@b^0,c
  3928   000942  0E00               	movlw	0
  3929   000944  6E10               	movwf	(___flmul@b+1)^0,c
  3930   000946  0E00               	movlw	0
  3931   000948  6E11               	movwf	(___flmul@b+2)^0,c
  3932   00094A  0E00               	movlw	0
  3933   00094C  6E12               	movwf	(___flmul@b+3)^0,c
  3934   00094E                     l2859:
  3935   00094E  5016               	movf	(___flmul@a+3)^0,w,c
  3936   000950  0B80               	andlw	128
  3937   000952  1A1B               	xorwf	___flmul@sign^0,f,c
  3938   000954  5016               	movf	(___flmul@a+3)^0,w,c
  3939   000956  2416               	addwf	(___flmul@a+3)^0,w,c
  3940   000958  6E20               	movwf	___flmul@aexp^0,c
  3941   00095A  AE15               	btfss	(___flmul@a+2)^0,7,c
  3942   00095C  EFB2  F004         	goto	u2201
  3943   000960  EFB4  F004         	goto	u2200
  3944   000964                     u2201:
  3945   000964  EFB5  F004         	goto	l2867
  3946   000968                     u2200:
  3947   000968  8020               	bsf	___flmul@aexp^0,0,c
  3948   00096A                     l2867:
  3949   00096A  5020               	movf	___flmul@aexp^0,w,c
  3950   00096C  B4D8               	btfsc	status,2,c
  3951   00096E  EFBB  F004         	goto	u2211
  3952   000972  EFBD  F004         	goto	u2210
  3953   000976                     u2211:
  3954   000976  EFD0  F004         	goto	l2875
  3955   00097A                     u2210:
  3956   00097A  2820               	incf	___flmul@aexp^0,w,c
  3957   00097C  A4D8               	btfss	status,2,c
  3958   00097E  EFC3  F004         	goto	u2221
  3959   000982  EFC5  F004         	goto	u2220
  3960   000986                     u2221:
  3961   000986  EFCD  F004         	goto	l2873
  3962   00098A                     u2220:
  3963   00098A  0E00               	movlw	0
  3964   00098C  6E13               	movwf	___flmul@a^0,c
  3965   00098E  0E00               	movlw	0
  3966   000990  6E14               	movwf	(___flmul@a+1)^0,c
  3967   000992  0E00               	movlw	0
  3968   000994  6E15               	movwf	(___flmul@a+2)^0,c
  3969   000996  0E00               	movlw	0
  3970   000998  6E16               	movwf	(___flmul@a+3)^0,c
  3971   00099A                     l2873:
  3972   00099A  8E15               	bsf	(___flmul@a+2)^0,7,c
  3973   00099C  EFD8  F004         	goto	l1020
  3974   0009A0                     l2875:
  3975   0009A0  0E00               	movlw	0
  3976   0009A2  6E13               	movwf	___flmul@a^0,c
  3977   0009A4  0E00               	movlw	0
  3978   0009A6  6E14               	movwf	(___flmul@a+1)^0,c
  3979   0009A8  0E00               	movlw	0
  3980   0009AA  6E15               	movwf	(___flmul@a+2)^0,c
  3981   0009AC  0E00               	movlw	0
  3982   0009AE  6E16               	movwf	(___flmul@a+3)^0,c
  3983   0009B0                     l1020:
  3984   0009B0  5020               	movf	___flmul@aexp^0,w,c
  3985   0009B2  B4D8               	btfsc	status,2,c
  3986   0009B4  EFDE  F004         	goto	u2231
  3987   0009B8  EFE0  F004         	goto	u2230
  3988   0009BC                     u2231:
  3989   0009BC  EFE8  F004         	goto	l2879
  3990   0009C0                     u2230:
  3991   0009C0  5021               	movf	___flmul@bexp^0,w,c
  3992   0009C2  A4D8               	btfss	status,2,c
  3993   0009C4  EFE6  F004         	goto	u2241
  3994   0009C8  EFE8  F004         	goto	u2240
  3995   0009CC                     u2241:
  3996   0009CC  EFF2  F004         	goto	l2883
  3997   0009D0                     u2240:
  3998   0009D0                     l2879:
  3999   0009D0  0E00               	movlw	0
  4000   0009D2  6E0F               	movwf	?___flmul^0,c
  4001   0009D4  0E00               	movlw	0
  4002   0009D6  6E10               	movwf	(?___flmul+1)^0,c
  4003   0009D8  0E00               	movlw	0
  4004   0009DA  6E11               	movwf	(?___flmul+2)^0,c
  4005   0009DC  0E00               	movlw	0
  4006   0009DE  6E12               	movwf	(?___flmul+3)^0,c
  4007   0009E0  EF88  F006         	goto	l1024
  4008   0009E4                     l2883:
  4009   0009E4  5015               	movf	(___flmul@a+2)^0,w,c
  4010   0009E6  020F               	mulwf	___flmul@b^0,c
  4011   0009E8  CFF3 F026          	movff	prodl,___flmul@temp
  4012   0009EC  CFF4 F027          	movff	prodh,___flmul@temp+1
  4013   0009F0  5026               	movf	___flmul@temp^0,w,c
  4014   0009F2  6E1C               	movwf	___flmul@grs^0,c
  4015   0009F4  6A1D               	clrf	(___flmul@grs+1)^0,c
  4016   0009F6  6A1E               	clrf	(___flmul@grs+2)^0,c
  4017   0009F8  6A1F               	clrf	(___flmul@grs+3)^0,c
  4018   0009FA  5027               	movf	(___flmul@temp+1)^0,w,c
  4019   0009FC  6E22               	movwf	___flmul@prod^0,c
  4020   0009FE  6A23               	clrf	(___flmul@prod+1)^0,c
  4021   000A00  6A24               	clrf	(___flmul@prod+2)^0,c
  4022   000A02  6A25               	clrf	(___flmul@prod+3)^0,c
  4023   000A04  5014               	movf	(___flmul@a+1)^0,w,c
  4024   000A06  0210               	mulwf	(___flmul@b+1)^0,c
  4025   000A08  CFF3 F026          	movff	prodl,___flmul@temp
  4026   000A0C  CFF4 F027          	movff	prodh,___flmul@temp+1
  4027   000A10  5026               	movf	___flmul@temp^0,w,c
  4028   000A12  261C               	addwf	___flmul@grs^0,f,c
  4029   000A14  0E00               	movlw	0
  4030   000A16  221D               	addwfc	(___flmul@grs+1)^0,f,c
  4031   000A18  221E               	addwfc	(___flmul@grs+2)^0,f,c
  4032   000A1A  221F               	addwfc	(___flmul@grs+3)^0,f,c
  4033   000A1C  5027               	movf	(___flmul@temp+1)^0,w,c
  4034   000A1E  2622               	addwf	___flmul@prod^0,f,c
  4035   000A20  0E00               	movlw	0
  4036   000A22  2223               	addwfc	(___flmul@prod+1)^0,f,c
  4037   000A24  2224               	addwfc	(___flmul@prod+2)^0,f,c
  4038   000A26  2225               	addwfc	(___flmul@prod+3)^0,f,c
  4039   000A28  5013               	movf	___flmul@a^0,w,c
  4040   000A2A  0211               	mulwf	(___flmul@b+2)^0,c
  4041   000A2C  CFF3 F026          	movff	prodl,___flmul@temp
  4042   000A30  CFF4 F027          	movff	prodh,___flmul@temp+1
  4043   000A34  5026               	movf	___flmul@temp^0,w,c
  4044   000A36  261C               	addwf	___flmul@grs^0,f,c
  4045   000A38  0E00               	movlw	0
  4046   000A3A  221D               	addwfc	(___flmul@grs+1)^0,f,c
  4047   000A3C  221E               	addwfc	(___flmul@grs+2)^0,f,c
  4048   000A3E  221F               	addwfc	(___flmul@grs+3)^0,f,c
  4049   000A40  5027               	movf	(___flmul@temp+1)^0,w,c
  4050   000A42  2622               	addwf	___flmul@prod^0,f,c
  4051   000A44  0E00               	movlw	0
  4052   000A46  2223               	addwfc	(___flmul@prod+1)^0,f,c
  4053   000A48  2224               	addwfc	(___flmul@prod+2)^0,f,c
  4054   000A4A  2225               	addwfc	(___flmul@prod+3)^0,f,c
  4055   000A4C  C01E  F01F         	movff	___flmul@grs+2,___flmul@grs+3
  4056   000A50  C01D  F01E         	movff	___flmul@grs+1,___flmul@grs+2
  4057   000A54  C01C  F01D         	movff	___flmul@grs,___flmul@grs+1
  4058   000A58  6A1C               	clrf	___flmul@grs^0,c
  4059   000A5A  5013               	movf	___flmul@a^0,w,c
  4060   000A5C  0210               	mulwf	(___flmul@b+1)^0,c
  4061   000A5E  CFF3 F026          	movff	prodl,___flmul@temp
  4062   000A62  CFF4 F027          	movff	prodh,___flmul@temp+1
  4063   000A66  5026               	movf	___flmul@temp^0,w,c
  4064   000A68  261C               	addwf	___flmul@grs^0,f,c
  4065   000A6A  5027               	movf	(___flmul@temp+1)^0,w,c
  4066   000A6C  221D               	addwfc	(___flmul@grs+1)^0,f,c
  4067   000A6E  0E00               	movlw	0
  4068   000A70  221E               	addwfc	(___flmul@grs+2)^0,f,c
  4069   000A72  0E00               	movlw	0
  4070   000A74  221F               	addwfc	(___flmul@grs+3)^0,f,c
  4071   000A76  5014               	movf	(___flmul@a+1)^0,w,c
  4072   000A78  020F               	mulwf	___flmul@b^0,c
  4073   000A7A  CFF3 F026          	movff	prodl,___flmul@temp
  4074   000A7E  CFF4 F027          	movff	prodh,___flmul@temp+1
  4075   000A82  5026               	movf	___flmul@temp^0,w,c
  4076   000A84  261C               	addwf	___flmul@grs^0,f,c
  4077   000A86  5027               	movf	(___flmul@temp+1)^0,w,c
  4078   000A88  221D               	addwfc	(___flmul@grs+1)^0,f,c
  4079   000A8A  0E00               	movlw	0
  4080   000A8C  221E               	addwfc	(___flmul@grs+2)^0,f,c
  4081   000A8E  0E00               	movlw	0
  4082   000A90  221F               	addwfc	(___flmul@grs+3)^0,f,c
  4083   000A92  C01E  F01F         	movff	___flmul@grs+2,___flmul@grs+3
  4084   000A96  C01D  F01E         	movff	___flmul@grs+1,___flmul@grs+2
  4085   000A9A  C01C  F01D         	movff	___flmul@grs,___flmul@grs+1
  4086   000A9E  6A1C               	clrf	___flmul@grs^0,c
  4087   000AA0  5013               	movf	___flmul@a^0,w,c
  4088   000AA2  020F               	mulwf	___flmul@b^0,c
  4089   000AA4  CFF3 F026          	movff	prodl,___flmul@temp
  4090   000AA8  CFF4 F027          	movff	prodh,___flmul@temp+1
  4091   000AAC  5026               	movf	___flmul@temp^0,w,c
  4092   000AAE  261C               	addwf	___flmul@grs^0,f,c
  4093   000AB0  5027               	movf	(___flmul@temp+1)^0,w,c
  4094   000AB2  221D               	addwfc	(___flmul@grs+1)^0,f,c
  4095   000AB4  0E00               	movlw	0
  4096   000AB6  221E               	addwfc	(___flmul@grs+2)^0,f,c
  4097   000AB8  0E00               	movlw	0
  4098   000ABA  221F               	addwfc	(___flmul@grs+3)^0,f,c
  4099   000ABC  5015               	movf	(___flmul@a+2)^0,w,c
  4100   000ABE  0210               	mulwf	(___flmul@b+1)^0,c
  4101   000AC0  CFF3 F026          	movff	prodl,___flmul@temp
  4102   000AC4  CFF4 F027          	movff	prodh,___flmul@temp+1
  4103   000AC8  5026               	movf	___flmul@temp^0,w,c
  4104   000ACA  2622               	addwf	___flmul@prod^0,f,c
  4105   000ACC  5027               	movf	(___flmul@temp+1)^0,w,c
  4106   000ACE  2223               	addwfc	(___flmul@prod+1)^0,f,c
  4107   000AD0  0E00               	movlw	0
  4108   000AD2  2224               	addwfc	(___flmul@prod+2)^0,f,c
  4109   000AD4  0E00               	movlw	0
  4110   000AD6  2225               	addwfc	(___flmul@prod+3)^0,f,c
  4111   000AD8  5014               	movf	(___flmul@a+1)^0,w,c
  4112   000ADA  0211               	mulwf	(___flmul@b+2)^0,c
  4113   000ADC  CFF3 F026          	movff	prodl,___flmul@temp
  4114   000AE0  CFF4 F027          	movff	prodh,___flmul@temp+1
  4115   000AE4  5026               	movf	___flmul@temp^0,w,c
  4116   000AE6  2622               	addwf	___flmul@prod^0,f,c
  4117   000AE8  5027               	movf	(___flmul@temp+1)^0,w,c
  4118   000AEA  2223               	addwfc	(___flmul@prod+1)^0,f,c
  4119   000AEC  0E00               	movlw	0
  4120   000AEE  2224               	addwfc	(___flmul@prod+2)^0,f,c
  4121   000AF0  0E00               	movlw	0
  4122   000AF2  2225               	addwfc	(___flmul@prod+3)^0,f,c
  4123   000AF4  5015               	movf	(___flmul@a+2)^0,w,c
  4124   000AF6  0211               	mulwf	(___flmul@b+2)^0,c
  4125   000AF8  CFF3 F026          	movff	prodl,___flmul@temp
  4126   000AFC  CFF4 F027          	movff	prodh,___flmul@temp+1
  4127   000B00  5026               	movf	___flmul@temp^0,w,c
  4128   000B02  6E17               	movwf	??___flmul^0,c
  4129   000B04  5027               	movf	(___flmul@temp+1)^0,w,c
  4130   000B06  6E18               	movwf	(??___flmul+1)^0,c
  4131   000B08  6A19               	clrf	(??___flmul+2)^0,c
  4132   000B0A  6A1A               	clrf	(??___flmul+3)^0,c
  4133   000B0C  C019  F01A         	movff	??___flmul+2,??___flmul+3
  4134   000B10  C018  F019         	movff	??___flmul+1,??___flmul+2
  4135   000B14  C017  F018         	movff	??___flmul,??___flmul+1
  4136   000B18  6A17               	clrf	??___flmul^0,c
  4137   000B1A  5017               	movf	??___flmul^0,w,c
  4138   000B1C  2622               	addwf	___flmul@prod^0,f,c
  4139   000B1E  5018               	movf	(??___flmul+1)^0,w,c
  4140   000B20  2223               	addwfc	(___flmul@prod+1)^0,f,c
  4141   000B22  5019               	movf	(??___flmul+2)^0,w,c
  4142   000B24  2224               	addwfc	(___flmul@prod+2)^0,f,c
  4143   000B26  501A               	movf	(??___flmul+3)^0,w,c
  4144   000B28  2225               	addwfc	(___flmul@prod+3)^0,f,c
  4145   000B2A  C01C  F017         	movff	___flmul@grs,??___flmul
  4146   000B2E  C01D  F018         	movff	___flmul@grs+1,??___flmul+1
  4147   000B32  C01E  F019         	movff	___flmul@grs+2,??___flmul+2
  4148   000B36  C01F  F01A         	movff	___flmul@grs+3,??___flmul+3
  4149   000B3A  0E19               	movlw	25
  4150   000B3C  EFA5  F005         	goto	u2250
  4151   000B40                     u2255:
  4152   000B40  90D8               	bcf	status,0,c
  4153   000B42  321A               	rrcf	(??___flmul+3)^0,f,c
  4154   000B44  3219               	rrcf	(??___flmul+2)^0,f,c
  4155   000B46  3218               	rrcf	(??___flmul+1)^0,f,c
  4156   000B48  3217               	rrcf	??___flmul^0,f,c
  4157   000B4A                     u2250:
  4158   000B4A  2EE8               	decfsz	wreg,f,c
  4159   000B4C  EFA0  F005         	goto	u2255
  4160   000B50  5017               	movf	??___flmul^0,w,c
  4161   000B52  2622               	addwf	___flmul@prod^0,f,c
  4162   000B54  5018               	movf	(??___flmul+1)^0,w,c
  4163   000B56  2223               	addwfc	(___flmul@prod+1)^0,f,c
  4164   000B58  5019               	movf	(??___flmul+2)^0,w,c
  4165   000B5A  2224               	addwfc	(___flmul@prod+2)^0,f,c
  4166   000B5C  501A               	movf	(??___flmul+3)^0,w,c
  4167   000B5E  2225               	addwfc	(___flmul@prod+3)^0,f,c
  4168   000B60  C01E  F01F         	movff	___flmul@grs+2,___flmul@grs+3
  4169   000B64  C01D  F01E         	movff	___flmul@grs+1,___flmul@grs+2
  4170   000B68  C01C  F01D         	movff	___flmul@grs,___flmul@grs+1
  4171   000B6C  6A1C               	clrf	___flmul@grs^0,c
  4172   000B6E  5020               	movf	___flmul@aexp^0,w,c
  4173   000B70  C021  F017         	movff	___flmul@bexp,??___flmul
  4174   000B74  6A18               	clrf	(??___flmul+1)^0,c
  4175   000B76  2617               	addwf	??___flmul^0,f,c
  4176   000B78  0E00               	movlw	0
  4177   000B7A  2218               	addwfc	(??___flmul+1)^0,f,c
  4178   000B7C  0E82               	movlw	130
  4179   000B7E  2417               	addwf	??___flmul^0,w,c
  4180   000B80  6E26               	movwf	___flmul@temp^0,c
  4181   000B82  0EFF               	movlw	255
  4182   000B84  2018               	addwfc	(??___flmul+1)^0,w,c
  4183   000B86  6E27               	movwf	(___flmul@temp+1)^0,c
  4184   000B88  EFDB  F005         	goto	l2931
  4185   000B8C                     l2925:
  4186   000B8C  90D8               	bcf	status,0,c
  4187   000B8E  3622               	rlcf	___flmul@prod^0,f,c
  4188   000B90  3623               	rlcf	(___flmul@prod+1)^0,f,c
  4189   000B92  3624               	rlcf	(___flmul@prod+2)^0,f,c
  4190   000B94  3625               	rlcf	(___flmul@prod+3)^0,f,c
  4191   000B96  AE1F               	btfss	(___flmul@grs+3)^0,7,c
  4192   000B98  EFD0  F005         	goto	u2261
  4193   000B9C  EFD2  F005         	goto	u2260
  4194   000BA0                     u2261:
  4195   000BA0  EFD3  F005         	goto	l1027
  4196   000BA4                     u2260:
  4197   000BA4  8022               	bsf	___flmul@prod^0,0,c
  4198   000BA6                     l1027:
  4199   000BA6  90D8               	bcf	status,0,c
  4200   000BA8  361C               	rlcf	___flmul@grs^0,f,c
  4201   000BAA  361D               	rlcf	(___flmul@grs+1)^0,f,c
  4202   000BAC  361E               	rlcf	(___flmul@grs+2)^0,f,c
  4203   000BAE  361F               	rlcf	(___flmul@grs+3)^0,f,c
  4204   000BB0  0626               	decf	___flmul@temp^0,f,c
  4205   000BB2  A0D8               	btfss	status,0,c
  4206   000BB4  0627               	decf	(___flmul@temp+1)^0,f,c
  4207   000BB6                     l2931:
  4208   000BB6  AE24               	btfss	(___flmul@prod+2)^0,7,c
  4209   000BB8  EFE0  F005         	goto	u2271
  4210   000BBC  EFE2  F005         	goto	u2270
  4211   000BC0                     u2271:
  4212   000BC0  EFC6  F005         	goto	l2925
  4213   000BC4                     u2270:
  4214   000BC4  6A20               	clrf	___flmul@aexp^0,c
  4215   000BC6  AE1F               	btfss	(___flmul@grs+3)^0,7,c
  4216   000BC8  EFE8  F005         	goto	u2281
  4217   000BCC  EFEA  F005         	goto	u2280
  4218   000BD0                     u2281:
  4219   000BD0  EF0E  F006         	goto	l1029
  4220   000BD4                     u2280:
  4221   000BD4  0EFF               	movlw	255
  4222   000BD6  141C               	andwf	___flmul@grs^0,w,c
  4223   000BD8  6E17               	movwf	??___flmul^0,c
  4224   000BDA  0EFF               	movlw	255
  4225   000BDC  141D               	andwf	(___flmul@grs+1)^0,w,c
  4226   000BDE  6E18               	movwf	(??___flmul+1)^0,c
  4227   000BE0  0EFF               	movlw	255
  4228   000BE2  141E               	andwf	(___flmul@grs+2)^0,w,c
  4229   000BE4  6E19               	movwf	(??___flmul+2)^0,c
  4230   000BE6  0E7F               	movlw	127
  4231   000BE8  141F               	andwf	(___flmul@grs+3)^0,w,c
  4232   000BEA  6E1A               	movwf	(??___flmul+3)^0,c
  4233   000BEC  5017               	movf	??___flmul^0,w,c
  4234   000BEE  1018               	iorwf	(??___flmul+1)^0,w,c
  4235   000BF0  1019               	iorwf	(??___flmul+2)^0,w,c
  4236   000BF2  101A               	iorwf	(??___flmul+3)^0,w,c
  4237   000BF4  B4D8               	btfsc	status,2,c
  4238   000BF6  EFFF  F005         	goto	u2291
  4239   000BFA  EF01  F006         	goto	u2290
  4240   000BFE                     u2291:
  4241   000BFE  EF05  F006         	goto	l1030
  4242   000C02                     u2290:
  4243   000C02                     l2935:
  4244   000C02  0E01               	movlw	1
  4245   000C04  6E20               	movwf	___flmul@aexp^0,c
  4246   000C06  EF0E  F006         	goto	l1029
  4247   000C0A                     l1030:
  4248   000C0A  A022               	btfss	___flmul@prod^0,0,c
  4249   000C0C  EF0A  F006         	goto	u2301
  4250   000C10  EF0C  F006         	goto	u2300
  4251   000C14                     u2301:
  4252   000C14  EF0E  F006         	goto	l1029
  4253   000C18                     u2300:
  4254   000C18  EF01  F006         	goto	l2935
  4255   000C1C                     l1029:
  4256   000C1C  5020               	movf	___flmul@aexp^0,w,c
  4257   000C1E  B4D8               	btfsc	status,2,c
  4258   000C20  EF14  F006         	goto	u2311
  4259   000C24  EF16  F006         	goto	u2310
  4260   000C28                     u2311:
  4261   000C28  EF3A  F006         	goto	l2947
  4262   000C2C                     u2310:
  4263   000C2C  0E01               	movlw	1
  4264   000C2E  2622               	addwf	___flmul@prod^0,f,c
  4265   000C30  0E00               	movlw	0
  4266   000C32  2223               	addwfc	(___flmul@prod+1)^0,f,c
  4267   000C34  2224               	addwfc	(___flmul@prod+2)^0,f,c
  4268   000C36  2225               	addwfc	(___flmul@prod+3)^0,f,c
  4269   000C38  A025               	btfss	(___flmul@prod+3)^0,0,c
  4270   000C3A  EF21  F006         	goto	u2321
  4271   000C3E  EF23  F006         	goto	u2320
  4272   000C42                     u2321:
  4273   000C42  EF3A  F006         	goto	l2947
  4274   000C46                     u2320:
  4275   000C46  C022  F017         	movff	___flmul@prod,??___flmul
  4276   000C4A  C023  F018         	movff	___flmul@prod+1,??___flmul+1
  4277   000C4E  C024  F019         	movff	___flmul@prod+2,??___flmul+2
  4278   000C52  C025  F01A         	movff	___flmul@prod+3,??___flmul+3
  4279   000C56  341A               	rlcf	(??___flmul+3)^0,w,c
  4280   000C58  321A               	rrcf	(??___flmul+3)^0,f,c
  4281   000C5A  3219               	rrcf	(??___flmul+2)^0,f,c
  4282   000C5C  3218               	rrcf	(??___flmul+1)^0,f,c
  4283   000C5E  3217               	rrcf	??___flmul^0,f,c
  4284   000C60  C017  F022         	movff	??___flmul,___flmul@prod
  4285   000C64  C018  F023         	movff	??___flmul+1,___flmul@prod+1
  4286   000C68  C019  F024         	movff	??___flmul+2,___flmul@prod+2
  4287   000C6C  C01A  F025         	movff	??___flmul+3,___flmul@prod+3
  4288   000C70  4A26               	infsnz	___flmul@temp^0,f,c
  4289   000C72  2A27               	incf	(___flmul@temp+1)^0,f,c
  4290   000C74                     l2947:
  4291   000C74  BE27               	btfsc	(___flmul@temp+1)^0,7,c
  4292   000C76  EF45  F006         	goto	u2331
  4293   000C7A  5027               	movf	(___flmul@temp+1)^0,w,c
  4294   000C7C  E108               	bnz	u2330
  4295   000C7E  2826               	incf	___flmul@temp^0,w,c
  4296   000C80  A0D8               	btfss	status,0,c
  4297   000C82  EF45  F006         	goto	u2331
  4298   000C86  EF47  F006         	goto	u2330
  4299   000C8A                     u2331:
  4300   000C8A  EF51  F006         	goto	l2951
  4301   000C8E                     u2330:
  4302   000C8E  0E00               	movlw	0
  4303   000C90  6E22               	movwf	___flmul@prod^0,c
  4304   000C92  0E00               	movlw	0
  4305   000C94  6E23               	movwf	(___flmul@prod+1)^0,c
  4306   000C96  0E80               	movlw	128
  4307   000C98  6E24               	movwf	(___flmul@prod+2)^0,c
  4308   000C9A  0E7F               	movlw	127
  4309   000C9C  6E25               	movwf	(___flmul@prod+3)^0,c
  4310   000C9E  EF7E  F006         	goto	l2965
  4311   000CA2                     l2951:
  4312   000CA2  BE27               	btfsc	(___flmul@temp+1)^0,7,c
  4313   000CA4  EF5E  F006         	goto	u2340
  4314   000CA8  5027               	movf	(___flmul@temp+1)^0,w,c
  4315   000CAA  E106               	bnz	u2341
  4316   000CAC  0426               	decf	___flmul@temp^0,w,c
  4317   000CAE  B0D8               	btfsc	status,0,c
  4318   000CB0  EF5C  F006         	goto	u2341
  4319   000CB4  EF5E  F006         	goto	u2340
  4320   000CB8                     u2341:
  4321   000CB8  EF69  F006         	goto	l1037
  4322   000CBC                     u2340:
  4323   000CBC  0E00               	movlw	0
  4324   000CBE  6E22               	movwf	___flmul@prod^0,c
  4325   000CC0  0E00               	movlw	0
  4326   000CC2  6E23               	movwf	(___flmul@prod+1)^0,c
  4327   000CC4  0E00               	movlw	0
  4328   000CC6  6E24               	movwf	(___flmul@prod+2)^0,c
  4329   000CC8  0E00               	movlw	0
  4330   000CCA  6E25               	movwf	(___flmul@prod+3)^0,c
  4331   000CCC  6A1B               	clrf	___flmul@sign^0,c
  4332   000CCE  EF7E  F006         	goto	l2965
  4333   000CD2                     l1037:
  4334   000CD2  C026  F021         	movff	___flmul@temp,___flmul@bexp
  4335   000CD6  0EFF               	movlw	255
  4336   000CD8  1622               	andwf	___flmul@prod^0,f,c
  4337   000CDA  0EFF               	movlw	255
  4338   000CDC  1623               	andwf	(___flmul@prod+1)^0,f,c
  4339   000CDE  0E7F               	movlw	127
  4340   000CE0  1624               	andwf	(___flmul@prod+2)^0,f,c
  4341   000CE2  0E00               	movlw	0
  4342   000CE4  1625               	andwf	(___flmul@prod+3)^0,f,c
  4343   000CE6  A021               	btfss	___flmul@bexp^0,0,c
  4344   000CE8  EF78  F006         	goto	u2351
  4345   000CEC  EF7A  F006         	goto	u2350
  4346   000CF0                     u2351:
  4347   000CF0  EF7B  F006         	goto	l2963
  4348   000CF4                     u2350:
  4349   000CF4  8E24               	bsf	(___flmul@prod+2)^0,7,c
  4350   000CF6                     l2963:
  4351   000CF6  90D8               	bcf	status,0,c
  4352   000CF8  3021               	rrcf	___flmul@bexp^0,w,c
  4353   000CFA  6E25               	movwf	(___flmul@prod+3)^0,c
  4354   000CFC                     l2965:
  4355   000CFC  501B               	movf	___flmul@sign^0,w,c
  4356   000CFE  1225               	iorwf	(___flmul@prod+3)^0,f,c
  4357   000D00  C022  F00F         	movff	___flmul@prod,?___flmul
  4358   000D04  C023  F010         	movff	___flmul@prod+1,?___flmul+1
  4359   000D08  C024  F011         	movff	___flmul@prod+2,?___flmul+2
  4360   000D0C  C025  F012         	movff	___flmul@prod+3,?___flmul+3
  4361   000D10                     l1024:
  4362   000D10  0012               	return		;funcret
  4363   000D12                     __end_of___flmul:
  4364                           	callstack 0
  4365                           
  4366 ;; *************** function _leer_aire *****************
  4367 ;; Defined at:
  4368 ;;		line 20 in file "sensores.c"
  4369 ;; Parameters:    Size  Location     Type
  4370 ;;		None
  4371 ;; Auto vars:     Size  Location     Type
  4372 ;;		None
  4373 ;; Return value:  Size  Location     Type
  4374 ;;                  2    4[COMRAM] int 
  4375 ;; Registers used:
  4376 ;;		wreg, status,2, status,0, cstack
  4377 ;; Tracked objects:
  4378 ;;		On entry : 0/0
  4379 ;;		On exit  : 0/0
  4380 ;;		Unchanged: 0/0
  4381 ;; Data sizes:     COMRAM   BANK0   BANK1   BANK2   BANK3   BANK4   BANK5   BANK6   BANK7
  4382 ;;      Params:         2       0       0       0       0       0       0       0       0
  4383 ;;      Locals:         0       0       0       0       0       0       0       0       0
  4384 ;;      Temps:          0       0       0       0       0       0       0       0       0
  4385 ;;      Totals:         2       0       0       0       0       0       0       0       0
  4386 ;;Total ram usage:        2 bytes
  4387 ;; Hardware stack levels used: 1
  4388 ;; Hardware stack levels required when called: 1
  4389 ;; This function calls:
  4390 ;;		_leer_adc
  4391 ;; This function is called by:
  4392 ;;		_main
  4393 ;; This function uses a non-reentrant model
  4394 ;;
  4395                           
  4396                           	psect	text12
  4397   0025DA                     __ptext12:
  4398                           	callstack 0
  4399   0025DA                     _leer_aire:
  4400                           	callstack 29
  4401   0025DA                     
  4402                           ;sensores.c: 21:     return leer_adc(2);
  4403   0025DA  6A02               	clrf	(leer_adc@canal+1)^0,c
  4404   0025DC  0E02               	movlw	2
  4405   0025DE  6E01               	movwf	leer_adc@canal^0,c
  4406   0025E0  ECA9  F011         	call	_leer_adc	;wreg free
  4407   0025E4  C001  F005         	movff	?_leer_adc,?_leer_aire
  4408   0025E8  C002  F006         	movff	?_leer_adc+1,?_leer_aire+1
  4409   0025EC  0012               	return		;funcret
  4410   0025EE                     __end_of_leer_aire:
  4411                           	callstack 0
  4412                           
  4413 ;; *************** function _leer_adc *****************
  4414 ;; Defined at:
  4415 ;;		line 17 in file "adc.c"
  4416 ;; Parameters:    Size  Location     Type
  4417 ;;  canal           2    0[COMRAM] int 
  4418 ;; Auto vars:     Size  Location     Type
  4419 ;;		None
  4420 ;; Return value:  Size  Location     Type
  4421 ;;                  2    0[COMRAM] int 
  4422 ;; Registers used:
  4423 ;;		wreg, status,2, status,0
  4424 ;; Tracked objects:
  4425 ;;		On entry : 0/0
  4426 ;;		On exit  : 0/0
  4427 ;;		Unchanged: 0/0
  4428 ;; Data sizes:     COMRAM   BANK0   BANK1   BANK2   BANK3   BANK4   BANK5   BANK6   BANK7
  4429 ;;      Params:         2       0       0       0       0       0       0       0       0
  4430 ;;      Locals:         0       0       0       0       0       0       0       0       0
  4431 ;;      Temps:          2       0       0       0       0       0       0       0       0
  4432 ;;      Totals:         4       0       0       0       0       0       0       0       0
  4433 ;;Total ram usage:        4 bytes
  4434 ;; Hardware stack levels used: 1
  4435 ;; This function calls:
  4436 ;;		Nothing
  4437 ;; This function is called by:
  4438 ;;		_leer_temperatura
  4439 ;;		_leer_aire
  4440 ;; This function uses a non-reentrant model
  4441 ;;
  4442                           
  4443                           	psect	text13
  4444   002352                     __ptext13:
  4445                           	callstack 0
  4446   002352                     _leer_adc:
  4447                           	callstack 29
  4448   002352                     
  4449                           ;adc.c: 18:     ADCON0bits.CHS = (unsigned char)canal;
  4450   002352  C001  F003         	movff	leer_adc@canal,??_leer_adc
  4451   002356  4603               	rlncf	??_leer_adc^0,f,c
  4452   002358  4603               	rlncf	??_leer_adc^0,f,c
  4453   00235A  50C2               	movf	194,w,c	;volatile
  4454   00235C  1803               	xorwf	??_leer_adc^0,w,c
  4455   00235E  0BC3               	andlw	-61
  4456   002360  1803               	xorwf	??_leer_adc^0,w,c
  4457   002362  6EC2               	movwf	194,c	;volatile
  4458   002364                     
  4459                           ;adc.c: 19:     _delay((unsigned long)((20)*(8000000/4000000.0)));
  4460   002364  0E0D               	movlw	13
  4461   002366                     u2747:
  4462   002366  2EE8               	decfsz	wreg,f,c
  4463   002368  D7FE               	bra	u2747
  4464   00236A  0000               	nop	
  4465   00236C                     
  4466                           ;adc.c: 20:     GO_nDONE = 1;
  4467   00236C  82C2               	bsf	4034,1,c	;volatile
  4468   00236E                     l85:
  4469   00236E  B2C2               	btfsc	4034,1,c	;volatile
  4470   002370  EFBC  F011         	goto	u1771
  4471   002374  EFBE  F011         	goto	u1770
  4472   002378                     u1771:
  4473   002378  EFB7  F011         	goto	l85
  4474   00237C                     u1770:
  4475   00237C                     
  4476                           ;adc.c: 22:     return ((int)(ADRESH << 8) | ADRESL);
  4477   00237C  50C3               	movf	195,w,c	;volatile
  4478   00237E  CFC4 F003          	movff	4036,??_leer_adc	;volatile
  4479   002382  6A04               	clrf	(??_leer_adc+1)^0,c
  4480   002384  C003  F004         	movff	??_leer_adc,??_leer_adc+1
  4481   002388  6A03               	clrf	??_leer_adc^0,c
  4482   00238A  1003               	iorwf	??_leer_adc^0,w,c
  4483   00238C  6E01               	movwf	?_leer_adc^0,c
  4484   00238E  5004               	movf	(??_leer_adc+1)^0,w,c
  4485   002390  6E02               	movwf	(?_leer_adc+1)^0,c
  4486   002392  0012               	return		;funcret
  4487   002394                     __end_of_leer_adc:
  4488                           	callstack 0
  4489                           
  4490 ;; *************** function _init_PWM *****************
  4491 ;; Defined at:
  4492 ;;		line 5 in file "pwm.c"
  4493 ;; Parameters:    Size  Location     Type
  4494 ;;		None
  4495 ;; Auto vars:     Size  Location     Type
  4496 ;;		None
  4497 ;; Return value:  Size  Location     Type
  4498 ;;                  1    wreg      void 
  4499 ;; Registers used:
  4500 ;;		wreg, status,2
  4501 ;; Tracked objects:
  4502 ;;		On entry : 0/0
  4503 ;;		On exit  : 0/0
  4504 ;;		Unchanged: 0/0
  4505 ;; Data sizes:     COMRAM   BANK0   BANK1   BANK2   BANK3   BANK4   BANK5   BANK6   BANK7
  4506 ;;      Params:         0       0       0       0       0       0       0       0       0
  4507 ;;      Locals:         0       0       0       0       0       0       0       0       0
  4508 ;;      Temps:          0       0       0       0       0       0       0       0       0
  4509 ;;      Totals:         0       0       0       0       0       0       0       0       0
  4510 ;;Total ram usage:        0 bytes
  4511 ;; Hardware stack levels used: 1
  4512 ;; This function calls:
  4513 ;;		Nothing
  4514 ;; This function is called by:
  4515 ;;		_main
  4516 ;; This function uses a non-reentrant model
  4517 ;;
  4518                           
  4519                           	psect	text14
  4520   0025FE                     __ptext14:
  4521                           	callstack 0
  4522   0025FE                     _init_PWM:
  4523                           	callstack 30
  4524   0025FE                     
  4525                           ;pwm.c: 7:     TRISCbits.TRISC2 = 0;
  4526   0025FE  9494               	bcf	148,2,c	;volatile
  4527                           
  4528                           ;pwm.c: 9:     PR2 = 255;
  4529   002600  68CB               	setf	203,c	;volatile
  4530   002602                     
  4531                           ;pwm.c: 11:     CCP1CON = 0b00001100;
  4532   002602  0E0C               	movlw	12
  4533   002604  6EBD               	movwf	189,c	;volatile
  4534                           
  4535                           ;pwm.c: 13:     T2CON = 0b00000100;
  4536   002606  0E04               	movlw	4
  4537   002608  6ECA               	movwf	202,c	;volatile
  4538   00260A  0012               	return		;funcret
  4539   00260C                     __end_of_init_PWM:
  4540                           	callstack 0
  4541                           
  4542 ;; *************** function _init_ADC *****************
  4543 ;; Defined at:
  4544 ;;		line 5 in file "adc.c"
  4545 ;; Parameters:    Size  Location     Type
  4546 ;;		None
  4547 ;; Auto vars:     Size  Location     Type
  4548 ;;		None
  4549 ;; Return value:  Size  Location     Type
  4550 ;;                  1    wreg      void 
  4551 ;; Registers used:
  4552 ;;		wreg, status,2
  4553 ;; Tracked objects:
  4554 ;;		On entry : 0/0
  4555 ;;		On exit  : 0/0
  4556 ;;		Unchanged: 0/0
  4557 ;; Data sizes:     COMRAM   BANK0   BANK1   BANK2   BANK3   BANK4   BANK5   BANK6   BANK7
  4558 ;;      Params:         0       0       0       0       0       0       0       0       0
  4559 ;;      Locals:         0       0       0       0       0       0       0       0       0
  4560 ;;      Temps:          0       0       0       0       0       0       0       0       0
  4561 ;;      Totals:         0       0       0       0       0       0       0       0       0
  4562 ;;Total ram usage:        0 bytes
  4563 ;; Hardware stack levels used: 1
  4564 ;; This function calls:
  4565 ;;		Nothing
  4566 ;; This function is called by:
  4567 ;;		_main
  4568 ;; This function uses a non-reentrant model
  4569 ;;
  4570                           
  4571                           	psect	text15
  4572   0025C4                     __ptext15:
  4573                           	callstack 0
  4574   0025C4                     _init_ADC:
  4575                           	callstack 30
  4576   0025C4                     
  4577                           ;adc.c: 8:     ADCON1 = 0x0D;
  4578   0025C4  0E0D               	movlw	13
  4579   0025C6  6EC1               	movwf	193,c	;volatile
  4580                           
  4581                           ;adc.c: 11:     ADCON2 = 0xAA;
  4582   0025C8  0EAA               	movlw	170
  4583   0025CA  6EC0               	movwf	192,c	;volatile
  4584                           
  4585                           ;adc.c: 13:     ADCON0 = 0x01;
  4586   0025CC  0E01               	movlw	1
  4587   0025CE  6EC2               	movwf	194,c	;volatile
  4588   0025D0                     
  4589                           ;adc.c: 14:     _delay((unsigned long)((50)*(8000000/4000000.0)));
  4590   0025D0  0E21               	movlw	33
  4591   0025D2                     u2757:
  4592   0025D2  2EE8               	decfsz	wreg,f,c
  4593   0025D4  D7FE               	bra	u2757
  4594   0025D6  0000               	nop	
  4595   0025D8  0012               	return		;funcret
  4596   0025DA                     __end_of_init_ADC:
  4597                           	callstack 0
  4598                           
  4599 ;; *************** function _control_ventilador *****************
  4600 ;; Defined at:
  4601 ;;		line 77 in file "control.c"
  4602 ;; Parameters:    Size  Location     Type
  4603 ;;  aire            2   21[COMRAM] int 
  4604 ;;  H               4   23[COMRAM] float 
  4605 ;; Auto vars:     Size  Location     Type
  4606 ;;		None
  4607 ;; Return value:  Size  Location     Type
  4608 ;;                  1    wreg      void 
  4609 ;; Registers used:
  4610 ;;		wreg, status,2, status,0, cstack
  4611 ;; Tracked objects:
  4612 ;;		On entry : 0/0
  4613 ;;		On exit  : 0/0
  4614 ;;		Unchanged: 0/0
  4615 ;; Data sizes:     COMRAM   BANK0   BANK1   BANK2   BANK3   BANK4   BANK5   BANK6   BANK7
  4616 ;;      Params:         6       0       0       0       0       0       0       0       0
  4617 ;;      Locals:         0       0       0       0       0       0       0       0       0
  4618 ;;      Temps:          0       0       0       0       0       0       0       0       0
  4619 ;;      Totals:         6       0       0       0       0       0       0       0       0
  4620 ;;Total ram usage:        6 bytes
  4621 ;; Hardware stack levels used: 1
  4622 ;; Hardware stack levels required when called: 2
  4623 ;; This function calls:
  4624 ;;		_actualizar_ventilador
  4625 ;; This function is called by:
  4626 ;;		_main
  4627 ;; This function uses a non-reentrant model
  4628 ;;
  4629                           
  4630                           	psect	text16
  4631   00256A                     __ptext16:
  4632                           	callstack 0
  4633   00256A                     _control_ventilador:
  4634                           	callstack 28
  4635   00256A                     
  4636                           ;control.c: 78:     actualizar_ventilador(aire, H);
  4637   00256A  C016  F00D         	movff	control_ventilador@aire,actualizar_ventilador@aire
  4638   00256E  C017  F00E         	movff	control_ventilador@aire+1,actualizar_ventilador@aire+1
  4639   002572  C018  F00F         	movff	control_ventilador@H,actualizar_ventilador@H
  4640   002576  C019  F010         	movff	control_ventilador@H+1,actualizar_ventilador@H+1
  4641   00257A  C01A  F011         	movff	control_ventilador@H+2,actualizar_ventilador@H+2
  4642   00257E  C01B  F012         	movff	control_ventilador@H+3,actualizar_ventilador@H+3
  4643   002582  EC2B  F00B         	call	_actualizar_ventilador	;wreg free
  4644   002586  0012               	return		;funcret
  4645   002588                     __end_of_control_ventilador:
  4646                           	callstack 0
  4647                           
  4648 ;; *************** function _actualizar_ventilador *****************
  4649 ;; Defined at:
  4650 ;;		line 24 in file "control.c"
  4651 ;; Parameters:    Size  Location     Type
  4652 ;;  aire            2   12[COMRAM] int 
  4653 ;;  H               4   14[COMRAM] float 
  4654 ;; Auto vars:     Size  Location     Type
  4655 ;;  duty_objetiv    2   19[COMRAM] int 
  4656 ;; Return value:  Size  Location     Type
  4657 ;;                  1    wreg      void 
  4658 ;; Registers used:
  4659 ;;		wreg, status,2, status,0, cstack
  4660 ;; Tracked objects:
  4661 ;;		On entry : 0/0
  4662 ;;		On exit  : 0/0
  4663 ;;		Unchanged: 0/0
  4664 ;; Data sizes:     COMRAM   BANK0   BANK1   BANK2   BANK3   BANK4   BANK5   BANK6   BANK7
  4665 ;;      Params:         6       0       0       0       0       0       0       0       0
  4666 ;;      Locals:         2       0       0       0       0       0       0       0       0
  4667 ;;      Temps:          1       0       0       0       0       0       0       0       0
  4668 ;;      Totals:         9       0       0       0       0       0       0       0       0
  4669 ;;Total ram usage:        9 bytes
  4670 ;; Hardware stack levels used: 1
  4671 ;; Hardware stack levels required when called: 1
  4672 ;; This function calls:
  4673 ;;		___flge
  4674 ;;		_set_PWM_duty
  4675 ;; This function is called by:
  4676 ;;		_control_ventilador
  4677 ;; This function uses a non-reentrant model
  4678 ;;
  4679                           
  4680                           	psect	text17
  4681   001656                     __ptext17:
  4682                           	callstack 0
  4683   001656                     _actualizar_ventilador:
  4684                           	callstack 28
  4685   001656                     
  4686                           ;control.c: 29:     if (aire > 700) {
  4687   001656  BE0E               	btfsc	(actualizar_ventilador@aire+1)^0,7,c
  4688   001658  EF37  F00B         	goto	u1781
  4689   00165C  0EBD               	movlw	189
  4690   00165E  5C0D               	subwf	actualizar_ventilador@aire^0,w,c
  4691   001660  0E02               	movlw	2
  4692   001662  580E               	subwfb	(actualizar_ventilador@aire+1)^0,w,c
  4693   001664  A0D8               	btfss	status,0,c
  4694   001666  EF37  F00B         	goto	u1781
  4695   00166A  EF39  F00B         	goto	u1780
  4696   00166E                     u1781:
  4697   00166E  EF3E  F00B         	goto	l2589
  4698   001672                     u1780:
  4699   001672                     
  4700                           ;control.c: 30:         duty_objetivo = 1023;
  4701   001672  0E03               	movlw	3
  4702   001674  6E15               	movwf	(actualizar_ventilador@duty_objetivo+1)^0,c
  4703   001676  6814               	setf	actualizar_ventilador@duty_objetivo^0,c
  4704                           
  4705                           ;control.c: 31:     }
  4706   001678  EF7E  F00B         	goto	l2599
  4707   00167C                     l2589:
  4708   00167C  C00F  F001         	movff	actualizar_ventilador@H,___flge@ff1
  4709   001680  C010  F002         	movff	actualizar_ventilador@H+1,___flge@ff1+1
  4710   001684  C011  F003         	movff	actualizar_ventilador@H+2,___flge@ff1+2
  4711   001688  C012  F004         	movff	actualizar_ventilador@H+3,___flge@ff1+3
  4712   00168C  0E00               	movlw	0
  4713   00168E  6E05               	movwf	___flge@ff2^0,c
  4714   001690  0E00               	movlw	0
  4715   001692  6E06               	movwf	(___flge@ff2+1)^0,c
  4716   001694  0E20               	movlw	32
  4717   001696  6E07               	movwf	(___flge@ff2+2)^0,c
  4718   001698  0E42               	movlw	66
  4719   00169A  6E08               	movwf	(___flge@ff2+3)^0,c
  4720   00169C  ECE4  F00C         	call	___flge	;wreg free
  4721   0016A0  B0D8               	btfsc	status,0,c
  4722   0016A2  EF55  F00B         	goto	u1791
  4723   0016A6  EF57  F00B         	goto	u1790
  4724   0016AA                     u1791:
  4725   0016AA  EF5C  F00B         	goto	l2593
  4726   0016AE                     u1790:
  4727   0016AE                     
  4728                           ;control.c: 34:         duty_objetivo = 200;
  4729   0016AE  6A15               	clrf	(actualizar_ventilador@duty_objetivo+1)^0,c
  4730   0016B0  0EC8               	movlw	200
  4731   0016B2  6E14               	movwf	actualizar_ventilador@duty_objetivo^0,c
  4732                           
  4733                           ;control.c: 35:     } else if (H > 45.0) {
  4734   0016B4  EF7E  F00B         	goto	l2599
  4735   0016B8                     l2593:
  4736   0016B8  0E00               	movlw	0
  4737   0016BA  6E01               	movwf	___flge@ff1^0,c
  4738   0016BC  0E00               	movlw	0
  4739   0016BE  6E02               	movwf	(___flge@ff1+1)^0,c
  4740   0016C0  0E34               	movlw	52
  4741   0016C2  6E03               	movwf	(___flge@ff1+2)^0,c
  4742   0016C4  0E42               	movlw	66
  4743   0016C6  6E04               	movwf	(___flge@ff1+3)^0,c
  4744   0016C8  C00F  F005         	movff	actualizar_ventilador@H,___flge@ff2
  4745   0016CC  C010  F006         	movff	actualizar_ventilador@H+1,___flge@ff2+1
  4746   0016D0  C011  F007         	movff	actualizar_ventilador@H+2,___flge@ff2+2
  4747   0016D4  C012  F008         	movff	actualizar_ventilador@H+3,___flge@ff2+3
  4748   0016D8  ECE4  F00C         	call	___flge	;wreg free
  4749   0016DC  B0D8               	btfsc	status,0,c
  4750   0016DE  EF73  F00B         	goto	u1801
  4751   0016E2  EF75  F00B         	goto	u1800
  4752   0016E6                     u1801:
  4753   0016E6  EF7B  F00B         	goto	l2597
  4754   0016EA                     u1800:
  4755   0016EA                     
  4756                           ;control.c: 36:         duty_objetivo = 900;
  4757   0016EA  0E03               	movlw	3
  4758   0016EC  6E15               	movwf	(actualizar_ventilador@duty_objetivo+1)^0,c
  4759   0016EE  0E84               	movlw	132
  4760   0016F0  6E14               	movwf	actualizar_ventilador@duty_objetivo^0,c
  4761                           
  4762                           ;control.c: 37:     } else {
  4763   0016F2  EF7E  F00B         	goto	l2599
  4764   0016F6                     l2597:
  4765                           
  4766                           ;control.c: 38:         duty_objetivo = 0;
  4767   0016F6  6A15               	clrf	(actualizar_ventilador@duty_objetivo+1)^0,c
  4768   0016F8  0E00               	movlw	0
  4769   0016FA  6E14               	movwf	actualizar_ventilador@duty_objetivo^0,c
  4770   0016FC                     l2599:
  4771                           
  4772                           ;control.c: 43:     if (duty_actual < duty_objetivo) {
  4773   0016FC  5014               	movf	actualizar_ventilador@duty_objetivo^0,w,c
  4774   0016FE  5C51               	subwf	actualizar_ventilador@duty_actual^0,w,c
  4775   001700  5052               	movf	(actualizar_ventilador@duty_actual+1)^0,w,c
  4776   001702  0A80               	xorlw	128
  4777   001704  6E13               	movwf	??_actualizar_ventilador^0,c
  4778   001706  5015               	movf	(actualizar_ventilador@duty_objetivo+1)^0,w,c
  4779   001708  0A80               	xorlw	128
  4780   00170A  5813               	subwfb	??_actualizar_ventilador^0,w,c
  4781   00170C  B0D8               	btfsc	status,0,c
  4782   00170E  EF8B  F00B         	goto	u1811
  4783   001712  EF8D  F00B         	goto	u1810
  4784   001716                     u1811:
  4785   001716  EFA6  F00B         	goto	l2605
  4786   00171A                     u1810:
  4787   00171A                     
  4788                           ;control.c: 44:         duty_actual += 50;
  4789   00171A  0E32               	movlw	50
  4790   00171C  2651               	addwf	actualizar_ventilador@duty_actual^0,f,c
  4791   00171E  0E00               	movlw	0
  4792   001720  2252               	addwfc	(actualizar_ventilador@duty_actual+1)^0,f,c
  4793                           
  4794                           ;control.c: 45:         if (duty_actual > duty_objetivo) duty_actual = duty_objetivo;
  4795   001722  5051               	movf	actualizar_ventilador@duty_actual^0,w,c
  4796   001724  5C14               	subwf	actualizar_ventilador@duty_objetivo^0,w,c
  4797   001726  5015               	movf	(actualizar_ventilador@duty_objetivo+1)^0,w,c
  4798   001728  0A80               	xorlw	128
  4799   00172A  6E13               	movwf	??_actualizar_ventilador^0,c
  4800   00172C  5052               	movf	(actualizar_ventilador@duty_actual+1)^0,w,c
  4801   00172E  0A80               	xorlw	128
  4802   001730  5813               	subwfb	??_actualizar_ventilador^0,w,c
  4803   001732  B0D8               	btfsc	status,0,c
  4804   001734  EF9E  F00B         	goto	u1821
  4805   001738  EFA0  F00B         	goto	u1820
  4806   00173C                     u1821:
  4807   00173C  EFCA  F00B         	goto	l2611
  4808   001740                     u1820:
  4809   001740                     l2603:
  4810   001740  C014  F051         	movff	actualizar_ventilador@duty_objetivo,actualizar_ventilador@duty_actual
  4811   001744  C015  F052         	movff	actualizar_ventilador@duty_objetivo+1,actualizar_ventilador@duty_actual+1
  4812   001748  EFCA  F00B         	goto	l2611
  4813   00174C                     l2605:
  4814   00174C  5051               	movf	actualizar_ventilador@duty_actual^0,w,c
  4815   00174E  5C14               	subwf	actualizar_ventilador@duty_objetivo^0,w,c
  4816   001750  5015               	movf	(actualizar_ventilador@duty_objetivo+1)^0,w,c
  4817   001752  0A80               	xorlw	128
  4818   001754  6E13               	movwf	??_actualizar_ventilador^0,c
  4819   001756  5052               	movf	(actualizar_ventilador@duty_actual+1)^0,w,c
  4820   001758  0A80               	xorlw	128
  4821   00175A  5813               	subwfb	??_actualizar_ventilador^0,w,c
  4822   00175C  B0D8               	btfsc	status,0,c
  4823   00175E  EFB3  F00B         	goto	u1831
  4824   001762  EFB5  F00B         	goto	u1830
  4825   001766                     u1831:
  4826   001766  EFCA  F00B         	goto	l2611
  4827   00176A                     u1830:
  4828   00176A                     
  4829                           ;control.c: 47:         duty_actual -= 50;
  4830   00176A  0ECE               	movlw	206
  4831   00176C  2651               	addwf	actualizar_ventilador@duty_actual^0,f,c
  4832   00176E  0EFF               	movlw	255
  4833   001770  2252               	addwfc	(actualizar_ventilador@duty_actual+1)^0,f,c
  4834                           
  4835                           ;control.c: 48:         if (duty_actual < duty_objetivo) duty_actual = duty_objetivo;
  4836   001772  5014               	movf	actualizar_ventilador@duty_objetivo^0,w,c
  4837   001774  5C51               	subwf	actualizar_ventilador@duty_actual^0,w,c
  4838   001776  5052               	movf	(actualizar_ventilador@duty_actual+1)^0,w,c
  4839   001778  0A80               	xorlw	128
  4840   00177A  6E13               	movwf	??_actualizar_ventilador^0,c
  4841   00177C  5015               	movf	(actualizar_ventilador@duty_objetivo+1)^0,w,c
  4842   00177E  0A80               	xorlw	128
  4843   001780  5813               	subwfb	??_actualizar_ventilador^0,w,c
  4844   001782  B0D8               	btfsc	status,0,c
  4845   001784  EFC6  F00B         	goto	u1841
  4846   001788  EFC8  F00B         	goto	u1840
  4847   00178C                     u1841:
  4848   00178C  EFCA  F00B         	goto	l2611
  4849   001790                     u1840:
  4850   001790  EFA0  F00B         	goto	l2603
  4851   001794                     l2611:
  4852                           
  4853                           ;control.c: 51:     set_PWM_duty(duty_actual);
  4854   001794  C051  F001         	movff	actualizar_ventilador@duty_actual,set_PWM_duty@duty
  4855   001798  C052  F002         	movff	actualizar_ventilador@duty_actual+1,set_PWM_duty@duty+1
  4856   00179C  EC60  F011         	call	_set_PWM_duty	;wreg free
  4857   0017A0  0012               	return		;funcret
  4858   0017A2                     __end_of_actualizar_ventilador:
  4859                           	callstack 0
  4860                           
  4861 ;; *************** function _set_PWM_duty *****************
  4862 ;; Defined at:
  4863 ;;		line 16 in file "pwm.c"
  4864 ;; Parameters:    Size  Location     Type
  4865 ;;  duty            2    0[COMRAM] int 
  4866 ;; Auto vars:     Size  Location     Type
  4867 ;;		None
  4868 ;; Return value:  Size  Location     Type
  4869 ;;                  1    wreg      void 
  4870 ;; Registers used:
  4871 ;;		wreg, status,2, status,0
  4872 ;; Tracked objects:
  4873 ;;		On entry : 0/0
  4874 ;;		On exit  : 0/0
  4875 ;;		Unchanged: 0/0
  4876 ;; Data sizes:     COMRAM   BANK0   BANK1   BANK2   BANK3   BANK4   BANK5   BANK6   BANK7
  4877 ;;      Params:         2       0       0       0       0       0       0       0       0
  4878 ;;      Locals:         0       0       0       0       0       0       0       0       0
  4879 ;;      Temps:          2       0       0       0       0       0       0       0       0
  4880 ;;      Totals:         4       0       0       0       0       0       0       0       0
  4881 ;;Total ram usage:        4 bytes
  4882 ;; Hardware stack levels used: 1
  4883 ;; This function calls:
  4884 ;;		Nothing
  4885 ;; This function is called by:
  4886 ;;		_actualizar_ventilador
  4887 ;; This function uses a non-reentrant model
  4888 ;;
  4889                           
  4890                           	psect	text18
  4891   0022C0                     __ptext18:
  4892                           	callstack 0
  4893   0022C0                     _set_PWM_duty:
  4894                           	callstack 28
  4895   0022C0                     
  4896                           ;pwm.c: 18:     if(duty > 1023) duty = 1023;
  4897   0022C0  BE02               	btfsc	(set_PWM_duty@duty+1)^0,7,c
  4898   0022C2  EF6A  F011         	goto	u1531
  4899   0022C6  0E04               	movlw	4
  4900   0022C8  5C02               	subwf	(set_PWM_duty@duty+1)^0,w,c
  4901   0022CA  A0D8               	btfss	status,0,c
  4902   0022CC  EF6A  F011         	goto	u1531
  4903   0022D0  EF6C  F011         	goto	u1530
  4904   0022D4                     u1531:
  4905   0022D4  EF6F  F011         	goto	l2399
  4906   0022D8                     u1530:
  4907   0022D8  0E03               	movlw	3
  4908   0022DA  6E02               	movwf	(set_PWM_duty@duty+1)^0,c
  4909   0022DC  6801               	setf	set_PWM_duty@duty^0,c
  4910   0022DE                     l2399:
  4911                           
  4912                           ;pwm.c: 20:     CCPR1L = (unsigned char)(duty >> 2);
  4913   0022DE  C001  F003         	movff	set_PWM_duty@duty,??_set_PWM_duty
  4914   0022E2  C002  F004         	movff	set_PWM_duty@duty+1,??_set_PWM_duty+1
  4915   0022E6  3404               	rlcf	(??_set_PWM_duty+1)^0,w,c
  4916   0022E8  3204               	rrcf	(??_set_PWM_duty+1)^0,f,c
  4917   0022EA  3203               	rrcf	??_set_PWM_duty^0,f,c
  4918   0022EC  3404               	rlcf	(??_set_PWM_duty+1)^0,w,c
  4919   0022EE  3204               	rrcf	(??_set_PWM_duty+1)^0,f,c
  4920   0022F0  3203               	rrcf	??_set_PWM_duty^0,f,c
  4921   0022F2  5003               	movf	??_set_PWM_duty^0,w,c
  4922   0022F4  6EBE               	movwf	190,c	;volatile
  4923   0022F6                     
  4924                           ;pwm.c: 21:     CCP1CONbits.DC1B = duty & 0x03;
  4925   0022F6  C001  F003         	movff	set_PWM_duty@duty,??_set_PWM_duty
  4926   0022FA  0E03               	movlw	3
  4927   0022FC  1603               	andwf	??_set_PWM_duty^0,f,c
  4928   0022FE  3A03               	swapf	??_set_PWM_duty^0,f,c
  4929   002300  50BD               	movf	189,w,c	;volatile
  4930   002302  1803               	xorwf	??_set_PWM_duty^0,w,c
  4931   002304  0BCF               	andlw	-49
  4932   002306  1803               	xorwf	??_set_PWM_duty^0,w,c
  4933   002308  6EBD               	movwf	189,c	;volatile
  4934   00230A  0012               	return		;funcret
  4935   00230C                     __end_of_set_PWM_duty:
  4936                           	callstack 0
  4937                           
  4938 ;; *************** function _control_temperatura *****************
  4939 ;; Defined at:
  4940 ;;		line 8 in file "control.c"
  4941 ;; Parameters:    Size  Location     Type
  4942 ;;  T               4   12[COMRAM] float 
  4943 ;; Auto vars:     Size  Location     Type
  4944 ;;		None
  4945 ;; Return value:  Size  Location     Type
  4946 ;;                  1    wreg      void 
  4947 ;; Registers used:
  4948 ;;		wreg, status,2, status,0, cstack
  4949 ;; Tracked objects:
  4950 ;;		On entry : 0/0
  4951 ;;		On exit  : 0/0
  4952 ;;		Unchanged: 0/0
  4953 ;; Data sizes:     COMRAM   BANK0   BANK1   BANK2   BANK3   BANK4   BANK5   BANK6   BANK7
  4954 ;;      Params:         4       0       0       0       0       0       0       0       0
  4955 ;;      Locals:         0       0       0       0       0       0       0       0       0
  4956 ;;      Temps:          0       0       0       0       0       0       0       0       0
  4957 ;;      Totals:         4       0       0       0       0       0       0       0       0
  4958 ;;Total ram usage:        4 bytes
  4959 ;; Hardware stack levels used: 1
  4960 ;; Hardware stack levels required when called: 1
  4961 ;; This function calls:
  4962 ;;		___flge
  4963 ;; This function is called by:
  4964 ;;		_main
  4965 ;; This function uses a non-reentrant model
  4966 ;;
  4967                           
  4968                           	psect	text19
  4969   001DAC                     __ptext19:
  4970                           	callstack 0
  4971   001DAC                     _control_temperatura:
  4972                           	callstack 29
  4973   001DAC                     
  4974                           ;control.c: 9:     static int calentador_on = 0;;control.c: 10:     if (!calentador_on &
      +                          & T < 24.0) { LATDbits.LATD0 = 1; calentador_on = 1; }
  4975   001DAC  5055               	movf	control_temperatura@calentador_on^0,w,c
  4976   001DAE  1056               	iorwf	(control_temperatura@calentador_on+1)^0,w,c
  4977   001DB0  A4D8               	btfss	status,2,c
  4978   001DB2  EFDD  F00E         	goto	u2521
  4979   001DB6  EFDF  F00E         	goto	u2520
  4980   001DBA                     u2521:
  4981   001DBA  EFFE  F00E         	goto	l3221
  4982   001DBE                     u2520:
  4983   001DBE  C00D  F001         	movff	control_temperatura@T,___flge@ff1
  4984   001DC2  C00E  F002         	movff	control_temperatura@T+1,___flge@ff1+1
  4985   001DC6  C00F  F003         	movff	control_temperatura@T+2,___flge@ff1+2
  4986   001DCA  C010  F004         	movff	control_temperatura@T+3,___flge@ff1+3
  4987   001DCE  0E00               	movlw	0
  4988   001DD0  6E05               	movwf	___flge@ff2^0,c
  4989   001DD2  0E00               	movlw	0
  4990   001DD4  6E06               	movwf	(___flge@ff2+1)^0,c
  4991   001DD6  0EC0               	movlw	192
  4992   001DD8  6E07               	movwf	(___flge@ff2+2)^0,c
  4993   001DDA  0E41               	movlw	65
  4994   001DDC  6E08               	movwf	(___flge@ff2+3)^0,c
  4995   001DDE  ECE4  F00C         	call	___flge	;wreg free
  4996   001DE2  B0D8               	btfsc	status,0,c
  4997   001DE4  EFF6  F00E         	goto	u2531
  4998   001DE8  EFF8  F00E         	goto	u2530
  4999   001DEC                     u2531:
  5000   001DEC  EFFE  F00E         	goto	l3221
  5001   001DF0                     u2530:
  5002   001DF0  808C               	bsf	140,0,c	;volatile
  5003   001DF2  6A56               	clrf	(control_temperatura@calentador_on+1)^0,c
  5004   001DF4  0E01               	movlw	1
  5005   001DF6  6E55               	movwf	control_temperatura@calentador_on^0,c
  5006   001DF8  EF24  F00F         	goto	l112
  5007   001DFC                     l3221:
  5008   001DFC  5055               	movf	control_temperatura@calentador_on^0,w,c
  5009   001DFE  1056               	iorwf	(control_temperatura@calentador_on+1)^0,w,c
  5010   001E00  B4D8               	btfsc	status,2,c
  5011   001E02  EF05  F00F         	goto	u2541
  5012   001E06  EF07  F00F         	goto	u2540
  5013   001E0A                     u2541:
  5014   001E0A  EF24  F00F         	goto	l112
  5015   001E0E                     u2540:
  5016   001E0E  0E00               	movlw	0
  5017   001E10  6E01               	movwf	___flge@ff1^0,c
  5018   001E12  0E00               	movlw	0
  5019   001E14  6E02               	movwf	(___flge@ff1+1)^0,c
  5020   001E16  0EF0               	movlw	240
  5021   001E18  6E03               	movwf	(___flge@ff1+2)^0,c
  5022   001E1A  0E41               	movlw	65
  5023   001E1C  6E04               	movwf	(___flge@ff1+3)^0,c
  5024   001E1E  C00D  F005         	movff	control_temperatura@T,___flge@ff2
  5025   001E22  C00E  F006         	movff	control_temperatura@T+1,___flge@ff2+1
  5026   001E26  C00F  F007         	movff	control_temperatura@T+2,___flge@ff2+2
  5027   001E2A  C010  F008         	movff	control_temperatura@T+3,___flge@ff2+3
  5028   001E2E  ECE4  F00C         	call	___flge	;wreg free
  5029   001E32  B0D8               	btfsc	status,0,c
  5030   001E34  EF1E  F00F         	goto	u2551
  5031   001E38  EF20  F00F         	goto	u2550
  5032   001E3C                     u2551:
  5033   001E3C  EF24  F00F         	goto	l112
  5034   001E40                     u2550:
  5035   001E40  908C               	bcf	140,0,c	;volatile
  5036   001E42  6A56               	clrf	(control_temperatura@calentador_on+1)^0,c
  5037   001E44  0E00               	movlw	0
  5038   001E46  6E55               	movwf	control_temperatura@calentador_on^0,c
  5039   001E48                     l112:
  5040   001E48  0012               	return		;funcret
  5041   001E4A                     __end_of_control_temperatura:
  5042                           	callstack 0
  5043                           
  5044 ;; *************** function _control_luz *****************
  5045 ;; Defined at:
  5046 ;;		line 15 in file "control.c"
  5047 ;; Parameters:    Size  Location     Type
  5048 ;;  lux             4   12[COMRAM] float 
  5049 ;; Auto vars:     Size  Location     Type
  5050 ;;		None
  5051 ;; Return value:  Size  Location     Type
  5052 ;;                  1    wreg      void 
  5053 ;; Registers used:
  5054 ;;		wreg, status,2, status,0, cstack
  5055 ;; Tracked objects:
  5056 ;;		On entry : 0/0
  5057 ;;		On exit  : 0/0
  5058 ;;		Unchanged: 0/0
  5059 ;; Data sizes:     COMRAM   BANK0   BANK1   BANK2   BANK3   BANK4   BANK5   BANK6   BANK7
  5060 ;;      Params:         4       0       0       0       0       0       0       0       0
  5061 ;;      Locals:         0       0       0       0       0       0       0       0       0
  5062 ;;      Temps:          0       0       0       0       0       0       0       0       0
  5063 ;;      Totals:         4       0       0       0       0       0       0       0       0
  5064 ;;Total ram usage:        4 bytes
  5065 ;; Hardware stack levels used: 1
  5066 ;; Hardware stack levels required when called: 1
  5067 ;; This function calls:
  5068 ;;		___flge
  5069 ;; This function is called by:
  5070 ;;		_main
  5071 ;; This function uses a non-reentrant model
  5072 ;;
  5073                           
  5074                           	psect	text20
  5075   001E4A                     __ptext20:
  5076                           	callstack 0
  5077   001E4A                     _control_luz:
  5078                           	callstack 29
  5079   001E4A                     
  5080                           ;control.c: 16:     static int led_on = 0;;control.c: 17:     if (!led_on && lux < 450.0
      +                          ) { LATDbits.LATD2 = 1; led_on = 1; }
  5081   001E4A  5053               	movf	control_luz@led_on^0,w,c
  5082   001E4C  1054               	iorwf	(control_luz@led_on+1)^0,w,c
  5083   001E4E  A4D8               	btfss	status,2,c
  5084   001E50  EF2C  F00F         	goto	u2561
  5085   001E54  EF2E  F00F         	goto	u2560
  5086   001E58                     u2561:
  5087   001E58  EF4D  F00F         	goto	l3237
  5088   001E5C                     u2560:
  5089   001E5C  C00D  F001         	movff	control_luz@lux,___flge@ff1
  5090   001E60  C00E  F002         	movff	control_luz@lux+1,___flge@ff1+1
  5091   001E64  C00F  F003         	movff	control_luz@lux+2,___flge@ff1+2
  5092   001E68  C010  F004         	movff	control_luz@lux+3,___flge@ff1+3
  5093   001E6C  0E00               	movlw	0
  5094   001E6E  6E05               	movwf	___flge@ff2^0,c
  5095   001E70  0E00               	movlw	0
  5096   001E72  6E06               	movwf	(___flge@ff2+1)^0,c
  5097   001E74  0EE1               	movlw	225
  5098   001E76  6E07               	movwf	(___flge@ff2+2)^0,c
  5099   001E78  0E43               	movlw	67
  5100   001E7A  6E08               	movwf	(___flge@ff2+3)^0,c
  5101   001E7C  ECE4  F00C         	call	___flge	;wreg free
  5102   001E80  B0D8               	btfsc	status,0,c
  5103   001E82  EF45  F00F         	goto	u2571
  5104   001E86  EF47  F00F         	goto	u2570
  5105   001E8A                     u2571:
  5106   001E8A  EF4D  F00F         	goto	l3237
  5107   001E8E                     u2570:
  5108   001E8E  848C               	bsf	140,2,c	;volatile
  5109   001E90  6A54               	clrf	(control_luz@led_on+1)^0,c
  5110   001E92  0E01               	movlw	1
  5111   001E94  6E53               	movwf	control_luz@led_on^0,c
  5112   001E96  EF73  F00F         	goto	l120
  5113   001E9A                     l3237:
  5114   001E9A  5053               	movf	control_luz@led_on^0,w,c
  5115   001E9C  1054               	iorwf	(control_luz@led_on+1)^0,w,c
  5116   001E9E  B4D8               	btfsc	status,2,c
  5117   001EA0  EF54  F00F         	goto	u2581
  5118   001EA4  EF56  F00F         	goto	u2580
  5119   001EA8                     u2581:
  5120   001EA8  EF73  F00F         	goto	l120
  5121   001EAC                     u2580:
  5122   001EAC  0E00               	movlw	0
  5123   001EAE  6E01               	movwf	___flge@ff1^0,c
  5124   001EB0  0E80               	movlw	128
  5125   001EB2  6E02               	movwf	(___flge@ff1+1)^0,c
  5126   001EB4  0E09               	movlw	9
  5127   001EB6  6E03               	movwf	(___flge@ff1+2)^0,c
  5128   001EB8  0E44               	movlw	68
  5129   001EBA  6E04               	movwf	(___flge@ff1+3)^0,c
  5130   001EBC  C00D  F005         	movff	control_luz@lux,___flge@ff2
  5131   001EC0  C00E  F006         	movff	control_luz@lux+1,___flge@ff2+1
  5132   001EC4  C00F  F007         	movff	control_luz@lux+2,___flge@ff2+2
  5133   001EC8  C010  F008         	movff	control_luz@lux+3,___flge@ff2+3
  5134   001ECC  ECE4  F00C         	call	___flge	;wreg free
  5135   001ED0  B0D8               	btfsc	status,0,c
  5136   001ED2  EF6D  F00F         	goto	u2591
  5137   001ED6  EF6F  F00F         	goto	u2590
  5138   001EDA                     u2591:
  5139   001EDA  EF73  F00F         	goto	l120
  5140   001EDE                     u2590:
  5141   001EDE  948C               	bcf	140,2,c	;volatile
  5142   001EE0  6A54               	clrf	(control_luz@led_on+1)^0,c
  5143   001EE2  0E00               	movlw	0
  5144   001EE4  6E53               	movwf	control_luz@led_on^0,c
  5145   001EE6                     l120:
  5146   001EE6  0012               	return		;funcret
  5147   001EE8                     __end_of_control_luz:
  5148                           	callstack 0
  5149                           
  5150 ;; *************** function ___flge *****************
  5151 ;; Defined at:
  5152 ;;		line 4 in file "C:\Program Files\Microchip\xc8\v3.10\pic\sources\c99\common\flge.c"
  5153 ;; Parameters:    Size  Location     Type
  5154 ;;  ff1             4    0[COMRAM] void 
  5155 ;;  ff2             4    4[COMRAM] void 
  5156 ;; Auto vars:     Size  Location     Type
  5157 ;;		None
  5158 ;; Return value:  Size  Location     Type
  5159 ;;		None               void
  5160 ;; Registers used:
  5161 ;;		wreg, status,2, status,0
  5162 ;; Tracked objects:
  5163 ;;		On entry : 0/0
  5164 ;;		On exit  : 0/0
  5165 ;;		Unchanged: 0/0
  5166 ;; Data sizes:     COMRAM   BANK0   BANK1   BANK2   BANK3   BANK4   BANK5   BANK6   BANK7
  5167 ;;      Params:         8       0       0       0       0       0       0       0       0
  5168 ;;      Locals:         0       0       0       0       0       0       0       0       0
  5169 ;;      Temps:          4       0       0       0       0       0       0       0       0
  5170 ;;      Totals:        12       0       0       0       0       0       0       0       0
  5171 ;;Total ram usage:       12 bytes
  5172 ;; Hardware stack levels used: 1
  5173 ;; This function calls:
  5174 ;;		Nothing
  5175 ;; This function is called by:
  5176 ;;		_control_temperatura
  5177 ;;		_control_luz
  5178 ;;		_actualizar_ventilador
  5179 ;; This function uses a non-reentrant model
  5180 ;;
  5181                           
  5182                           	psect	text21
  5183   0019C8                     __ptext21:
  5184                           	callstack 0
  5185   0019C8                     ___flge:
  5186                           	callstack 28
  5187   0019C8  0E00               	movlw	0
  5188   0019CA  1401               	andwf	___flge@ff1^0,w,c
  5189   0019CC  6E09               	movwf	??___flge^0,c
  5190   0019CE  0E00               	movlw	0
  5191   0019D0  1402               	andwf	(___flge@ff1+1)^0,w,c
  5192   0019D2  6E0A               	movwf	(??___flge+1)^0,c
  5193   0019D4  0E80               	movlw	128
  5194   0019D6  1403               	andwf	(___flge@ff1+2)^0,w,c
  5195   0019D8  6E0B               	movwf	(??___flge+2)^0,c
  5196   0019DA  0E7F               	movlw	127
  5197   0019DC  1404               	andwf	(___flge@ff1+3)^0,w,c
  5198   0019DE  6E0C               	movwf	(??___flge+3)^0,c
  5199   0019E0  5009               	movf	??___flge^0,w,c
  5200   0019E2  100A               	iorwf	(??___flge+1)^0,w,c
  5201   0019E4  100B               	iorwf	(??___flge+2)^0,w,c
  5202   0019E6  100C               	iorwf	(??___flge+3)^0,w,c
  5203   0019E8  A4D8               	btfss	status,2,c
  5204   0019EA  EFF9  F00C         	goto	u1611
  5205   0019EE  EFFB  F00C         	goto	u1610
  5206   0019F2                     u1611:
  5207   0019F2  EF03  F00D         	goto	l2497
  5208   0019F6                     u1610:
  5209   0019F6  0E00               	movlw	0
  5210   0019F8  6E01               	movwf	___flge@ff1^0,c
  5211   0019FA  0E00               	movlw	0
  5212   0019FC  6E02               	movwf	(___flge@ff1+1)^0,c
  5213   0019FE  0E00               	movlw	0
  5214   001A00  6E03               	movwf	(___flge@ff1+2)^0,c
  5215   001A02  0E00               	movlw	0
  5216   001A04  6E04               	movwf	(___flge@ff1+3)^0,c
  5217   001A06                     l2497:
  5218   001A06  0E00               	movlw	0
  5219   001A08  1405               	andwf	___flge@ff2^0,w,c
  5220   001A0A  6E09               	movwf	??___flge^0,c
  5221   001A0C  0E00               	movlw	0
  5222   001A0E  1406               	andwf	(___flge@ff2+1)^0,w,c
  5223   001A10  6E0A               	movwf	(??___flge+1)^0,c
  5224   001A12  0E80               	movlw	128
  5225   001A14  1407               	andwf	(___flge@ff2+2)^0,w,c
  5226   001A16  6E0B               	movwf	(??___flge+2)^0,c
  5227   001A18  0E7F               	movlw	127
  5228   001A1A  1408               	andwf	(___flge@ff2+3)^0,w,c
  5229   001A1C  6E0C               	movwf	(??___flge+3)^0,c
  5230   001A1E  5009               	movf	??___flge^0,w,c
  5231   001A20  100A               	iorwf	(??___flge+1)^0,w,c
  5232   001A22  100B               	iorwf	(??___flge+2)^0,w,c
  5233   001A24  100C               	iorwf	(??___flge+3)^0,w,c
  5234   001A26  A4D8               	btfss	status,2,c
  5235   001A28  EF18  F00D         	goto	u1621
  5236   001A2C  EF1A  F00D         	goto	u1620
  5237   001A30                     u1621:
  5238   001A30  EF22  F00D         	goto	l2501
  5239   001A34                     u1620:
  5240   001A34  0E00               	movlw	0
  5241   001A36  6E05               	movwf	___flge@ff2^0,c
  5242   001A38  0E00               	movlw	0
  5243   001A3A  6E06               	movwf	(___flge@ff2+1)^0,c
  5244   001A3C  0E00               	movlw	0
  5245   001A3E  6E07               	movwf	(___flge@ff2+2)^0,c
  5246   001A40  0E00               	movlw	0
  5247   001A42  6E08               	movwf	(___flge@ff2+3)^0,c
  5248   001A44                     l2501:
  5249   001A44  AE04               	btfss	(___flge@ff1+3)^0,7,c
  5250   001A46  EF27  F00D         	goto	u1631
  5251   001A4A  EF29  F00D         	goto	u1630
  5252   001A4E                     u1631:
  5253   001A4E  EF32  F00D         	goto	l2505
  5254   001A52                     u1630:
  5255   001A52  6C01               	negf	___flge@ff1^0,c
  5256   001A54  1E02               	comf	(___flge@ff1+1)^0,f,c
  5257   001A56  B0D8               	btfsc	status,0,c
  5258   001A58  2A02               	incf	(___flge@ff1+1)^0,f,c
  5259   001A5A  1E03               	comf	(___flge@ff1+2)^0,f,c
  5260   001A5C  B0D8               	btfsc	status,0,c
  5261   001A5E  2A03               	incf	(___flge@ff1+2)^0,f,c
  5262   001A60  0E80               	movlw	128
  5263   001A62  5604               	subfwb	(___flge@ff1+3)^0,f,c
  5264   001A64                     l2505:
  5265   001A64  AE08               	btfss	(___flge@ff2+3)^0,7,c
  5266   001A66  EF37  F00D         	goto	u1641
  5267   001A6A  EF39  F00D         	goto	u1640
  5268   001A6E                     u1641:
  5269   001A6E  EF42  F00D         	goto	l671
  5270   001A72                     u1640:
  5271   001A72  6C05               	negf	___flge@ff2^0,c
  5272   001A74  1E06               	comf	(___flge@ff2+1)^0,f,c
  5273   001A76  B0D8               	btfsc	status,0,c
  5274   001A78  2A06               	incf	(___flge@ff2+1)^0,f,c
  5275   001A7A  1E07               	comf	(___flge@ff2+2)^0,f,c
  5276   001A7C  B0D8               	btfsc	status,0,c
  5277   001A7E  2A07               	incf	(___flge@ff2+2)^0,f,c
  5278   001A80  0E80               	movlw	128
  5279   001A82  5608               	subfwb	(___flge@ff2+3)^0,f,c
  5280   001A84                     l671:
  5281   001A84  0E00               	movlw	0
  5282   001A86  1A01               	xorwf	___flge@ff1^0,f,c
  5283   001A88  0E00               	movlw	0
  5284   001A8A  1A02               	xorwf	(___flge@ff1+1)^0,f,c
  5285   001A8C  0E00               	movlw	0
  5286   001A8E  1A03               	xorwf	(___flge@ff1+2)^0,f,c
  5287   001A90  0E80               	movlw	128
  5288   001A92  1A04               	xorwf	(___flge@ff1+3)^0,f,c
  5289   001A94  0E00               	movlw	0
  5290   001A96  1A05               	xorwf	___flge@ff2^0,f,c
  5291   001A98  0E00               	movlw	0
  5292   001A9A  1A06               	xorwf	(___flge@ff2+1)^0,f,c
  5293   001A9C  0E00               	movlw	0
  5294   001A9E  1A07               	xorwf	(___flge@ff2+2)^0,f,c
  5295   001AA0  0E80               	movlw	128
  5296   001AA2  1A08               	xorwf	(___flge@ff2+3)^0,f,c
  5297   001AA4  5005               	movf	___flge@ff2^0,w,c
  5298   001AA6  5C01               	subwf	___flge@ff1^0,w,c
  5299   001AA8  5006               	movf	(___flge@ff2+1)^0,w,c
  5300   001AAA  5802               	subwfb	(___flge@ff1+1)^0,w,c
  5301   001AAC  5007               	movf	(___flge@ff2+2)^0,w,c
  5302   001AAE  5803               	subwfb	(___flge@ff1+2)^0,w,c
  5303   001AB0  5008               	movf	(___flge@ff2+3)^0,w,c
  5304   001AB2  5804               	subwfb	(___flge@ff1+3)^0,w,c
  5305   001AB4  B0D8               	btfsc	status,0,c
  5306   001AB6  EF5F  F00D         	goto	u1651
  5307   001ABA  EF61  F00D         	goto	u1650
  5308   001ABE                     u1651:
  5309   001ABE  EF64  F00D         	goto	l2511
  5310   001AC2                     u1650:
  5311   001AC2  90D8               	bcf	status,0,c
  5312   001AC4  EF65  F00D         	goto	l676
  5313   001AC8                     l2511:
  5314   001AC8  80D8               	bsf	status,0,c
  5315   001ACA                     l676:
  5316   001ACA  0012               	return		;funcret
  5317   001ACC                     __end_of___flge:
  5318                           	callstack 0
  5319                           
  5320 ;; *************** function _control_aire *****************
  5321 ;; Defined at:
  5322 ;;		line 54 in file "control.c"
  5323 ;; Parameters:    Size  Location     Type
  5324 ;;  aire            2    0[COMRAM] int 
  5325 ;; Auto vars:     Size  Location     Type
  5326 ;;  i               1    2[COMRAM] unsigned char 
  5327 ;; Return value:  Size  Location     Type
  5328 ;;                  1    wreg      void 
  5329 ;; Registers used:
  5330 ;;		wreg, status,2, status,0
  5331 ;; Tracked objects:
  5332 ;;		On entry : 0/0
  5333 ;;		On exit  : 0/0
  5334 ;;		Unchanged: 0/0
  5335 ;; Data sizes:     COMRAM   BANK0   BANK1   BANK2   BANK3   BANK4   BANK5   BANK6   BANK7
  5336 ;;      Params:         2       0       0       0       0       0       0       0       0
  5337 ;;      Locals:         1       0       0       0       0       0       0       0       0
  5338 ;;      Temps:          0       0       0       0       0       0       0       0       0
  5339 ;;      Totals:         3       0       0       0       0       0       0       0       0
  5340 ;;Total ram usage:        3 bytes
  5341 ;; Hardware stack levels used: 1
  5342 ;; This function calls:
  5343 ;;		Nothing
  5344 ;; This function is called by:
  5345 ;;		_main
  5346 ;; This function uses a non-reentrant model
  5347 ;;
  5348                           
  5349                           	psect	text22
  5350   002198                     __ptext22:
  5351                           	callstack 0
  5352   002198                     _control_aire:
  5353                           	callstack 30
  5354   002198                     
  5355                           ;control.c: 55:     if (aire > 700) {
  5356   002198  BE02               	btfsc	(control_aire@aire+1)^0,7,c
  5357   00219A  EFD8  F010         	goto	u2601
  5358   00219E  0EBD               	movlw	189
  5359   0021A0  5C01               	subwf	control_aire@aire^0,w,c
  5360   0021A2  0E02               	movlw	2
  5361   0021A4  5802               	subwfb	(control_aire@aire+1)^0,w,c
  5362   0021A6  A0D8               	btfss	status,0,c
  5363   0021A8  EFD8  F010         	goto	u2601
  5364   0021AC  EFDA  F010         	goto	u2600
  5365   0021B0                     u2601:
  5366   0021B0  EF00  F011         	goto	l3263
  5367   0021B4                     u2600:
  5368   0021B4                     
  5369                           ;control.c: 56:         contador_aire++;
  5370   0021B4  4A57               	infsnz	_contador_aire^0,f,c
  5371   0021B6  2A58               	incf	(_contador_aire+1)^0,f,c
  5372   0021B8                     
  5373                           ;control.c: 57:         if (contador_aire > 3) {
  5374   0021B8  BE58               	btfsc	(_contador_aire+1)^0,7,c
  5375   0021BA  EFE8  F010         	goto	u2611
  5376   0021BE  5058               	movf	(_contador_aire+1)^0,w,c
  5377   0021C0  E109               	bnz	u2610
  5378   0021C2  0E04               	movlw	4
  5379   0021C4  5C57               	subwf	_contador_aire^0,w,c
  5380   0021C6  A0D8               	btfss	status,0,c
  5381   0021C8  EFE8  F010         	goto	u2611
  5382   0021CC  EFEA  F010         	goto	u2610
  5383   0021D0                     u2611:
  5384   0021D0  EF04  F011         	goto	l144
  5385   0021D4                     u2610:
  5386   0021D4                     
  5387                           ;control.c: 58:             unsigned char i;;control.c: 59:             for (i = 0; i < 
      +                          200; i++) {
  5388   0021D4  6A03               	clrf	control_aire@i^0,c
  5389   0021D6                     l141:
  5390                           
  5391                           ;control.c: 60:                 LATDbits.LATD3 = 1; _delay((unsigned long)((500)*(800000
      +                          0/4000000.0)));
  5392   0021D6  868C               	bsf	140,3,c	;volatile
  5393   0021D8  0EC8               	movlw	200
  5394   0021DA                     u2767:
  5395   0021DA  D000               	nop2	
  5396   0021DC  2EE8               	decfsz	wreg,f,c
  5397   0021DE  D7FD               	bra	u2767
  5398   0021E0                     
  5399                           ;control.c: 61:                 LATDbits.LATD3 = 0; _delay((unsigned long)((500)*(800000
      +                          0/4000000.0)));
  5400   0021E0  968C               	bcf	140,3,c	;volatile
  5401   0021E2  0EC8               	movlw	200
  5402   0021E4                     u2777:
  5403   0021E4  D000               	nop2	
  5404   0021E6  2EE8               	decfsz	wreg,f,c
  5405   0021E8  D7FD               	bra	u2777
  5406   0021EA                     
  5407                           ;control.c: 62:             }
  5408   0021EA  2A03               	incf	control_aire@i^0,f,c
  5409   0021EC  0EC7               	movlw	199
  5410   0021EE  6403               	cpfsgt	control_aire@i^0,c
  5411   0021F0  EFFC  F010         	goto	u2621
  5412   0021F4  EFFE  F010         	goto	u2620
  5413   0021F8                     u2621:
  5414   0021F8  EFEB  F010         	goto	l141
  5415   0021FC                     u2620:
  5416   0021FC  EF04  F011         	goto	l144
  5417   002200                     l3263:
  5418                           
  5419                           ;control.c: 65:         contador_aire = 0;
  5420   002200  6A58               	clrf	(_contador_aire+1)^0,c
  5421   002202  0E00               	movlw	0
  5422   002204  6E57               	movwf	_contador_aire^0,c
  5423   002206                     
  5424                           ;control.c: 66:         LATDbits.LATD3 = 0;
  5425   002206  968C               	bcf	140,3,c	;volatile
  5426   002208                     l144:
  5427   002208  0012               	return		;funcret
  5428   00220A                     __end_of_control_aire:
  5429                           	callstack 0
  5430                           
  5431 ;; *************** function ___fltol *****************
  5432 ;; Defined at:
  5433 ;;		line 43 in file "C:\Program Files\Microchip\xc8\v3.10\pic\sources\c99\common\fltol.c"
  5434 ;; Parameters:    Size  Location     Type
  5435 ;;  f1              4    0[COMRAM] void 
  5436 ;; Auto vars:     Size  Location     Type
  5437 ;;  exp1            1    9[COMRAM] unsigned char 
  5438 ;;  sign1           1    8[COMRAM] unsigned char 
  5439 ;; Return value:  Size  Location     Type
  5440 ;;                  4    0[COMRAM] long 
  5441 ;; Registers used:
  5442 ;;		wreg, status,2, status,0
  5443 ;; Tracked objects:
  5444 ;;		On entry : 0/0
  5445 ;;		On exit  : 0/0
  5446 ;;		Unchanged: 0/0
  5447 ;; Data sizes:     COMRAM   BANK0   BANK1   BANK2   BANK3   BANK4   BANK5   BANK6   BANK7
  5448 ;;      Params:         4       0       0       0       0       0       0       0       0
  5449 ;;      Locals:         2       0       0       0       0       0       0       0       0
  5450 ;;      Temps:          4       0       0       0       0       0       0       0       0
  5451 ;;      Totals:        10       0       0       0       0       0       0       0       0
  5452 ;;Total ram usage:       10 bytes
  5453 ;; Hardware stack levels used: 1
  5454 ;; This function calls:
  5455 ;;		Nothing
  5456 ;; This function is called by:
  5457 ;;		_main
  5458 ;; This function uses a non-reentrant model
  5459 ;;
  5460                           
  5461                           	psect	text23
  5462   0018C2                     __ptext23:
  5463                           	callstack 0
  5464   0018C2                     ___fltol:
  5465                           	callstack 30
  5466   0018C2  3403               	rlcf	(___fltol@f1+2)^0,w,c
  5467   0018C4  3404               	rlcf	(___fltol@f1+3)^0,w,c
  5468   0018C6  6E0A               	movwf	___fltol@exp1^0,c
  5469   0018C8  500A               	movf	___fltol@exp1^0,w,c
  5470   0018CA  A4D8               	btfss	status,2,c
  5471   0018CC  EF6A  F00C         	goto	u2641
  5472   0018D0  EF6C  F00C         	goto	u2640
  5473   0018D4                     u2641:
  5474   0018D4  EF76  F00C         	goto	l3309
  5475   0018D8                     u2640:
  5476   0018D8                     l3305:
  5477   0018D8  0E00               	movlw	0
  5478   0018DA  6E01               	movwf	?___fltol^0,c
  5479   0018DC  0E00               	movlw	0
  5480   0018DE  6E02               	movwf	(?___fltol+1)^0,c
  5481   0018E0  0E00               	movlw	0
  5482   0018E2  6E03               	movwf	(?___fltol+2)^0,c
  5483   0018E4  0E00               	movlw	0
  5484   0018E6  6E04               	movwf	(?___fltol+3)^0,c
  5485   0018E8  EFE3  F00C         	goto	l703
  5486   0018EC                     l3309:
  5487   0018EC  C001  F005         	movff	___fltol@f1,??___fltol
  5488   0018F0  C002  F006         	movff	___fltol@f1+1,??___fltol+1
  5489   0018F4  C003  F007         	movff	___fltol@f1+2,??___fltol+2
  5490   0018F8  C004  F008         	movff	___fltol@f1+3,??___fltol+3
  5491   0018FC  0E20               	movlw	32
  5492   0018FE  EF86  F00C         	goto	u2650
  5493   001902                     u2655:
  5494   001902  90D8               	bcf	status,0,c
  5495   001904  3208               	rrcf	(??___fltol+3)^0,f,c
  5496   001906  3207               	rrcf	(??___fltol+2)^0,f,c
  5497   001908  3206               	rrcf	(??___fltol+1)^0,f,c
  5498   00190A  3205               	rrcf	??___fltol^0,f,c
  5499   00190C                     u2650:
  5500   00190C  2EE8               	decfsz	wreg,f,c
  5501   00190E  EF81  F00C         	goto	u2655
  5502   001912  5005               	movf	??___fltol^0,w,c
  5503   001914  6E09               	movwf	___fltol@sign1^0,c
  5504   001916  8E03               	bsf	(___fltol@f1+2)^0,7,c
  5505   001918  0EFF               	movlw	255
  5506   00191A  1601               	andwf	___fltol@f1^0,f,c
  5507   00191C  0EFF               	movlw	255
  5508   00191E  1602               	andwf	(___fltol@f1+1)^0,f,c
  5509   001920  0EFF               	movlw	255
  5510   001922  1603               	andwf	(___fltol@f1+2)^0,f,c
  5511   001924  0E00               	movlw	0
  5512   001926  1604               	andwf	(___fltol@f1+3)^0,f,c
  5513   001928  0E96               	movlw	150
  5514   00192A  5E0A               	subwf	___fltol@exp1^0,f,c
  5515   00192C  BE0A               	btfsc	___fltol@exp1^0,7,c
  5516   00192E  EF9D  F00C         	goto	u2660
  5517   001932  EF9B  F00C         	goto	u2661
  5518   001936                     u2661:
  5519   001936  EFB3  F00C         	goto	l3329
  5520   00193A                     u2660:
  5521   00193A  500A               	movf	___fltol@exp1^0,w,c
  5522   00193C  0A80               	xorlw	128
  5523   00193E  0F97               	addlw	151
  5524   001940  B0D8               	btfsc	status,0,c
  5525   001942  EFA5  F00C         	goto	u2671
  5526   001946  EFA7  F00C         	goto	u2670
  5527   00194A                     u2671:
  5528   00194A  EFA9  F00C         	goto	l3325
  5529   00194E                     u2670:
  5530   00194E  EF6C  F00C         	goto	l3305
  5531   001952                     l3325:
  5532   001952  90D8               	bcf	status,0,c
  5533   001954  3204               	rrcf	(___fltol@f1+3)^0,f,c
  5534   001956  3203               	rrcf	(___fltol@f1+2)^0,f,c
  5535   001958  3202               	rrcf	(___fltol@f1+1)^0,f,c
  5536   00195A  3201               	rrcf	___fltol@f1^0,f,c
  5537   00195C  3E0A               	incfsz	___fltol@exp1^0,f,c
  5538   00195E  EFA9  F00C         	goto	l3325
  5539   001962  EFCB  F00C         	goto	l3339
  5540   001966                     l3329:
  5541   001966  0E1F               	movlw	31
  5542   001968  640A               	cpfsgt	___fltol@exp1^0,c
  5543   00196A  EFB9  F00C         	goto	u2681
  5544   00196E  EFBB  F00C         	goto	u2680
  5545   001972                     u2681:
  5546   001972  EFC3  F00C         	goto	l3337
  5547   001976                     u2680:
  5548   001976  EF6C  F00C         	goto	l3305
  5549   00197A                     l3335:
  5550   00197A  90D8               	bcf	status,0,c
  5551   00197C  3601               	rlcf	___fltol@f1^0,f,c
  5552   00197E  3602               	rlcf	(___fltol@f1+1)^0,f,c
  5553   001980  3603               	rlcf	(___fltol@f1+2)^0,f,c
  5554   001982  3604               	rlcf	(___fltol@f1+3)^0,f,c
  5555   001984  060A               	decf	___fltol@exp1^0,f,c
  5556   001986                     l3337:
  5557   001986  500A               	movf	___fltol@exp1^0,w,c
  5558   001988  A4D8               	btfss	status,2,c
  5559   00198A  EFC9  F00C         	goto	u2691
  5560   00198E  EFCB  F00C         	goto	u2690
  5561   001992                     u2691:
  5562   001992  EFBD  F00C         	goto	l3335
  5563   001996                     u2690:
  5564   001996                     l3339:
  5565   001996  5009               	movf	___fltol@sign1^0,w,c
  5566   001998  B4D8               	btfsc	status,2,c
  5567   00199A  EFD1  F00C         	goto	u2701
  5568   00199E  EFD3  F00C         	goto	u2700
  5569   0019A2                     u2701:
  5570   0019A2  EFDB  F00C         	goto	l3343
  5571   0019A6                     u2700:
  5572   0019A6  1E04               	comf	(___fltol@f1+3)^0,f,c
  5573   0019A8  1E03               	comf	(___fltol@f1+2)^0,f,c
  5574   0019AA  1E02               	comf	(___fltol@f1+1)^0,f,c
  5575   0019AC  6C01               	negf	___fltol@f1^0,c
  5576   0019AE  0E00               	movlw	0
  5577   0019B0  2202               	addwfc	(___fltol@f1+1)^0,f,c
  5578   0019B2  2203               	addwfc	(___fltol@f1+2)^0,f,c
  5579   0019B4  2204               	addwfc	(___fltol@f1+3)^0,f,c
  5580   0019B6                     l3343:
  5581   0019B6  C001  F001         	movff	___fltol@f1,?___fltol
  5582   0019BA  C002  F002         	movff	___fltol@f1+1,?___fltol+1
  5583   0019BE  C003  F003         	movff	___fltol@f1+2,?___fltol+2
  5584   0019C2  C004  F004         	movff	___fltol@f1+3,?___fltol+3
  5585   0019C6                     l703:
  5586   0019C6  0012               	return		;funcret
  5587   0019C8                     __end_of___fltol:
  5588                           	callstack 0
  5589                           
  5590 ;; *************** function _OLED_WriteString *****************
  5591 ;; Defined at:
  5592 ;;		line 151 in file "oled.c"
  5593 ;; Parameters:    Size  Location     Type
  5594 ;;  str             2    8[COMRAM] PTR unsigned char 
  5595 ;;		 -> main@buffer(14), STR_1(10), 
  5596 ;; Auto vars:     Size  Location     Type
  5597 ;;		None
  5598 ;; Return value:  Size  Location     Type
  5599 ;;                  1    wreg      void 
  5600 ;; Registers used:
  5601 ;;		wreg, fsr1l, fsr1h, status,2, status,0, tblptrl, tblptrh, tblptru, prodl, prodh, cstack
  5602 ;; Tracked objects:
  5603 ;;		On entry : 0/0
  5604 ;;		On exit  : 0/0
  5605 ;;		Unchanged: 0/0
  5606 ;; Data sizes:     COMRAM   BANK0   BANK1   BANK2   BANK3   BANK4   BANK5   BANK6   BANK7
  5607 ;;      Params:         2       0       0       0       0       0       0       0       0
  5608 ;;      Locals:         0       0       0       0       0       0       0       0       0
  5609 ;;      Temps:          0       0       0       0       0       0       0       0       0
  5610 ;;      Totals:         2       0       0       0       0       0       0       0       0
  5611 ;;Total ram usage:        2 bytes
  5612 ;; Hardware stack levels used: 1
  5613 ;; Hardware stack levels required when called: 2
  5614 ;; This function calls:
  5615 ;;		_OLED_WriteChar
  5616 ;; This function is called by:
  5617 ;;		_main
  5618 ;; This function uses a non-reentrant model
  5619 ;;
  5620                           
  5621                           	psect	text24
  5622   00220A                     __ptext24:
  5623                           	callstack 0
  5624   00220A                     _OLED_WriteString:
  5625                           	callstack 28
  5626   00220A                     
  5627                           ;oled.c: 152:     while (*str) {
  5628   00220A  EF1B  F011         	goto	l3163
  5629   00220E                     l3159:
  5630                           
  5631                           ;oled.c: 153:         OLED_WriteChar(*str);
  5632   00220E  C009  FFF6         	movff	OLED_WriteString@str,tblptrl
  5633   002212  C00A  FFF7         	movff	OLED_WriteString@str+1,tblptrh
  5634   002216  6AF8               	clrf	tblptru,c
  5635   002218  0E07               	movlw	(high __ramtop+-1)
  5636   00221A  64F7               	cpfsgt	tblptrh,c
  5637   00221C  D003               	bra	u2497
  5638   00221E  0008               	tblrd		*
  5639   002220  50F5               	movf	tablat,w,c
  5640   002222  D005               	bra	u2490
  5641   002224                     u2497:
  5642   002224  CFF6 FFE1          	movff	tblptrl,fsr1l
  5643   002228  CFF7 FFE2          	movff	tblptrh,fsr1h
  5644   00222C  50E7               	movf	indf1,w,c
  5645   00222E                     u2490:
  5646   00222E  ECD1  F00B         	call	_OLED_WriteChar
  5647   002232                     
  5648                           ;oled.c: 154:         str++;
  5649   002232  4A09               	infsnz	OLED_WriteString@str^0,f,c
  5650   002234  2A0A               	incf	(OLED_WriteString@str+1)^0,f,c
  5651   002236                     l3163:
  5652                           
  5653                           ;oled.c: 152:     while (*str) {
  5654   002236  C009  FFF6         	movff	OLED_WriteString@str,tblptrl
  5655   00223A  C00A  FFF7         	movff	OLED_WriteString@str+1,tblptrh
  5656   00223E  6AF8               	clrf	tblptru,c
  5657   002240  0E07               	movlw	(high __ramtop+-1)
  5658   002242  64F7               	cpfsgt	tblptrh,c
  5659   002244  D003               	bra	u2507
  5660   002246  0008               	tblrd		*
  5661   002248  50F5               	movf	tablat,w,c
  5662   00224A  D005               	bra	u2500
  5663   00224C                     u2507:
  5664   00224C  CFF6 FFE1          	movff	tblptrl,fsr1l
  5665   002250  CFF7 FFE2          	movff	tblptrh,fsr1h
  5666   002254  50E7               	movf	indf1,w,c
  5667   002256                     u2500:
  5668   002256  0900               	iorlw	0
  5669   002258  A4D8               	btfss	status,2,c
  5670   00225A  EF31  F011         	goto	u2511
  5671   00225E  EF33  F011         	goto	u2510
  5672   002262                     u2511:
  5673   002262  EF07  F011         	goto	l3159
  5674   002266                     u2510:
  5675   002266  0012               	return		;funcret
  5676   002268                     __end_of_OLED_WriteString:
  5677                           	callstack 0
  5678                           
  5679 ;; *************** function _OLED_WriteChar *****************
  5680 ;; Defined at:
  5681 ;;		line 132 in file "oled.c"
  5682 ;; Parameters:    Size  Location     Type
  5683 ;;  c               1    wreg     unsigned char 
  5684 ;; Auto vars:     Size  Location     Type
  5685 ;;  c               1    7[COMRAM] unsigned char 
  5686 ;;  index           2    4[COMRAM] int 
  5687 ;;  i               1    6[COMRAM] unsigned char 
  5688 ;; Return value:  Size  Location     Type
  5689 ;;                  1    wreg      void 
  5690 ;; Registers used:
  5691 ;;		wreg, status,2, status,0, tblptrl, tblptrh, tblptru, prodl, prodh, cstack
  5692 ;; Tracked objects:
  5693 ;;		On entry : 0/0
  5694 ;;		On exit  : 0/0
  5695 ;;		Unchanged: 0/0
  5696 ;; Data sizes:     COMRAM   BANK0   BANK1   BANK2   BANK3   BANK4   BANK5   BANK6   BANK7
  5697 ;;      Params:         0       0       0       0       0       0       0       0       0
  5698 ;;      Locals:         4       0       0       0       0       0       0       0       0
  5699 ;;      Temps:          1       0       0       0       0       0       0       0       0
  5700 ;;      Totals:         5       0       0       0       0       0       0       0       0
  5701 ;;Total ram usage:        5 bytes
  5702 ;; Hardware stack levels used: 1
  5703 ;; Hardware stack levels required when called: 1
  5704 ;; This function calls:
  5705 ;;		_I2C_Start
  5706 ;;		_I2C_Stop
  5707 ;;		_I2C_Write
  5708 ;; This function is called by:
  5709 ;;		_OLED_WriteString
  5710 ;; This function uses a non-reentrant model
  5711 ;;
  5712                           
  5713                           	psect	text25
  5714   0017A2                     __ptext25:
  5715                           	callstack 0
  5716   0017A2                     _OLED_WriteChar:
  5717                           	callstack 28
  5718                           
  5719                           ;incstack = 0
  5720                           ;OLED_WriteChar@c stored from wreg
  5721   0017A2  6E08               	movwf	OLED_WriteChar@c^0,c
  5722   0017A4                     
  5723                           ;oled.c: 133:     unsigned char i;;oled.c: 134:     int index = 0;
  5724   0017A4  6A06               	clrf	(OLED_WriteChar@index+1)^0,c
  5725   0017A6  0E00               	movlw	0
  5726   0017A8  6E05               	movwf	OLED_WriteChar@index^0,c
  5727   0017AA                     
  5728                           ;oled.c: 135:     if (c == ' ') index = 0;
  5729   0017AA  0E20               	movlw	32
  5730   0017AC  1808               	xorwf	OLED_WriteChar@c^0,w,c
  5731   0017AE  A4D8               	btfss	status,2,c
  5732   0017B0  EFDC  F00B         	goto	u1851
  5733   0017B4  EFDE  F00B         	goto	u1850
  5734   0017B8                     u1851:
  5735   0017B8  EFE3  F00B         	goto	l2629
  5736   0017BC                     u1850:
  5737   0017BC  6A06               	clrf	(OLED_WriteChar@index+1)^0,c
  5738   0017BE  0E00               	movlw	0
  5739   0017C0  6E05               	movwf	OLED_WriteChar@index^0,c
  5740   0017C2  EF3B  F00C         	goto	l2653
  5741   0017C6                     l2629:
  5742   0017C6  0E2F               	movlw	47
  5743   0017C8  6408               	cpfsgt	OLED_WriteChar@c^0,c
  5744   0017CA  EFE9  F00B         	goto	u1861
  5745   0017CE  EFEB  F00B         	goto	u1860
  5746   0017D2                     u1861:
  5747   0017D2  EFFB  F00B         	goto	l2635
  5748   0017D6                     u1860:
  5749   0017D6  0E3A               	movlw	58
  5750   0017D8  6008               	cpfslt	OLED_WriteChar@c^0,c
  5751   0017DA  EFF1  F00B         	goto	u1871
  5752   0017DE  EFF3  F00B         	goto	u1870
  5753   0017E2                     u1871:
  5754   0017E2  EFFB  F00B         	goto	l2635
  5755   0017E6                     u1870:
  5756   0017E6  0ED1               	movlw	209
  5757   0017E8  2408               	addwf	OLED_WriteChar@c^0,w,c
  5758   0017EA  6E05               	movwf	OLED_WriteChar@index^0,c
  5759   0017EC  6A06               	clrf	(OLED_WriteChar@index+1)^0,c
  5760   0017EE  0EFF               	movlw	255
  5761   0017F0  2206               	addwfc	(OLED_WriteChar@index+1)^0,f,c
  5762   0017F2  EF3B  F00C         	goto	l2653
  5763   0017F6                     l2635:
  5764   0017F6  0E40               	movlw	64
  5765   0017F8  6408               	cpfsgt	OLED_WriteChar@c^0,c
  5766   0017FA  EF01  F00C         	goto	u1881
  5767   0017FE  EF03  F00C         	goto	u1880
  5768   001802                     u1881:
  5769   001802  EF13  F00C         	goto	l2641
  5770   001806                     u1880:
  5771   001806  0E5B               	movlw	91
  5772   001808  6008               	cpfslt	OLED_WriteChar@c^0,c
  5773   00180A  EF09  F00C         	goto	u1891
  5774   00180E  EF0B  F00C         	goto	u1890
  5775   001812                     u1891:
  5776   001812  EF13  F00C         	goto	l2641
  5777   001816                     u1890:
  5778   001816  0ECA               	movlw	202
  5779   001818  2408               	addwf	OLED_WriteChar@c^0,w,c
  5780   00181A  6E05               	movwf	OLED_WriteChar@index^0,c
  5781   00181C  6A06               	clrf	(OLED_WriteChar@index+1)^0,c
  5782   00181E  0EFF               	movlw	255
  5783   001820  2206               	addwfc	(OLED_WriteChar@index+1)^0,f,c
  5784   001822  EF3B  F00C         	goto	l2653
  5785   001826                     l2641:
  5786   001826  0E3A               	movlw	58
  5787   001828  1808               	xorwf	OLED_WriteChar@c^0,w,c
  5788   00182A  A4D8               	btfss	status,2,c
  5789   00182C  EF1A  F00C         	goto	u1901
  5790   001830  EF1C  F00C         	goto	u1900
  5791   001834                     u1901:
  5792   001834  EF21  F00C         	goto	l2645
  5793   001838                     u1900:
  5794   001838  6A06               	clrf	(OLED_WriteChar@index+1)^0,c
  5795   00183A  0E25               	movlw	37
  5796   00183C  6E05               	movwf	OLED_WriteChar@index^0,c
  5797   00183E  EF3B  F00C         	goto	l2653
  5798   001842                     l2645:
  5799   001842  0E25               	movlw	37
  5800   001844  1808               	xorwf	OLED_WriteChar@c^0,w,c
  5801   001846  A4D8               	btfss	status,2,c
  5802   001848  EF28  F00C         	goto	u1911
  5803   00184C  EF2A  F00C         	goto	u1910
  5804   001850                     u1911:
  5805   001850  EF2F  F00C         	goto	l2649
  5806   001854                     u1910:
  5807   001854  6A06               	clrf	(OLED_WriteChar@index+1)^0,c
  5808   001856  0E26               	movlw	38
  5809   001858  6E05               	movwf	OLED_WriteChar@index^0,c
  5810   00185A  EF3B  F00C         	goto	l2653
  5811   00185E                     l2649:
  5812   00185E  0E2E               	movlw	46
  5813   001860  1808               	xorwf	OLED_WriteChar@c^0,w,c
  5814   001862  A4D8               	btfss	status,2,c
  5815   001864  EF36  F00C         	goto	u1921
  5816   001868  EF38  F00C         	goto	u1920
  5817   00186C                     u1921:
  5818   00186C  EF3B  F00C         	goto	l2653
  5819   001870                     u1920:
  5820   001870  6A06               	clrf	(OLED_WriteChar@index+1)^0,c
  5821   001872  0E27               	movlw	39
  5822   001874  6E05               	movwf	OLED_WriteChar@index^0,c
  5823   001876                     l2653:
  5824                           
  5825                           ;oled.c: 142:     I2C_Start();
  5826   001876  EC59  F012         	call	_I2C_Start	;wreg free
  5827   00187A                     
  5828                           ;oled.c: 143:     I2C_Write(0x78);
  5829   00187A  0E78               	movlw	120
  5830   00187C  EC90  F010         	call	_I2C_Write
  5831   001880                     
  5832                           ;oled.c: 144:     I2C_Write(0x40);
  5833   001880  0E40               	movlw	64
  5834   001882  EC90  F010         	call	_I2C_Write
  5835   001886                     
  5836                           ;oled.c: 145:     for (i = 0; i < 5; i++) I2C_Write(font5x7[index][i]);
  5837   001886  6A07               	clrf	OLED_WriteChar@i^0,c
  5838   001888                     l2665:
  5839   001888  5005               	movf	OLED_WriteChar@index^0,w,c
  5840   00188A  0D05               	mullw	5
  5841   00188C  50F3               	movf	243,w,c
  5842   00188E  0F01               	addlw	low _font5x7
  5843   001890  2407               	addwf	OLED_WriteChar@i^0,w,c
  5844   001892  6E04               	movwf	??_OLED_WriteChar^0,c
  5845   001894  C004  FFF6         	movff	??_OLED_WriteChar,tblptrl
  5846   001898                     	if	1	;There is more than 1 active tblptr byte
  5847   001898  0E08               	movlw	high __smallconst
  5848   00189A  6EF7               	movwf	tblptrh,c
  5849   00189C                     	endif
  5850   00189C                     	if	0	;tblptru may be non-zero
  5851   00189C                     	endif
  5852   00189C                     	if	0	;tblptru may be non-zero
  5853   00189C                     	endif
  5854   00189C  0008               	tblrd		*
  5855   00189E  50F5               	movf	tablat,w,c
  5856   0018A0  EC90  F010         	call	_I2C_Write
  5857   0018A4  2A07               	incf	OLED_WriteChar@i^0,f,c
  5858   0018A6  0E04               	movlw	4
  5859   0018A8  6407               	cpfsgt	OLED_WriteChar@i^0,c
  5860   0018AA  EF59  F00C         	goto	u1931
  5861   0018AE  EF5B  F00C         	goto	u1930
  5862   0018B2                     u1931:
  5863   0018B2  EF44  F00C         	goto	l2665
  5864   0018B6                     u1930:
  5865   0018B6                     
  5866                           ;oled.c: 146:     I2C_Write(0x00);
  5867   0018B6  0E00               	movlw	0
  5868   0018B8  EC90  F010         	call	_I2C_Write
  5869   0018BC                     
  5870                           ;oled.c: 147:     I2C_Stop();
  5871   0018BC  ECA4  F012         	call	_I2C_Stop	;wreg free
  5872   0018C0  0012               	return		;funcret
  5873   0018C2                     __end_of_OLED_WriteChar:
  5874                           	callstack 0
  5875                           
  5876 ;; *************** function _OLED_SetCursor *****************
  5877 ;; Defined at:
  5878 ;;		line 124 in file "oled.c"
  5879 ;; Parameters:    Size  Location     Type
  5880 ;;  col             1    wreg     unsigned char 
  5881 ;;  page            1    4[COMRAM] unsigned char 
  5882 ;; Auto vars:     Size  Location     Type
  5883 ;;  col             1    5[COMRAM] unsigned char 
  5884 ;; Return value:  Size  Location     Type
  5885 ;;                  1    wreg      void 
  5886 ;; Registers used:
  5887 ;;		wreg, status,2, status,0, cstack
  5888 ;; Tracked objects:
  5889 ;;		On entry : 0/0
  5890 ;;		On exit  : 0/0
  5891 ;;		Unchanged: 0/0
  5892 ;; Data sizes:     COMRAM   BANK0   BANK1   BANK2   BANK3   BANK4   BANK5   BANK6   BANK7
  5893 ;;      Params:         1       0       0       0       0       0       0       0       0
  5894 ;;      Locals:         1       0       0       0       0       0       0       0       0
  5895 ;;      Temps:          0       0       0       0       0       0       0       0       0
  5896 ;;      Totals:         2       0       0       0       0       0       0       0       0
  5897 ;;Total ram usage:        2 bytes
  5898 ;; Hardware stack levels used: 1
  5899 ;; Hardware stack levels required when called: 1
  5900 ;; This function calls:
  5901 ;;		_OLED_Command
  5902 ;; This function is called by:
  5903 ;;		_main
  5904 ;; This function uses a non-reentrant model
  5905 ;;
  5906                           
  5907                           	psect	text26
  5908   002526                     __ptext26:
  5909                           	callstack 0
  5910   002526                     _OLED_SetCursor:
  5911                           	callstack 29
  5912                           
  5913                           ;incstack = 0
  5914                           ;OLED_SetCursor@col stored from wreg
  5915   002526  6E06               	movwf	OLED_SetCursor@col^0,c
  5916   002528                     
  5917                           ;oled.c: 125:     col += 2;
  5918   002528  0E02               	movlw	2
  5919   00252A  2606               	addwf	OLED_SetCursor@col^0,f,c
  5920   00252C                     
  5921                           ;oled.c: 126:     OLED_Command(0xB0 + page);
  5922   00252C  5005               	movf	OLED_SetCursor@page^0,w,c
  5923   00252E  0FB0               	addlw	176
  5924   002530  ECC4  F012         	call	_OLED_Command
  5925   002534                     
  5926                           ;oled.c: 127:     OLED_Command(0x00 | (col & 0x0F));
  5927   002534  5006               	movf	OLED_SetCursor@col^0,w,c
  5928   002536  0B0F               	andlw	15
  5929   002538  ECC4  F012         	call	_OLED_Command
  5930   00253C                     
  5931                           ;oled.c: 128:     OLED_Command(0x10 | (col >> 4));
  5932   00253C  3806               	swapf	OLED_SetCursor@col^0,w,c
  5933   00253E  0B0F               	andlw	15
  5934   002540  0910               	iorlw	16
  5935   002542  ECC4  F012         	call	_OLED_Command
  5936   002546  0012               	return		;funcret
  5937   002548                     __end_of_OLED_SetCursor:
  5938                           	callstack 0
  5939                           
  5940 ;; *************** function _OLED_Init *****************
  5941 ;; Defined at:
  5942 ;;		line 70 in file "oled.c"
  5943 ;; Parameters:    Size  Location     Type
  5944 ;;		None
  5945 ;; Auto vars:     Size  Location     Type
  5946 ;;		None
  5947 ;; Return value:  Size  Location     Type
  5948 ;;                  1    wreg      void 
  5949 ;; Registers used:
  5950 ;;		wreg, status,2, status,0, cstack
  5951 ;; Tracked objects:
  5952 ;;		On entry : 0/0
  5953 ;;		On exit  : 0/0
  5954 ;;		Unchanged: 0/0
  5955 ;; Data sizes:     COMRAM   BANK0   BANK1   BANK2   BANK3   BANK4   BANK5   BANK6   BANK7
  5956 ;;      Params:         0       0       0       0       0       0       0       0       0
  5957 ;;      Locals:         0       0       0       0       0       0       0       0       0
  5958 ;;      Temps:          2       0       0       0       0       0       0       0       0
  5959 ;;      Totals:         2       0       0       0       0       0       0       0       0
  5960 ;;Total ram usage:        2 bytes
  5961 ;; Hardware stack levels used: 1
  5962 ;; Hardware stack levels required when called: 1
  5963 ;; This function calls:
  5964 ;;		_OLED_Command
  5965 ;; This function is called by:
  5966 ;;		_main
  5967 ;; This function uses a non-reentrant model
  5968 ;;
  5969                           
  5970                           	psect	text27
  5971   001ACC                     __ptext27:
  5972                           	callstack 0
  5973   001ACC                     _OLED_Init:
  5974                           	callstack 29
  5975   001ACC                     
  5976                           ;oled.c: 71:     _delay((unsigned long)((200)*(8000000/4000.0)));
  5977   001ACC  0E03               	movlw	3
  5978   001ACE  6E06               	movwf	(??_OLED_Init+1)^0,c
  5979   001AD0  0E08               	movlw	8
  5980   001AD2  6E05               	movwf	??_OLED_Init^0,c
  5981   001AD4  0E77               	movlw	119
  5982   001AD6                     u2787:
  5983   001AD6  2EE8               	decfsz	wreg,f,c
  5984   001AD8  D7FE               	bra	u2787
  5985   001ADA  2E05               	decfsz	??_OLED_Init^0,f,c
  5986   001ADC  D7FC               	bra	u2787
  5987   001ADE  2E06               	decfsz	(??_OLED_Init+1)^0,f,c
  5988   001AE0  D7FA               	bra	u2787
  5989   001AE2  0000               	nop	
  5990   001AE4                     
  5991                           ;oled.c: 72:     OLED_Command(0xAE);
  5992   001AE4  0EAE               	movlw	174
  5993   001AE6  ECC4  F012         	call	_OLED_Command
  5994   001AEA                     
  5995                           ;oled.c: 73:     OLED_Command(0xD5); OLED_Command(0xF0);
  5996   001AEA  0ED5               	movlw	213
  5997   001AEC  ECC4  F012         	call	_OLED_Command
  5998   001AF0  0EF0               	movlw	240
  5999   001AF2  ECC4  F012         	call	_OLED_Command
  6000   001AF6                     
  6001                           ;oled.c: 74:     OLED_Command(0xA8); OLED_Command(0x3F);
  6002   001AF6  0EA8               	movlw	168
  6003   001AF8  ECC4  F012         	call	_OLED_Command
  6004   001AFC  0E3F               	movlw	63
  6005   001AFE  ECC4  F012         	call	_OLED_Command
  6006   001B02                     
  6007                           ;oled.c: 75:     OLED_Command(0xD3); OLED_Command(0x00);
  6008   001B02  0ED3               	movlw	211
  6009   001B04  ECC4  F012         	call	_OLED_Command
  6010   001B08  0E00               	movlw	0
  6011   001B0A  ECC4  F012         	call	_OLED_Command
  6012   001B0E                     
  6013                           ;oled.c: 76:     OLED_Command(0x40);
  6014   001B0E  0E40               	movlw	64
  6015   001B10  ECC4  F012         	call	_OLED_Command
  6016   001B14                     
  6017                           ;oled.c: 77:     OLED_Command(0x8D); OLED_Command(0x14);
  6018   001B14  0E8D               	movlw	141
  6019   001B16  ECC4  F012         	call	_OLED_Command
  6020   001B1A  0E14               	movlw	20
  6021   001B1C  ECC4  F012         	call	_OLED_Command
  6022   001B20                     
  6023                           ;oled.c: 78:     OLED_Command(0x20); OLED_Command(0x02);
  6024   001B20  0E20               	movlw	32
  6025   001B22  ECC4  F012         	call	_OLED_Command
  6026   001B26  0E02               	movlw	2
  6027   001B28  ECC4  F012         	call	_OLED_Command
  6028   001B2C                     
  6029                           ;oled.c: 79:     OLED_Command(0xA1);
  6030   001B2C  0EA1               	movlw	161
  6031   001B2E  ECC4  F012         	call	_OLED_Command
  6032   001B32                     
  6033                           ;oled.c: 80:     OLED_Command(0xC8);
  6034   001B32  0EC8               	movlw	200
  6035   001B34  ECC4  F012         	call	_OLED_Command
  6036   001B38                     
  6037                           ;oled.c: 81:     OLED_Command(0xDA); OLED_Command(0x12);
  6038   001B38  0EDA               	movlw	218
  6039   001B3A  ECC4  F012         	call	_OLED_Command
  6040   001B3E  0E12               	movlw	18
  6041   001B40  ECC4  F012         	call	_OLED_Command
  6042   001B44                     
  6043                           ;oled.c: 82:     OLED_Command(0x81); OLED_Command(0xFF);
  6044   001B44  0E81               	movlw	129
  6045   001B46  ECC4  F012         	call	_OLED_Command
  6046   001B4A  0EFF               	movlw	255
  6047   001B4C  ECC4  F012         	call	_OLED_Command
  6048   001B50                     
  6049                           ;oled.c: 83:     OLED_Command(0xD9); OLED_Command(0xF1);
  6050   001B50  0ED9               	movlw	217
  6051   001B52  ECC4  F012         	call	_OLED_Command
  6052   001B56  0EF1               	movlw	241
  6053   001B58  ECC4  F012         	call	_OLED_Command
  6054   001B5C                     
  6055                           ;oled.c: 84:     OLED_Command(0xDB); OLED_Command(0x40);
  6056   001B5C  0EDB               	movlw	219
  6057   001B5E  ECC4  F012         	call	_OLED_Command
  6058   001B62  0E40               	movlw	64
  6059   001B64  ECC4  F012         	call	_OLED_Command
  6060   001B68                     
  6061                           ;oled.c: 85:     OLED_Command(0xA4);
  6062   001B68  0EA4               	movlw	164
  6063   001B6A  ECC4  F012         	call	_OLED_Command
  6064   001B6E                     
  6065                           ;oled.c: 86:     OLED_Command(0xA6);
  6066   001B6E  0EA6               	movlw	166
  6067   001B70  ECC4  F012         	call	_OLED_Command
  6068   001B74                     
  6069                           ;oled.c: 87:     OLED_Command(0xAF);
  6070   001B74  0EAF               	movlw	175
  6071   001B76  ECC4  F012         	call	_OLED_Command
  6072   001B7A                     
  6073                           ;oled.c: 88:     _delay((unsigned long)((100)*(8000000/4000.0)));
  6074   001B7A  0E02               	movlw	2
  6075   001B7C  6E06               	movwf	(??_OLED_Init+1)^0,c
  6076   001B7E  0E04               	movlw	4
  6077   001B80  6E05               	movwf	??_OLED_Init^0,c
  6078   001B82  0EBA               	movlw	186
  6079   001B84                     u2797:
  6080   001B84  2EE8               	decfsz	wreg,f,c
  6081   001B86  D7FE               	bra	u2797
  6082   001B88  2E05               	decfsz	??_OLED_Init^0,f,c
  6083   001B8A  D7FC               	bra	u2797
  6084   001B8C  2E06               	decfsz	(??_OLED_Init+1)^0,f,c
  6085   001B8E  D7FA               	bra	u2797
  6086   001B90  D000               	nop2	
  6087   001B92  0012               	return		;funcret
  6088   001B94                     __end_of_OLED_Init:
  6089                           	callstack 0
  6090                           
  6091 ;; *************** function _OLED_ClearLine *****************
  6092 ;; Defined at:
  6093 ;;		line 109 in file "oled.c"
  6094 ;; Parameters:    Size  Location     Type
  6095 ;;  linea           1    wreg     unsigned char 
  6096 ;; Auto vars:     Size  Location     Type
  6097 ;;  linea           1    4[COMRAM] unsigned char 
  6098 ;;  i               1    5[COMRAM] unsigned char 
  6099 ;; Return value:  Size  Location     Type
  6100 ;;                  1    wreg      void 
  6101 ;; Registers used:
  6102 ;;		wreg, status,2, status,0, cstack
  6103 ;; Tracked objects:
  6104 ;;		On entry : 0/0
  6105 ;;		On exit  : 0/0
  6106 ;;		Unchanged: 0/0
  6107 ;; Data sizes:     COMRAM   BANK0   BANK1   BANK2   BANK3   BANK4   BANK5   BANK6   BANK7
  6108 ;;      Params:         0       0       0       0       0       0       0       0       0
  6109 ;;      Locals:         2       0       0       0       0       0       0       0       0
  6110 ;;      Temps:          0       0       0       0       0       0       0       0       0
  6111 ;;      Totals:         2       0       0       0       0       0       0       0       0
  6112 ;;Total ram usage:        2 bytes
  6113 ;; Hardware stack levels used: 1
  6114 ;; Hardware stack levels required when called: 1
  6115 ;; This function calls:
  6116 ;;		_I2C_Start
  6117 ;;		_I2C_Stop
  6118 ;;		_I2C_Write
  6119 ;;		_OLED_Command
  6120 ;; This function is called by:
  6121 ;;		_main
  6122 ;; This function uses a non-reentrant model
  6123 ;;
  6124                           
  6125                           	psect	text28
  6126   00230C                     __ptext28:
  6127                           	callstack 0
  6128   00230C                     _OLED_ClearLine:
  6129                           	callstack 29
  6130                           
  6131                           ;incstack = 0
  6132                           ;OLED_ClearLine@linea stored from wreg
  6133   00230C  6E05               	movwf	OLED_ClearLine@linea^0,c
  6134   00230E                     
  6135                           ;oled.c: 110:     unsigned char i;;oled.c: 112:     OLED_Command(0xB0 + linea);
  6136   00230E  5005               	movf	OLED_ClearLine@linea^0,w,c
  6137   002310  0FB0               	addlw	176
  6138   002312  ECC4  F012         	call	_OLED_Command
  6139                           
  6140                           ;oled.c: 113:     OLED_Command(0x02);
  6141   002316  0E02               	movlw	2
  6142   002318  ECC4  F012         	call	_OLED_Command
  6143                           
  6144                           ;oled.c: 114:     OLED_Command(0x10);
  6145   00231C  0E10               	movlw	16
  6146   00231E  ECC4  F012         	call	_OLED_Command
  6147   002322                     
  6148                           ;oled.c: 116:     I2C_Start();
  6149   002322  EC59  F012         	call	_I2C_Start	;wreg free
  6150   002326                     
  6151                           ;oled.c: 117:     I2C_Write(0x78);
  6152   002326  0E78               	movlw	120
  6153   002328  EC90  F010         	call	_I2C_Write
  6154   00232C                     
  6155                           ;oled.c: 118:     I2C_Write(0x40);
  6156   00232C  0E40               	movlw	64
  6157   00232E  EC90  F010         	call	_I2C_Write
  6158   002332                     
  6159                           ;oled.c: 119:     for (i = 0; i < 128; i++) I2C_Write(0x00);
  6160   002332  6A06               	clrf	OLED_ClearLine@i^0,c
  6161   002334                     l3283:
  6162   002334  0E00               	movlw	0
  6163   002336  EC90  F010         	call	_I2C_Write
  6164   00233A  2A06               	incf	OLED_ClearLine@i^0,f,c
  6165   00233C  0E7F               	movlw	127
  6166   00233E  6406               	cpfsgt	OLED_ClearLine@i^0,c
  6167   002340  EFA4  F011         	goto	u2631
  6168   002344  EFA6  F011         	goto	u2630
  6169   002348                     u2631:
  6170   002348  EF9A  F011         	goto	l3283
  6171   00234C                     u2630:
  6172   00234C                     
  6173                           ;oled.c: 120:     I2C_Stop();
  6174   00234C  ECA4  F012         	call	_I2C_Stop	;wreg free
  6175   002350  0012               	return		;funcret
  6176   002352                     __end_of_OLED_ClearLine:
  6177                           	callstack 0
  6178                           
  6179 ;; *************** function _OLED_Clear *****************
  6180 ;; Defined at:
  6181 ;;		line 94 in file "oled.c"
  6182 ;; Parameters:    Size  Location     Type
  6183 ;;		None
  6184 ;; Auto vars:     Size  Location     Type
  6185 ;;  page            1    5[COMRAM] unsigned char 
  6186 ;;  i               1    4[COMRAM] unsigned char 
  6187 ;; Return value:  Size  Location     Type
  6188 ;;                  1    wreg      void 
  6189 ;; Registers used:
  6190 ;;		wreg, status,2, status,0, cstack
  6191 ;; Tracked objects:
  6192 ;;		On entry : 0/0
  6193 ;;		On exit  : 0/0
  6194 ;;		Unchanged: 0/0
  6195 ;; Data sizes:     COMRAM   BANK0   BANK1   BANK2   BANK3   BANK4   BANK5   BANK6   BANK7
  6196 ;;      Params:         0       0       0       0       0       0       0       0       0
  6197 ;;      Locals:         2       0       0       0       0       0       0       0       0
  6198 ;;      Temps:          0       0       0       0       0       0       0       0       0
  6199 ;;      Totals:         2       0       0       0       0       0       0       0       0
  6200 ;;Total ram usage:        2 bytes
  6201 ;; Hardware stack levels used: 1
  6202 ;; Hardware stack levels required when called: 2
  6203 ;; This function calls:
  6204 ;;		_I2C_Start
  6205 ;;		_I2C_Stop
  6206 ;;		_I2C_Write
  6207 ;;		_OLED_Command
  6208 ;; This function is called by:
  6209 ;;		_main
  6210 ;; This function uses a non-reentrant model
  6211 ;;
  6212                           
  6213                           	psect	text29
  6214   002268                     __ptext29:
  6215                           	callstack 0
  6216   002268                     _OLED_Clear:
  6217                           	callstack 28
  6218   002268                     
  6219                           ;oled.c: 95:     unsigned char page, i;;oled.c: 96:     for (page = 0; page < 8; page++)
      +                           {
  6220   002268  6A06               	clrf	OLED_Clear@page^0,c
  6221   00226A                     l3109:
  6222                           
  6223                           ;oled.c: 97:         OLED_Command(0xB0 + page);
  6224   00226A  5006               	movf	OLED_Clear@page^0,w,c
  6225   00226C  0FB0               	addlw	176
  6226   00226E  ECC4  F012         	call	_OLED_Command
  6227                           
  6228                           ;oled.c: 98:         OLED_Command(0x00);
  6229   002272  0E00               	movlw	0
  6230   002274  ECC4  F012         	call	_OLED_Command
  6231                           
  6232                           ;oled.c: 99:         OLED_Command(0x10);
  6233   002278  0E10               	movlw	16
  6234   00227A  ECC4  F012         	call	_OLED_Command
  6235   00227E                     
  6236                           ;oled.c: 100:         I2C_Start();
  6237   00227E  EC59  F012         	call	_I2C_Start	;wreg free
  6238   002282                     
  6239                           ;oled.c: 101:         I2C_Write(0x78);
  6240   002282  0E78               	movlw	120
  6241   002284  EC90  F010         	call	_I2C_Write
  6242   002288                     
  6243                           ;oled.c: 102:         I2C_Write(0x40);
  6244   002288  0E40               	movlw	64
  6245   00228A  EC90  F010         	call	_I2C_Write
  6246   00228E                     
  6247                           ;oled.c: 103:         for (i = 0; i < 128; i++) I2C_Write(0x00);
  6248   00228E  6A05               	clrf	OLED_Clear@i^0,c
  6249   002290                     l3123:
  6250   002290  0E00               	movlw	0
  6251   002292  EC90  F010         	call	_I2C_Write
  6252   002296  2A05               	incf	OLED_Clear@i^0,f,c
  6253   002298  0E7F               	movlw	127
  6254   00229A  6405               	cpfsgt	OLED_Clear@i^0,c
  6255   00229C  EF52  F011         	goto	u2471
  6256   0022A0  EF54  F011         	goto	u2470
  6257   0022A4                     u2471:
  6258   0022A4  EF48  F011         	goto	l3123
  6259   0022A8                     u2470:
  6260   0022A8                     
  6261                           ;oled.c: 104:         I2C_Stop();
  6262   0022A8  ECA4  F012         	call	_I2C_Stop	;wreg free
  6263   0022AC                     
  6264                           ;oled.c: 105:     }
  6265   0022AC  2A06               	incf	OLED_Clear@page^0,f,c
  6266   0022AE  0E07               	movlw	7
  6267   0022B0  6406               	cpfsgt	OLED_Clear@page^0,c
  6268   0022B2  EF5D  F011         	goto	u2481
  6269   0022B6  EF5F  F011         	goto	u2480
  6270   0022BA                     u2481:
  6271   0022BA  EF35  F011         	goto	l3109
  6272   0022BE                     u2480:
  6273   0022BE  0012               	return		;funcret
  6274   0022C0                     __end_of_OLED_Clear:
  6275                           	callstack 0
  6276                           
  6277 ;; *************** function _OLED_Command *****************
  6278 ;; Defined at:
  6279 ;;		line 53 in file "oled.c"
  6280 ;; Parameters:    Size  Location     Type
  6281 ;;  cmd             1    wreg     unsigned char 
  6282 ;; Auto vars:     Size  Location     Type
  6283 ;;  cmd             1    3[COMRAM] unsigned char 
  6284 ;; Return value:  Size  Location     Type
  6285 ;;                  1    wreg      void 
  6286 ;; Registers used:
  6287 ;;		wreg, status,2, status,0, cstack
  6288 ;; Tracked objects:
  6289 ;;		On entry : 0/0
  6290 ;;		On exit  : 0/0
  6291 ;;		Unchanged: 0/0
  6292 ;; Data sizes:     COMRAM   BANK0   BANK1   BANK2   BANK3   BANK4   BANK5   BANK6   BANK7
  6293 ;;      Params:         0       0       0       0       0       0       0       0       0
  6294 ;;      Locals:         1       0       0       0       0       0       0       0       0
  6295 ;;      Temps:          0       0       0       0       0       0       0       0       0
  6296 ;;      Totals:         1       0       0       0       0       0       0       0       0
  6297 ;;Total ram usage:        1 bytes
  6298 ;; Hardware stack levels used: 1
  6299 ;; This function calls:
  6300 ;;		_I2C_Start
  6301 ;;		_I2C_Stop
  6302 ;;		_I2C_Write
  6303 ;; This function is called by:
  6304 ;;		_OLED_Init
  6305 ;;		_OLED_Clear
  6306 ;;		_OLED_ClearLine
  6307 ;;		_OLED_SetCursor
  6308 ;; This function uses a non-reentrant model
  6309 ;;
  6310                           
  6311                           	psect	text30
  6312   002588                     __ptext30:
  6313                           	callstack 0
  6314   002588                     _OLED_Command:
  6315                           	callstack 29
  6316                           
  6317                           ;incstack = 0
  6318                           ;OLED_Command@cmd stored from wreg
  6319   002588  6E04               	movwf	OLED_Command@cmd^0,c
  6320   00258A                     
  6321                           ;oled.c: 54:     I2C_Start();
  6322   00258A  EC59  F012         	call	_I2C_Start	;wreg free
  6323   00258E                     
  6324                           ;oled.c: 55:     I2C_Write(0x78);
  6325   00258E  0E78               	movlw	120
  6326   002590  EC90  F010         	call	_I2C_Write
  6327   002594                     
  6328                           ;oled.c: 56:     I2C_Write(0x00);
  6329   002594  0E00               	movlw	0
  6330   002596  EC90  F010         	call	_I2C_Write
  6331   00259A                     
  6332                           ;oled.c: 57:     I2C_Write(cmd);
  6333   00259A  5004               	movf	OLED_Command@cmd^0,w,c
  6334   00259C  EC90  F010         	call	_I2C_Write
  6335   0025A0                     
  6336                           ;oled.c: 58:     I2C_Stop();
  6337   0025A0  ECA4  F012         	call	_I2C_Stop	;wreg free
  6338   0025A4  0012               	return		;funcret
  6339   0025A6                     __end_of_OLED_Command:
  6340                           	callstack 0
  6341                           
  6342 ;; *************** function _I2C_Init *****************
  6343 ;; Defined at:
  6344 ;;		line 12 in file "i2c.c"
  6345 ;; Parameters:    Size  Location     Type
  6346 ;;		None
  6347 ;; Auto vars:     Size  Location     Type
  6348 ;;		None
  6349 ;; Return value:  Size  Location     Type
  6350 ;;                  1    wreg      void 
  6351 ;; Registers used:
  6352 ;;		None
  6353 ;; Tracked objects:
  6354 ;;		On entry : 0/0
  6355 ;;		On exit  : 0/0
  6356 ;;		Unchanged: 0/0
  6357 ;; Data sizes:     COMRAM   BANK0   BANK1   BANK2   BANK3   BANK4   BANK5   BANK6   BANK7
  6358 ;;      Params:         0       0       0       0       0       0       0       0       0
  6359 ;;      Locals:         0       0       0       0       0       0       0       0       0
  6360 ;;      Temps:          0       0       0       0       0       0       0       0       0
  6361 ;;      Totals:         0       0       0       0       0       0       0       0       0
  6362 ;;Total ram usage:        0 bytes
  6363 ;; Hardware stack levels used: 1
  6364 ;; This function calls:
  6365 ;;		Nothing
  6366 ;; This function is called by:
  6367 ;;		_main
  6368 ;; This function uses a non-reentrant model
  6369 ;;
  6370                           
  6371                           	psect	text31
  6372   00260C                     __ptext31:
  6373                           	callstack 0
  6374   00260C                     _I2C_Init:
  6375                           	callstack 30
  6376   00260C                     
  6377                           ;i2c.c: 13:     TRISBbits.TRISB0 = 0;
  6378   00260C  9093               	bcf	147,0,c	;volatile
  6379                           
  6380                           ;i2c.c: 14:     TRISBbits.TRISB1 = 0;
  6381   00260E  9293               	bcf	147,1,c	;volatile
  6382                           
  6383                           ;i2c.c: 15:     LATBbits.LATB0 = 1;
  6384   002610  808A               	bsf	138,0,c	;volatile
  6385                           
  6386                           ;i2c.c: 16:     LATBbits.LATB1 = 1;
  6387   002612  828A               	bsf	138,1,c	;volatile
  6388                           
  6389                           ;i2c.c: 17:     INTCON2bits.RBPU = 0;
  6390   002614  9EF1               	bcf	241,7,c	;volatile
  6391   002616  0012               	return		;funcret
  6392   002618                     __end_of_I2C_Init:
  6393                           	callstack 0
  6394                           
  6395 ;; *************** function _BME280_ReadHumidity *****************
  6396 ;; Defined at:
  6397 ;;		line 40 in file "bme280.c"
  6398 ;; Parameters:    Size  Location     Type
  6399 ;;		None
  6400 ;; Auto vars:     Size  Location     Type
  6401 ;;  raw             2   70[COMRAM] unsigned int 
  6402 ;;  lsb             1   73[COMRAM] unsigned char 
  6403 ;;  msb             1   72[COMRAM] unsigned char 
  6404 ;; Return value:  Size  Location     Type
  6405 ;;                  4   64[COMRAM] float 
  6406 ;; Registers used:
  6407 ;;		wreg, status,2, status,0, cstack
  6408 ;; Tracked objects:
  6409 ;;		On entry : 0/0
  6410 ;;		On exit  : 0/0
  6411 ;;		Unchanged: 0/0
  6412 ;; Data sizes:     COMRAM   BANK0   BANK1   BANK2   BANK3   BANK4   BANK5   BANK6   BANK7
  6413 ;;      Params:         4       0       0       0       0       0       0       0       0
  6414 ;;      Locals:         4       0       0       0       0       0       0       0       0
  6415 ;;      Temps:          2       0       0       0       0       0       0       0       0
  6416 ;;      Totals:        10       0       0       0       0       0       0       0       0
  6417 ;;Total ram usage:       10 bytes
  6418 ;; Hardware stack levels used: 1
  6419 ;; Hardware stack levels required when called: 2
  6420 ;; This function calls:
  6421 ;;		_BME280_Read
  6422 ;;		_BME280_Write
  6423 ;;		___fldiv
  6424 ;;		___xxtofl
  6425 ;; This function is called by:
  6426 ;;		_main
  6427 ;; This function uses a non-reentrant model
  6428 ;;
  6429                           
  6430                           	psect	text32
  6431   002016                     __ptext32:
  6432                           	callstack 0
  6433   002016                     _BME280_ReadHumidity:
  6434                           	callstack 28
  6435   002016                     
  6436                           ;bme280.c: 41:     unsigned char msb, lsb;;bme280.c: 42:     unsigned int raw;;bme280.c:
      +                           45:     BME280_Write(0xF2, 0x01);
  6437   002016  0E01               	movlw	1
  6438   002018  6E04               	movwf	BME280_Write@data^0,c
  6439   00201A  0EF2               	movlw	242
  6440   00201C  ECD3  F012         	call	_BME280_Write
  6441                           
  6442                           ;bme280.c: 46:     BME280_Write(0xF4, 0x25);
  6443   002020  0E25               	movlw	37
  6444   002022  6E04               	movwf	BME280_Write@data^0,c
  6445   002024  0EF4               	movlw	244
  6446   002026  ECD3  F012         	call	_BME280_Write
  6447   00202A                     
  6448                           ;bme280.c: 47:     _delay((unsigned long)((50)*(8000000/4000.0)));
  6449   00202A  0E82               	movlw	130
  6450   00202C  6E45               	movwf	??_BME280_ReadHumidity^0,c
  6451   00202E  0EDE               	movlw	222
  6452   002030                     u2807:
  6453   002030  2EE8               	decfsz	wreg,f,c
  6454   002032  D7FE               	bra	u2807
  6455   002034  2E45               	decfsz	??_BME280_ReadHumidity^0,f,c
  6456   002036  D7FC               	bra	u2807
  6457   002038                     
  6458                           ;bme280.c: 50:     msb = BME280_Read(0xFD);
  6459   002038  0EFD               	movlw	253
  6460   00203A  ECCA  F011         	call	_BME280_Read
  6461   00203E  6E49               	movwf	BME280_ReadHumidity@msb^0,c
  6462   002040                     
  6463                           ;bme280.c: 51:     lsb = BME280_Read(0xFE);
  6464   002040  0EFE               	movlw	254
  6465   002042  ECCA  F011         	call	_BME280_Read
  6466   002046  6E4A               	movwf	BME280_ReadHumidity@lsb^0,c
  6467   002048                     
  6468                           ;bme280.c: 54:     raw = ((unsigned int)msb << 8) | lsb;
  6469   002048  5049               	movf	BME280_ReadHumidity@msb^0,w,c
  6470   00204A  6E45               	movwf	??_BME280_ReadHumidity^0,c
  6471   00204C  504A               	movf	BME280_ReadHumidity@lsb^0,w,c
  6472   00204E  6E47               	movwf	BME280_ReadHumidity@raw^0,c
  6473   002050  C045  F048         	movff	??_BME280_ReadHumidity,BME280_ReadHumidity@raw+1
  6474   002054                     
  6475                           ;bme280.c: 58:     return (float)raw / 655.36f;
  6476   002054  C047  F001         	movff	BME280_ReadHumidity@raw,___xxtofl@val
  6477   002058  C048  F002         	movff	BME280_ReadHumidity@raw+1,___xxtofl@val+1
  6478   00205C  6A03               	clrf	(___xxtofl@val+2)^0,c
  6479   00205E  6A04               	clrf	(___xxtofl@val+3)^0,c
  6480   002060  0E00               	movlw	0
  6481   002062  EC51  F00A         	call	___xxtofl
  6482   002066  C001  F028         	movff	?___xxtofl,___fldiv@b
  6483   00206A  C002  F029         	movff	?___xxtofl+1,___fldiv@b+1
  6484   00206E  C003  F02A         	movff	?___xxtofl+2,___fldiv@b+2
  6485   002072  C004  F02B         	movff	?___xxtofl+3,___fldiv@b+3
  6486   002076  0E0A               	movlw	10
  6487   002078  6E2C               	movwf	___fldiv@a^0,c
  6488   00207A  0ED7               	movlw	215
  6489   00207C  6E2D               	movwf	(___fldiv@a+1)^0,c
  6490   00207E  0E23               	movlw	35
  6491   002080  6E2E               	movwf	(___fldiv@a+2)^0,c
  6492   002082  0E44               	movlw	68
  6493   002084  6E2F               	movwf	(___fldiv@a+3)^0,c
  6494   002086  EC89  F006         	call	___fldiv	;wreg free
  6495   00208A  C028  F041         	movff	?___fldiv,?_BME280_ReadHumidity
  6496   00208E  C029  F042         	movff	?___fldiv+1,?_BME280_ReadHumidity+1
  6497   002092  C02A  F043         	movff	?___fldiv+2,?_BME280_ReadHumidity+2
  6498   002096  C02B  F044         	movff	?___fldiv+3,?_BME280_ReadHumidity+3
  6499   00209A  0012               	return		;funcret
  6500   00209C                     __end_of_BME280_ReadHumidity:
  6501                           	callstack 0
  6502                           
  6503 ;; *************** function _BME280_Read *****************
  6504 ;; Defined at:
  6505 ;;		line 16 in file "bme280.c"
  6506 ;; Parameters:    Size  Location     Type
  6507 ;;  reg             1    wreg     unsigned char 
  6508 ;; Auto vars:     Size  Location     Type
  6509 ;;  reg             1    4[COMRAM] unsigned char 
  6510 ;;  data            1    5[COMRAM] unsigned char 
  6511 ;; Return value:  Size  Location     Type
  6512 ;;                  1    wreg      unsigned char 
  6513 ;; Registers used:
  6514 ;;		wreg, status,2, status,0, cstack
  6515 ;; Tracked objects:
  6516 ;;		On entry : 0/0
  6517 ;;		On exit  : 0/0
  6518 ;;		Unchanged: 0/0
  6519 ;; Data sizes:     COMRAM   BANK0   BANK1   BANK2   BANK3   BANK4   BANK5   BANK6   BANK7
  6520 ;;      Params:         0       0       0       0       0       0       0       0       0
  6521 ;;      Locals:         2       0       0       0       0       0       0       0       0
  6522 ;;      Temps:          0       0       0       0       0       0       0       0       0
  6523 ;;      Totals:         2       0       0       0       0       0       0       0       0
  6524 ;;Total ram usage:        2 bytes
  6525 ;; Hardware stack levels used: 1
  6526 ;; Hardware stack levels required when called: 1
  6527 ;; This function calls:
  6528 ;;		_I2C_Read
  6529 ;;		_I2C_Start
  6530 ;;		_I2C_Stop
  6531 ;;		_I2C_Write
  6532 ;; This function is called by:
  6533 ;;		_BME280_ReadHumidity
  6534 ;; This function uses a non-reentrant model
  6535 ;;
  6536                           
  6537                           	psect	text33
  6538   002394                     __ptext33:
  6539                           	callstack 0
  6540   002394                     _BME280_Read:
  6541                           	callstack 28
  6542                           
  6543                           ;incstack = 0
  6544                           ;BME280_Read@reg stored from wreg
  6545   002394  6E05               	movwf	BME280_Read@reg^0,c
  6546   002396                     
  6547                           ;bme280.c: 17:     unsigned char data;;bme280.c: 18:     I2C_Start();
  6548   002396  EC59  F012         	call	_I2C_Start	;wreg free
  6549   00239A                     
  6550                           ;bme280.c: 19:     I2C_Write(0x76 << 1);
  6551   00239A  0EEC               	movlw	236
  6552   00239C  EC90  F010         	call	_I2C_Write
  6553   0023A0                     
  6554                           ;bme280.c: 20:     I2C_Write(reg);
  6555   0023A0  5005               	movf	BME280_Read@reg^0,w,c
  6556   0023A2  EC90  F010         	call	_I2C_Write
  6557                           
  6558                           ;bme280.c: 21:     I2C_Stop();
  6559   0023A6  ECA4  F012         	call	_I2C_Stop	;wreg free
  6560   0023AA                     
  6561                           ;bme280.c: 22:     _delay((unsigned long)((50)*(8000000/4000000.0)));
  6562   0023AA  0E21               	movlw	33
  6563   0023AC                     u2817:
  6564   0023AC  2EE8               	decfsz	wreg,f,c
  6565   0023AE  D7FE               	bra	u2817
  6566   0023B0  0000               	nop	
  6567   0023B2                     
  6568                           ;bme280.c: 24:     I2C_Start();
  6569   0023B2  EC59  F012         	call	_I2C_Start	;wreg free
  6570   0023B6                     
  6571                           ;bme280.c: 25:     I2C_Write((0x76 << 1) | 1);
  6572   0023B6  0EED               	movlw	237
  6573   0023B8  EC90  F010         	call	_I2C_Write
  6574   0023BC                     
  6575                           ;bme280.c: 26:     data = I2C_Read(0);
  6576   0023BC  0E00               	movlw	0
  6577   0023BE  ECC3  F00F         	call	_I2C_Read
  6578   0023C2  6E06               	movwf	BME280_Read@data^0,c
  6579   0023C4                     
  6580                           ;bme280.c: 27:     I2C_Stop();
  6581   0023C4  ECA4  F012         	call	_I2C_Stop	;wreg free
  6582   0023C8                     
  6583                           ;bme280.c: 28:     _delay((unsigned long)((50)*(8000000/4000000.0)));
  6584   0023C8  0E21               	movlw	33
  6585   0023CA                     u2827:
  6586   0023CA  2EE8               	decfsz	wreg,f,c
  6587   0023CC  D7FE               	bra	u2827
  6588   0023CE  0000               	nop	
  6589   0023D0                     
  6590                           ;bme280.c: 29:     return data;
  6591   0023D0  5006               	movf	BME280_Read@data^0,w,c
  6592   0023D2  0012               	return		;funcret
  6593   0023D4                     __end_of_BME280_Read:
  6594                           	callstack 0
  6595                           
  6596 ;; *************** function _BME280_Init *****************
  6597 ;; Defined at:
  6598 ;;		line 32 in file "bme280.c"
  6599 ;; Parameters:    Size  Location     Type
  6600 ;;		None
  6601 ;; Auto vars:     Size  Location     Type
  6602 ;;		None
  6603 ;; Return value:  Size  Location     Type
  6604 ;;                  1    wreg      void 
  6605 ;; Registers used:
  6606 ;;		wreg, status,2, status,0, cstack
  6607 ;; Tracked objects:
  6608 ;;		On entry : 0/0
  6609 ;;		On exit  : 0/0
  6610 ;;		Unchanged: 0/0
  6611 ;; Data sizes:     COMRAM   BANK0   BANK1   BANK2   BANK3   BANK4   BANK5   BANK6   BANK7
  6612 ;;      Params:         0       0       0       0       0       0       0       0       0
  6613 ;;      Locals:         0       0       0       0       0       0       0       0       0
  6614 ;;      Temps:          2       0       0       0       0       0       0       0       0
  6615 ;;      Totals:         2       0       0       0       0       0       0       0       0
  6616 ;;Total ram usage:        2 bytes
  6617 ;; Hardware stack levels used: 1
  6618 ;; Hardware stack levels required when called: 2
  6619 ;; This function calls:
  6620 ;;		_BME280_Write
  6621 ;; This function is called by:
  6622 ;;		_main
  6623 ;; This function uses a non-reentrant model
  6624 ;;
  6625                           
  6626                           	psect	text34
  6627   0023D4                     __ptext34:
  6628                           	callstack 0
  6629   0023D4                     _BME280_Init:
  6630                           	callstack 28
  6631   0023D4                     
  6632                           ;bme280.c: 33:     _delay((unsigned long)((100)*(8000000/4000.0)));
  6633   0023D4  0E02               	movlw	2
  6634   0023D6  6E07               	movwf	(??_BME280_Init+1)^0,c
  6635   0023D8  0E04               	movlw	4
  6636   0023DA  6E06               	movwf	??_BME280_Init^0,c
  6637   0023DC  0EBA               	movlw	186
  6638   0023DE                     u2837:
  6639   0023DE  2EE8               	decfsz	wreg,f,c
  6640   0023E0  D7FE               	bra	u2837
  6641   0023E2  2E06               	decfsz	??_BME280_Init^0,f,c
  6642   0023E4  D7FC               	bra	u2837
  6643   0023E6  2E07               	decfsz	(??_BME280_Init+1)^0,f,c
  6644   0023E8  D7FA               	bra	u2837
  6645   0023EA  D000               	nop2	
  6646   0023EC                     
  6647                           ;bme280.c: 34:     BME280_Write(0xF2, 0x01);
  6648   0023EC  0E01               	movlw	1
  6649   0023EE  6E04               	movwf	BME280_Write@data^0,c
  6650   0023F0  0EF2               	movlw	242
  6651   0023F2  ECD3  F012         	call	_BME280_Write
  6652   0023F6                     
  6653                           ;bme280.c: 35:     BME280_Write(0xF5, 0xA0);
  6654   0023F6  0EA0               	movlw	160
  6655   0023F8  6E04               	movwf	BME280_Write@data^0,c
  6656   0023FA  0EF5               	movlw	245
  6657   0023FC  ECD3  F012         	call	_BME280_Write
  6658                           
  6659                           ;bme280.c: 36:     _delay((unsigned long)((10)*(8000000/4000.0)));
  6660   002400  0E1A               	movlw	26
  6661   002402  6E06               	movwf	??_BME280_Init^0,c
  6662   002404  0EF8               	movlw	248
  6663   002406                     u2847:
  6664   002406  2EE8               	decfsz	wreg,f,c
  6665   002408  D7FE               	bra	u2847
  6666   00240A  2E06               	decfsz	??_BME280_Init^0,f,c
  6667   00240C  D7FC               	bra	u2847
  6668   00240E  D000               	nop2	
  6669   002410  0012               	return		;funcret
  6670   002412                     __end_of_BME280_Init:
  6671                           	callstack 0
  6672                           
  6673 ;; *************** function _BME280_Write *****************
  6674 ;; Defined at:
  6675 ;;		line 8 in file "bme280.c"
  6676 ;; Parameters:    Size  Location     Type
  6677 ;;  reg             1    wreg     unsigned char 
  6678 ;;  data            1    3[COMRAM] unsigned char 
  6679 ;; Auto vars:     Size  Location     Type
  6680 ;;  reg             1    4[COMRAM] unsigned char 
  6681 ;; Return value:  Size  Location     Type
  6682 ;;                  1    wreg      void 
  6683 ;; Registers used:
  6684 ;;		wreg, status,2, status,0, cstack
  6685 ;; Tracked objects:
  6686 ;;		On entry : 0/0
  6687 ;;		On exit  : 0/0
  6688 ;;		Unchanged: 0/0
  6689 ;; Data sizes:     COMRAM   BANK0   BANK1   BANK2   BANK3   BANK4   BANK5   BANK6   BANK7
  6690 ;;      Params:         1       0       0       0       0       0       0       0       0
  6691 ;;      Locals:         1       0       0       0       0       0       0       0       0
  6692 ;;      Temps:          0       0       0       0       0       0       0       0       0
  6693 ;;      Totals:         2       0       0       0       0       0       0       0       0
  6694 ;;Total ram usage:        2 bytes
  6695 ;; Hardware stack levels used: 1
  6696 ;; This function calls:
  6697 ;;		_I2C_Start
  6698 ;;		_I2C_Stop
  6699 ;;		_I2C_Write
  6700 ;; This function is called by:
  6701 ;;		_BME280_Init
  6702 ;;		_BME280_ReadHumidity
  6703 ;; This function uses a non-reentrant model
  6704 ;;
  6705                           
  6706                           	psect	text35
  6707   0025A6                     __ptext35:
  6708                           	callstack 0
  6709   0025A6                     _BME280_Write:
  6710                           	callstack 29
  6711                           
  6712                           ;incstack = 0
  6713                           ;BME280_Write@reg stored from wreg
  6714   0025A6  6E05               	movwf	BME280_Write@reg^0,c
  6715   0025A8                     
  6716                           ;bme280.c: 9:     I2C_Start();
  6717   0025A8  EC59  F012         	call	_I2C_Start	;wreg free
  6718   0025AC                     
  6719                           ;bme280.c: 10:     I2C_Write(0x76 << 1);
  6720   0025AC  0EEC               	movlw	236
  6721   0025AE  EC90  F010         	call	_I2C_Write
  6722   0025B2                     
  6723                           ;bme280.c: 11:     I2C_Write(reg);
  6724   0025B2  5005               	movf	BME280_Write@reg^0,w,c
  6725   0025B4  EC90  F010         	call	_I2C_Write
  6726   0025B8                     
  6727                           ;bme280.c: 12:     I2C_Write(data);
  6728   0025B8  5004               	movf	BME280_Write@data^0,w,c
  6729   0025BA  EC90  F010         	call	_I2C_Write
  6730   0025BE                     
  6731                           ;bme280.c: 13:     I2C_Stop();
  6732   0025BE  ECA4  F012         	call	_I2C_Stop	;wreg free
  6733   0025C2  0012               	return		;funcret
  6734   0025C4                     __end_of_BME280_Write:
  6735                           	callstack 0
  6736                           
  6737 ;; *************** function _BH1750_ReadLux *****************
  6738 ;; Defined at:
  6739 ;;		line 18 in file "bh1750.c"
  6740 ;; Parameters:    Size  Location     Type
  6741 ;;		None
  6742 ;; Auto vars:     Size  Location     Type
  6743 ;;  raw             2   70[COMRAM] unsigned int 
  6744 ;;  lsb             1   73[COMRAM] unsigned char 
  6745 ;;  msb             1   72[COMRAM] unsigned char 
  6746 ;; Return value:  Size  Location     Type
  6747 ;;                  4   64[COMRAM] float 
  6748 ;; Registers used:
  6749 ;;		wreg, status,2, status,0, cstack
  6750 ;; Tracked objects:
  6751 ;;		On entry : 0/0
  6752 ;;		On exit  : 0/0
  6753 ;;		Unchanged: 0/0
  6754 ;; Data sizes:     COMRAM   BANK0   BANK1   BANK2   BANK3   BANK4   BANK5   BANK6   BANK7
  6755 ;;      Params:         4       0       0       0       0       0       0       0       0
  6756 ;;      Locals:         4       0       0       0       0       0       0       0       0
  6757 ;;      Temps:          2       0       0       0       0       0       0       0       0
  6758 ;;      Totals:        10       0       0       0       0       0       0       0       0
  6759 ;;Total ram usage:       10 bytes
  6760 ;; Hardware stack levels used: 1
  6761 ;; Hardware stack levels required when called: 1
  6762 ;; This function calls:
  6763 ;;		_I2C_Read
  6764 ;;		_I2C_Start
  6765 ;;		_I2C_Stop
  6766 ;;		_I2C_Write
  6767 ;;		___fldiv
  6768 ;;		___xxtofl
  6769 ;; This function is called by:
  6770 ;;		_main
  6771 ;; This function uses a non-reentrant model
  6772 ;;
  6773                           
  6774                           	psect	text36
  6775   001EE8                     __ptext36:
  6776                           	callstack 0
  6777   001EE8                     _BH1750_ReadLux:
  6778                           	callstack 29
  6779   001EE8                     
  6780                           ;bh1750.c: 19:     unsigned char msb, lsb;;bh1750.c: 20:     unsigned int raw;;bh1750.c:
      +                           23:     I2C_Start();
  6781   001EE8  EC59  F012         	call	_I2C_Start	;wreg free
  6782   001EEC                     
  6783                           ;bh1750.c: 24:     I2C_Write(0x23 << 1);
  6784   001EEC  0E46               	movlw	70
  6785   001EEE  EC90  F010         	call	_I2C_Write
  6786   001EF2                     
  6787                           ;bh1750.c: 25:     I2C_Write(0x10);
  6788   001EF2  0E10               	movlw	16
  6789   001EF4  EC90  F010         	call	_I2C_Write
  6790                           
  6791                           ;bh1750.c: 26:     I2C_Stop();
  6792   001EF8  ECA4  F012         	call	_I2C_Stop	;wreg free
  6793   001EFC                     
  6794                           ;bh1750.c: 27:     _delay((unsigned long)((180)*(8000000/4000.0)));
  6795   001EFC  0E02               	movlw	2
  6796   001EFE  6E46               	movwf	(??_BH1750_ReadLux+1)^0,c
  6797   001F00  0ED4               	movlw	212
  6798   001F02  6E45               	movwf	??_BH1750_ReadLux^0,c
  6799   001F04  0E85               	movlw	133
  6800   001F06                     u2857:
  6801   001F06  2EE8               	decfsz	wreg,f,c
  6802   001F08  D7FE               	bra	u2857
  6803   001F0A  2E45               	decfsz	??_BH1750_ReadLux^0,f,c
  6804   001F0C  D7FC               	bra	u2857
  6805   001F0E  2E46               	decfsz	(??_BH1750_ReadLux+1)^0,f,c
  6806   001F10  D7FA               	bra	u2857
  6807   001F12  0000               	nop	
  6808   001F14                     
  6809                           ;bh1750.c: 30:     I2C_Start();
  6810   001F14  EC59  F012         	call	_I2C_Start	;wreg free
  6811   001F18                     
  6812                           ;bh1750.c: 31:     I2C_Write((0x23 << 1) | 1);
  6813   001F18  0E47               	movlw	71
  6814   001F1A  EC90  F010         	call	_I2C_Write
  6815   001F1E                     
  6816                           ;bh1750.c: 32:     msb = I2C_Read(1);
  6817   001F1E  0E01               	movlw	1
  6818   001F20  ECC3  F00F         	call	_I2C_Read
  6819   001F24  6E49               	movwf	BH1750_ReadLux@msb^0,c
  6820   001F26                     
  6821                           ;bh1750.c: 33:     lsb = I2C_Read(0);
  6822   001F26  0E00               	movlw	0
  6823   001F28  ECC3  F00F         	call	_I2C_Read
  6824   001F2C  6E4A               	movwf	BH1750_ReadLux@lsb^0,c
  6825   001F2E                     
  6826                           ;bh1750.c: 34:     I2C_Stop();
  6827   001F2E  ECA4  F012         	call	_I2C_Stop	;wreg free
  6828   001F32                     
  6829                           ;bh1750.c: 36:     raw = ((unsigned int)msb << 8) | lsb;
  6830   001F32  5049               	movf	BH1750_ReadLux@msb^0,w,c
  6831   001F34  6E45               	movwf	??_BH1750_ReadLux^0,c
  6832   001F36  504A               	movf	BH1750_ReadLux@lsb^0,w,c
  6833   001F38  6E47               	movwf	BH1750_ReadLux@raw^0,c
  6834   001F3A  C045  F048         	movff	??_BH1750_ReadLux,BH1750_ReadLux@raw+1
  6835   001F3E                     
  6836                           ;bh1750.c: 37:     return (float)raw / 1.2;
  6837   001F3E  C047  F001         	movff	BH1750_ReadLux@raw,___xxtofl@val
  6838   001F42  C048  F002         	movff	BH1750_ReadLux@raw+1,___xxtofl@val+1
  6839   001F46  6A03               	clrf	(___xxtofl@val+2)^0,c
  6840   001F48  6A04               	clrf	(___xxtofl@val+3)^0,c
  6841   001F4A  0E00               	movlw	0
  6842   001F4C  EC51  F00A         	call	___xxtofl
  6843   001F50  C001  F028         	movff	?___xxtofl,___fldiv@b
  6844   001F54  C002  F029         	movff	?___xxtofl+1,___fldiv@b+1
  6845   001F58  C003  F02A         	movff	?___xxtofl+2,___fldiv@b+2
  6846   001F5C  C004  F02B         	movff	?___xxtofl+3,___fldiv@b+3
  6847   001F60  0E9A               	movlw	154
  6848   001F62  6E2C               	movwf	___fldiv@a^0,c
  6849   001F64  0E99               	movlw	153
  6850   001F66  6E2D               	movwf	(___fldiv@a+1)^0,c
  6851   001F68  0E99               	movlw	153
  6852   001F6A  6E2E               	movwf	(___fldiv@a+2)^0,c
  6853   001F6C  0E3F               	movlw	63
  6854   001F6E  6E2F               	movwf	(___fldiv@a+3)^0,c
  6855   001F70  EC89  F006         	call	___fldiv	;wreg free
  6856   001F74  C028  F041         	movff	?___fldiv,?_BH1750_ReadLux
  6857   001F78  C029  F042         	movff	?___fldiv+1,?_BH1750_ReadLux+1
  6858   001F7C  C02A  F043         	movff	?___fldiv+2,?_BH1750_ReadLux+2
  6859   001F80  C02B  F044         	movff	?___fldiv+3,?_BH1750_ReadLux+3
  6860   001F84  0012               	return		;funcret
  6861   001F86                     __end_of_BH1750_ReadLux:
  6862                           	callstack 0
  6863                           
  6864 ;; *************** function ___xxtofl *****************
  6865 ;; Defined at:
  6866 ;;		line 10 in file "C:\Program Files\Microchip\xc8\v3.10\pic\sources\c99\common\xxtofl.c"
  6867 ;; Parameters:    Size  Location     Type
  6868 ;;  sign            1    wreg     unsigned char 
  6869 ;;  val             4    0[COMRAM] long 
  6870 ;; Auto vars:     Size  Location     Type
  6871 ;;  sign            1    8[COMRAM] unsigned char 
  6872 ;;  arg             4   10[COMRAM] unsigned long 
  6873 ;;  exp             1    9[COMRAM] unsigned char 
  6874 ;; Return value:  Size  Location     Type
  6875 ;;                  4    0[COMRAM] unsigned char 
  6876 ;; Registers used:
  6877 ;;		wreg, status,2, status,0
  6878 ;; Tracked objects:
  6879 ;;		On entry : 0/0
  6880 ;;		On exit  : 0/0
  6881 ;;		Unchanged: 0/0
  6882 ;; Data sizes:     COMRAM   BANK0   BANK1   BANK2   BANK3   BANK4   BANK5   BANK6   BANK7
  6883 ;;      Params:         4       0       0       0       0       0       0       0       0
  6884 ;;      Locals:         6       0       0       0       0       0       0       0       0
  6885 ;;      Temps:          4       0       0       0       0       0       0       0       0
  6886 ;;      Totals:        14       0       0       0       0       0       0       0       0
  6887 ;;Total ram usage:       14 bytes
  6888 ;; Hardware stack levels used: 1
  6889 ;; This function calls:
  6890 ;;		Nothing
  6891 ;; This function is called by:
  6892 ;;		_leer_temperatura
  6893 ;;		_BME280_ReadHumidity
  6894 ;;		_BH1750_ReadLux
  6895 ;; This function uses a non-reentrant model
  6896 ;;
  6897                           
  6898                           	psect	text37
  6899   0014A2                     __ptext37:
  6900                           	callstack 0
  6901   0014A2                     ___xxtofl:
  6902                           	callstack 29
  6903                           
  6904                           ;incstack = 0
  6905                           ;___xxtofl@sign stored from wreg
  6906   0014A2  6E09               	movwf	___xxtofl@sign^0,c
  6907   0014A4  5009               	movf	___xxtofl@sign^0,w,c
  6908   0014A6  B4D8               	btfsc	status,2,c
  6909   0014A8  EF58  F00A         	goto	u2361
  6910   0014AC  EF5A  F00A         	goto	u2360
  6911   0014B0                     u2361:
  6912   0014B0  EF7C  F00A         	goto	l1061
  6913   0014B4                     u2360:
  6914   0014B4  BE04               	btfsc	(___xxtofl@val+3)^0,7,c
  6915   0014B6  EF61  F00A         	goto	u2370
  6916   0014BA  EF5F  F00A         	goto	u2371
  6917   0014BE                     u2371:
  6918   0014BE  EF7C  F00A         	goto	l1061
  6919   0014C2                     u2370:
  6920   0014C2  C001  F005         	movff	___xxtofl@val,??___xxtofl
  6921   0014C6  C002  F006         	movff	___xxtofl@val+1,??___xxtofl+1
  6922   0014CA  C003  F007         	movff	___xxtofl@val+2,??___xxtofl+2
  6923   0014CE  C004  F008         	movff	___xxtofl@val+3,??___xxtofl+3
  6924   0014D2  1E05               	comf	??___xxtofl^0,f,c
  6925   0014D4  1E06               	comf	(??___xxtofl+1)^0,f,c
  6926   0014D6  1E07               	comf	(??___xxtofl+2)^0,f,c
  6927   0014D8  1E08               	comf	(??___xxtofl+3)^0,f,c
  6928   0014DA  2A05               	incf	??___xxtofl^0,f,c
  6929   0014DC  0E00               	movlw	0
  6930   0014DE  2206               	addwfc	(??___xxtofl+1)^0,f,c
  6931   0014E0  2207               	addwfc	(??___xxtofl+2)^0,f,c
  6932   0014E2  2208               	addwfc	(??___xxtofl+3)^0,f,c
  6933   0014E4  C005  F00B         	movff	??___xxtofl,___xxtofl@arg
  6934   0014E8  C006  F00C         	movff	??___xxtofl+1,___xxtofl@arg+1
  6935   0014EC  C007  F00D         	movff	??___xxtofl+2,___xxtofl@arg+2
  6936   0014F0  C008  F00E         	movff	??___xxtofl+3,___xxtofl@arg+3
  6937   0014F4  EF84  F00A         	goto	l2977
  6938   0014F8                     l1061:
  6939   0014F8  C001  F00B         	movff	___xxtofl@val,___xxtofl@arg
  6940   0014FC  C002  F00C         	movff	___xxtofl@val+1,___xxtofl@arg+1
  6941   001500  C003  F00D         	movff	___xxtofl@val+2,___xxtofl@arg+2
  6942   001504  C004  F00E         	movff	___xxtofl@val+3,___xxtofl@arg+3
  6943   001508                     l2977:
  6944   001508  5001               	movf	___xxtofl@val^0,w,c
  6945   00150A  1002               	iorwf	(___xxtofl@val+1)^0,w,c
  6946   00150C  1003               	iorwf	(___xxtofl@val+2)^0,w,c
  6947   00150E  1004               	iorwf	(___xxtofl@val+3)^0,w,c
  6948   001510  A4D8               	btfss	status,2,c
  6949   001512  EF8D  F00A         	goto	u2381
  6950   001516  EF8F  F00A         	goto	u2380
  6951   00151A                     u2381:
  6952   00151A  EF99  F00A         	goto	l2983
  6953   00151E                     u2380:
  6954   00151E  0E00               	movlw	0
  6955   001520  6E01               	movwf	?___xxtofl^0,c
  6956   001522  0E00               	movlw	0
  6957   001524  6E02               	movwf	(?___xxtofl+1)^0,c
  6958   001526  0E00               	movlw	0
  6959   001528  6E03               	movwf	(?___xxtofl+2)^0,c
  6960   00152A  0E00               	movlw	0
  6961   00152C  6E04               	movwf	(?___xxtofl+3)^0,c
  6962   00152E  EF2A  F00B         	goto	l1064
  6963   001532                     l2983:
  6964   001532  0E96               	movlw	150
  6965   001534  6E0A               	movwf	___xxtofl@exp^0,c
  6966   001536  EFA3  F00A         	goto	l2987
  6967   00153A                     l2985:
  6968   00153A  2A0A               	incf	___xxtofl@exp^0,f,c
  6969   00153C  90D8               	bcf	status,0,c
  6970   00153E  320E               	rrcf	(___xxtofl@arg+3)^0,f,c
  6971   001540  320D               	rrcf	(___xxtofl@arg+2)^0,f,c
  6972   001542  320C               	rrcf	(___xxtofl@arg+1)^0,f,c
  6973   001544  320B               	rrcf	___xxtofl@arg^0,f,c
  6974   001546                     l2987:
  6975   001546  0E00               	movlw	0
  6976   001548  140B               	andwf	___xxtofl@arg^0,w,c
  6977   00154A  6E05               	movwf	??___xxtofl^0,c
  6978   00154C  0E00               	movlw	0
  6979   00154E  140C               	andwf	(___xxtofl@arg+1)^0,w,c
  6980   001550  6E06               	movwf	(??___xxtofl+1)^0,c
  6981   001552  0E00               	movlw	0
  6982   001554  140D               	andwf	(___xxtofl@arg+2)^0,w,c
  6983   001556  6E07               	movwf	(??___xxtofl+2)^0,c
  6984   001558  0EFE               	movlw	254
  6985   00155A  140E               	andwf	(___xxtofl@arg+3)^0,w,c
  6986   00155C  6E08               	movwf	(??___xxtofl+3)^0,c
  6987   00155E  5005               	movf	??___xxtofl^0,w,c
  6988   001560  1006               	iorwf	(??___xxtofl+1)^0,w,c
  6989   001562  1007               	iorwf	(??___xxtofl+2)^0,w,c
  6990   001564  1008               	iorwf	(??___xxtofl+3)^0,w,c
  6991   001566  A4D8               	btfss	status,2,c
  6992   001568  EFB8  F00A         	goto	u2391
  6993   00156C  EFBA  F00A         	goto	u2390
  6994   001570                     u2391:
  6995   001570  EF9D  F00A         	goto	l2985
  6996   001574                     u2390:
  6997   001574  EFC8  F00A         	goto	l1068
  6998   001578                     l2989:
  6999   001578  2A0A               	incf	___xxtofl@exp^0,f,c
  7000   00157A  0E01               	movlw	1
  7001   00157C  260B               	addwf	___xxtofl@arg^0,f,c
  7002   00157E  0E00               	movlw	0
  7003   001580  220C               	addwfc	(___xxtofl@arg+1)^0,f,c
  7004   001582  220D               	addwfc	(___xxtofl@arg+2)^0,f,c
  7005   001584  220E               	addwfc	(___xxtofl@arg+3)^0,f,c
  7006   001586  90D8               	bcf	status,0,c
  7007   001588  320E               	rrcf	(___xxtofl@arg+3)^0,f,c
  7008   00158A  320D               	rrcf	(___xxtofl@arg+2)^0,f,c
  7009   00158C  320C               	rrcf	(___xxtofl@arg+1)^0,f,c
  7010   00158E  320B               	rrcf	___xxtofl@arg^0,f,c
  7011   001590                     l1068:
  7012   001590  0E00               	movlw	0
  7013   001592  140B               	andwf	___xxtofl@arg^0,w,c
  7014   001594  6E05               	movwf	??___xxtofl^0,c
  7015   001596  0E00               	movlw	0
  7016   001598  140C               	andwf	(___xxtofl@arg+1)^0,w,c
  7017   00159A  6E06               	movwf	(??___xxtofl+1)^0,c
  7018   00159C  0E00               	movlw	0
  7019   00159E  140D               	andwf	(___xxtofl@arg+2)^0,w,c
  7020   0015A0  6E07               	movwf	(??___xxtofl+2)^0,c
  7021   0015A2  0EFF               	movlw	255
  7022   0015A4  140E               	andwf	(___xxtofl@arg+3)^0,w,c
  7023   0015A6  6E08               	movwf	(??___xxtofl+3)^0,c
  7024   0015A8  5005               	movf	??___xxtofl^0,w,c
  7025   0015AA  1006               	iorwf	(??___xxtofl+1)^0,w,c
  7026   0015AC  1007               	iorwf	(??___xxtofl+2)^0,w,c
  7027   0015AE  1008               	iorwf	(??___xxtofl+3)^0,w,c
  7028   0015B0  A4D8               	btfss	status,2,c
  7029   0015B2  EFDD  F00A         	goto	u2401
  7030   0015B6  EFDF  F00A         	goto	u2400
  7031   0015BA                     u2401:
  7032   0015BA  EFBC  F00A         	goto	l2989
  7033   0015BE                     u2400:
  7034   0015BE  EFE7  F00A         	goto	l2997
  7035   0015C2                     l2995:
  7036   0015C2  060A               	decf	___xxtofl@exp^0,f,c
  7037   0015C4  90D8               	bcf	status,0,c
  7038   0015C6  360B               	rlcf	___xxtofl@arg^0,f,c
  7039   0015C8  360C               	rlcf	(___xxtofl@arg+1)^0,f,c
  7040   0015CA  360D               	rlcf	(___xxtofl@arg+2)^0,f,c
  7041   0015CC  360E               	rlcf	(___xxtofl@arg+3)^0,f,c
  7042   0015CE                     l2997:
  7043   0015CE  BE0D               	btfsc	(___xxtofl@arg+2)^0,7,c
  7044   0015D0  EFEC  F00A         	goto	u2411
  7045   0015D4  EFEE  F00A         	goto	u2410
  7046   0015D8                     u2411:
  7047   0015D8  EFF6  F00A         	goto	l1075
  7048   0015DC                     u2410:
  7049   0015DC  0E02               	movlw	2
  7050   0015DE  600A               	cpfslt	___xxtofl@exp^0,c
  7051   0015E0  EFF4  F00A         	goto	u2421
  7052   0015E4  EFF6  F00A         	goto	u2420
  7053   0015E8                     u2421:
  7054   0015E8  EFE1  F00A         	goto	l2995
  7055   0015EC                     u2420:
  7056   0015EC                     l1075:
  7057   0015EC  B00A               	btfsc	___xxtofl@exp^0,0,c
  7058   0015EE  EFFB  F00A         	goto	u2431
  7059   0015F2  EFFD  F00A         	goto	u2430
  7060   0015F6                     u2431:
  7061   0015F6  EFFE  F00A         	goto	l3003
  7062   0015FA                     u2430:
  7063   0015FA  9E0D               	bcf	(___xxtofl@arg+2)^0,7,c
  7064   0015FC                     l3003:
  7065   0015FC  90D8               	bcf	status,0,c
  7066   0015FE  320A               	rrcf	___xxtofl@exp^0,f,c
  7067   001600  C00A  F005         	movff	___xxtofl@exp,??___xxtofl
  7068   001604  6A06               	clrf	(??___xxtofl+1)^0,c
  7069   001606  6A07               	clrf	(??___xxtofl+2)^0,c
  7070   001608  6A08               	clrf	(??___xxtofl+3)^0,c
  7071   00160A  C005  F008         	movff	??___xxtofl,??___xxtofl+3
  7072   00160E  6A07               	clrf	(??___xxtofl+2)^0,c
  7073   001610  6A06               	clrf	(??___xxtofl+1)^0,c
  7074   001612  6A05               	clrf	??___xxtofl^0,c
  7075   001614  5005               	movf	??___xxtofl^0,w,c
  7076   001616  120B               	iorwf	___xxtofl@arg^0,f,c
  7077   001618  5006               	movf	(??___xxtofl+1)^0,w,c
  7078   00161A  120C               	iorwf	(___xxtofl@arg+1)^0,f,c
  7079   00161C  5007               	movf	(??___xxtofl+2)^0,w,c
  7080   00161E  120D               	iorwf	(___xxtofl@arg+2)^0,f,c
  7081   001620  5008               	movf	(??___xxtofl+3)^0,w,c
  7082   001622  120E               	iorwf	(___xxtofl@arg+3)^0,f,c
  7083   001624  5009               	movf	___xxtofl@sign^0,w,c
  7084   001626  B4D8               	btfsc	status,2,c
  7085   001628  EF18  F00B         	goto	u2441
  7086   00162C  EF1A  F00B         	goto	u2440
  7087   001630                     u2441:
  7088   001630  EF22  F00B         	goto	l3013
  7089   001634                     u2440:
  7090   001634  BE04               	btfsc	(___xxtofl@val+3)^0,7,c
  7091   001636  EF21  F00B         	goto	u2450
  7092   00163A  EF1F  F00B         	goto	u2451
  7093   00163E                     u2451:
  7094   00163E  EF22  F00B         	goto	l3013
  7095   001642                     u2450:
  7096   001642  8E0E               	bsf	(___xxtofl@arg+3)^0,7,c
  7097   001644                     l3013:
  7098   001644  C00B  F001         	movff	___xxtofl@arg,?___xxtofl
  7099   001648  C00C  F002         	movff	___xxtofl@arg+1,?___xxtofl+1
  7100   00164C  C00D  F003         	movff	___xxtofl@arg+2,?___xxtofl+2
  7101   001650  C00E  F004         	movff	___xxtofl@arg+3,?___xxtofl+3
  7102   001654                     l1064:
  7103   001654  0012               	return		;funcret
  7104   001656                     __end_of___xxtofl:
  7105                           	callstack 0
  7106                           
  7107 ;; *************** function ___fldiv *****************
  7108 ;; Defined at:
  7109 ;;		line 11 in file "C:\Program Files\Microchip\xc8\v3.10\pic\sources\c99\common\sprcdiv.c"
  7110 ;; Parameters:    Size  Location     Type
  7111 ;;  b               4   39[COMRAM] unsigned char 
  7112 ;;  a               4   43[COMRAM] unsigned char 
  7113 ;; Auto vars:     Size  Location     Type
  7114 ;;  grs             4   58[COMRAM] unsigned long 
  7115 ;;  rem             4   51[COMRAM] unsigned long 
  7116 ;;  new_exp         2   56[COMRAM] short 
  7117 ;;  aexp            1   63[COMRAM] unsigned char 
  7118 ;;  bexp            1   62[COMRAM] unsigned char 
  7119 ;;  sign            1   55[COMRAM] unsigned char 
  7120 ;; Return value:  Size  Location     Type
  7121 ;;                  4   39[COMRAM] unsigned char 
  7122 ;; Registers used:
  7123 ;;		wreg, status,2, status,0
  7124 ;; Tracked objects:
  7125 ;;		On entry : 0/0
  7126 ;;		On exit  : 0/0
  7127 ;;		Unchanged: 0/0
  7128 ;; Data sizes:     COMRAM   BANK0   BANK1   BANK2   BANK3   BANK4   BANK5   BANK6   BANK7
  7129 ;;      Params:         8       0       0       0       0       0       0       0       0
  7130 ;;      Locals:        13       0       0       0       0       0       0       0       0
  7131 ;;      Temps:          4       0       0       0       0       0       0       0       0
  7132 ;;      Totals:        25       0       0       0       0       0       0       0       0
  7133 ;;Total ram usage:       25 bytes
  7134 ;; Hardware stack levels used: 1
  7135 ;; This function calls:
  7136 ;;		Nothing
  7137 ;; This function is called by:
  7138 ;;		_leer_temperatura
  7139 ;;		_BME280_ReadHumidity
  7140 ;;		_BH1750_ReadLux
  7141 ;; This function uses a non-reentrant model
  7142 ;;
  7143                           
  7144                           	psect	text38
  7145   000D12                     __ptext38:
  7146                           	callstack 0
  7147   000D12                     ___fldiv:
  7148                           	callstack 29
  7149   000D12  502B               	movf	(___fldiv@b+3)^0,w,c
  7150   000D14  0B80               	andlw	128
  7151   000D16  6E38               	movwf	___fldiv@sign^0,c
  7152   000D18  502B               	movf	(___fldiv@b+3)^0,w,c
  7153   000D1A  242B               	addwf	(___fldiv@b+3)^0,w,c
  7154   000D1C  6E3F               	movwf	___fldiv@bexp^0,c
  7155   000D1E  AE2A               	btfss	(___fldiv@b+2)^0,7,c
  7156   000D20  EF94  F006         	goto	u1941
  7157   000D24  EF96  F006         	goto	u1940
  7158   000D28                     u1941:
  7159   000D28  EF97  F006         	goto	l2713
  7160   000D2C                     u1940:
  7161   000D2C  803F               	bsf	___fldiv@bexp^0,0,c
  7162   000D2E                     l2713:
  7163   000D2E  503F               	movf	___fldiv@bexp^0,w,c
  7164   000D30  B4D8               	btfsc	status,2,c
  7165   000D32  EF9D  F006         	goto	u1951
  7166   000D36  EF9F  F006         	goto	u1950
  7167   000D3A                     u1951:
  7168   000D3A  EFB3  F006         	goto	l2723
  7169   000D3E                     u1950:
  7170   000D3E  283F               	incf	___fldiv@bexp^0,w,c
  7171   000D40  A4D8               	btfss	status,2,c
  7172   000D42  EFA5  F006         	goto	u1961
  7173   000D46  EFA7  F006         	goto	u1960
  7174   000D4A                     u1961:
  7175   000D4A  EFAF  F006         	goto	l2719
  7176   000D4E                     u1960:
  7177   000D4E  0E00               	movlw	0
  7178   000D50  6E28               	movwf	___fldiv@b^0,c
  7179   000D52  0E00               	movlw	0
  7180   000D54  6E29               	movwf	(___fldiv@b+1)^0,c
  7181   000D56  0E00               	movlw	0
  7182   000D58  6E2A               	movwf	(___fldiv@b+2)^0,c
  7183   000D5A  0E00               	movlw	0
  7184   000D5C  6E2B               	movwf	(___fldiv@b+3)^0,c
  7185   000D5E                     l2719:
  7186   000D5E  8E2A               	bsf	(___fldiv@b+2)^0,7,c
  7187   000D60  6A2B               	clrf	(___fldiv@b+3)^0,c
  7188   000D62  EFBB  F006         	goto	l2725
  7189   000D66                     l2723:
  7190   000D66  0E00               	movlw	0
  7191   000D68  6E28               	movwf	___fldiv@b^0,c
  7192   000D6A  0E00               	movlw	0
  7193   000D6C  6E29               	movwf	(___fldiv@b+1)^0,c
  7194   000D6E  0E00               	movlw	0
  7195   000D70  6E2A               	movwf	(___fldiv@b+2)^0,c
  7196   000D72  0E00               	movlw	0
  7197   000D74  6E2B               	movwf	(___fldiv@b+3)^0,c
  7198   000D76                     l2725:
  7199   000D76  502F               	movf	(___fldiv@a+3)^0,w,c
  7200   000D78  0B80               	andlw	128
  7201   000D7A  1A38               	xorwf	___fldiv@sign^0,f,c
  7202   000D7C  502F               	movf	(___fldiv@a+3)^0,w,c
  7203   000D7E  242F               	addwf	(___fldiv@a+3)^0,w,c
  7204   000D80  6E40               	movwf	___fldiv@aexp^0,c
  7205   000D82  AE2E               	btfss	(___fldiv@a+2)^0,7,c
  7206   000D84  EFC6  F006         	goto	u1971
  7207   000D88  EFC8  F006         	goto	u1970
  7208   000D8C                     u1971:
  7209   000D8C  EFC9  F006         	goto	l2733
  7210   000D90                     u1970:
  7211   000D90  8040               	bsf	___fldiv@aexp^0,0,c
  7212   000D92                     l2733:
  7213   000D92  5040               	movf	___fldiv@aexp^0,w,c
  7214   000D94  B4D8               	btfsc	status,2,c
  7215   000D96  EFCF  F006         	goto	u1981
  7216   000D9A  EFD1  F006         	goto	u1980
  7217   000D9E                     u1981:
  7218   000D9E  EFE5  F006         	goto	l2743
  7219   000DA2                     u1980:
  7220   000DA2  2840               	incf	___fldiv@aexp^0,w,c
  7221   000DA4  A4D8               	btfss	status,2,c
  7222   000DA6  EFD7  F006         	goto	u1991
  7223   000DAA  EFD9  F006         	goto	u1990
  7224   000DAE                     u1991:
  7225   000DAE  EFE1  F006         	goto	l2739
  7226   000DB2                     u1990:
  7227   000DB2  0E00               	movlw	0
  7228   000DB4  6E2C               	movwf	___fldiv@a^0,c
  7229   000DB6  0E00               	movlw	0
  7230   000DB8  6E2D               	movwf	(___fldiv@a+1)^0,c
  7231   000DBA  0E00               	movlw	0
  7232   000DBC  6E2E               	movwf	(___fldiv@a+2)^0,c
  7233   000DBE  0E00               	movlw	0
  7234   000DC0  6E2F               	movwf	(___fldiv@a+3)^0,c
  7235   000DC2                     l2739:
  7236   000DC2  8E2E               	bsf	(___fldiv@a+2)^0,7,c
  7237   000DC4  6A2F               	clrf	(___fldiv@a+3)^0,c
  7238   000DC6  EFED  F006         	goto	l2745
  7239   000DCA                     l2743:
  7240   000DCA  0E00               	movlw	0
  7241   000DCC  6E2C               	movwf	___fldiv@a^0,c
  7242   000DCE  0E00               	movlw	0
  7243   000DD0  6E2D               	movwf	(___fldiv@a+1)^0,c
  7244   000DD2  0E00               	movlw	0
  7245   000DD4  6E2E               	movwf	(___fldiv@a+2)^0,c
  7246   000DD6  0E00               	movlw	0
  7247   000DD8  6E2F               	movwf	(___fldiv@a+3)^0,c
  7248   000DDA                     l2745:
  7249   000DDA  502C               	movf	___fldiv@a^0,w,c
  7250   000DDC  102D               	iorwf	(___fldiv@a+1)^0,w,c
  7251   000DDE  102E               	iorwf	(___fldiv@a+2)^0,w,c
  7252   000DE0  102F               	iorwf	(___fldiv@a+3)^0,w,c
  7253   000DE2  A4D8               	btfss	status,2,c
  7254   000DE4  EFF6  F006         	goto	u2001
  7255   000DE8  EFF8  F006         	goto	u2000
  7256   000DEC                     u2001:
  7257   000DEC  EF10  F007         	goto	l2757
  7258   000DF0                     u2000:
  7259   000DF0  0E00               	movlw	0
  7260   000DF2  6E28               	movwf	___fldiv@b^0,c
  7261   000DF4  0E00               	movlw	0
  7262   000DF6  6E29               	movwf	(___fldiv@b+1)^0,c
  7263   000DF8  0E00               	movlw	0
  7264   000DFA  6E2A               	movwf	(___fldiv@b+2)^0,c
  7265   000DFC  0E00               	movlw	0
  7266   000DFE  6E2B               	movwf	(___fldiv@b+3)^0,c
  7267   000E00  0E80               	movlw	128
  7268   000E02  122A               	iorwf	(___fldiv@b+2)^0,f,c
  7269   000E04  0E7F               	movlw	127
  7270   000E06  122B               	iorwf	(___fldiv@b+3)^0,f,c
  7271   000E08                     l2751:
  7272   000E08  5038               	movf	___fldiv@sign^0,w,c
  7273   000E0A  122B               	iorwf	(___fldiv@b+3)^0,f,c
  7274   000E0C  C028  F028         	movff	___fldiv@b,?___fldiv
  7275   000E10  C029  F029         	movff	___fldiv@b+1,?___fldiv+1
  7276   000E14  C02A  F02A         	movff	___fldiv@b+2,?___fldiv+2
  7277   000E18  C02B  F02B         	movff	___fldiv@b+3,?___fldiv+3
  7278   000E1C  EF4F  F008         	goto	l988
  7279   000E20                     l2757:
  7280   000E20  503F               	movf	___fldiv@bexp^0,w,c
  7281   000E22  A4D8               	btfss	status,2,c
  7282   000E24  EF16  F007         	goto	u2011
  7283   000E28  EF18  F007         	goto	u2010
  7284   000E2C                     u2011:
  7285   000E2C  EF22  F007         	goto	l2765
  7286   000E30                     u2010:
  7287   000E30  0E00               	movlw	0
  7288   000E32  6E28               	movwf	?___fldiv^0,c
  7289   000E34  0E00               	movlw	0
  7290   000E36  6E29               	movwf	(?___fldiv+1)^0,c
  7291   000E38  0E00               	movlw	0
  7292   000E3A  6E2A               	movwf	(?___fldiv+2)^0,c
  7293   000E3C  0E00               	movlw	0
  7294   000E3E  6E2B               	movwf	(?___fldiv+3)^0,c
  7295   000E40  EF4F  F008         	goto	l988
  7296   000E44                     l2765:
  7297   000E44  5040               	movf	___fldiv@aexp^0,w,c
  7298   000E46  C03F  F030         	movff	___fldiv@bexp,??___fldiv
  7299   000E4A  6A31               	clrf	(??___fldiv+1)^0,c
  7300   000E4C  5E30               	subwf	??___fldiv^0,f,c
  7301   000E4E  0E00               	movlw	0
  7302   000E50  5A31               	subwfb	(??___fldiv+1)^0,f,c
  7303   000E52  0E7F               	movlw	127
  7304   000E54  2430               	addwf	??___fldiv^0,w,c
  7305   000E56  6E39               	movwf	___fldiv@new_exp^0,c
  7306   000E58  0E00               	movlw	0
  7307   000E5A  2031               	addwfc	(??___fldiv+1)^0,w,c
  7308   000E5C  6E3A               	movwf	(___fldiv@new_exp+1)^0,c
  7309   000E5E  C028  F034         	movff	___fldiv@b,___fldiv@rem
  7310   000E62  C029  F035         	movff	___fldiv@b+1,___fldiv@rem+1
  7311   000E66  C02A  F036         	movff	___fldiv@b+2,___fldiv@rem+2
  7312   000E6A  C02B  F037         	movff	___fldiv@b+3,___fldiv@rem+3
  7313   000E6E  0E00               	movlw	0
  7314   000E70  6E28               	movwf	___fldiv@b^0,c
  7315   000E72  0E00               	movlw	0
  7316   000E74  6E29               	movwf	(___fldiv@b+1)^0,c
  7317   000E76  0E00               	movlw	0
  7318   000E78  6E2A               	movwf	(___fldiv@b+2)^0,c
  7319   000E7A  0E00               	movlw	0
  7320   000E7C  6E2B               	movwf	(___fldiv@b+3)^0,c
  7321   000E7E  0E00               	movlw	0
  7322   000E80  6E3B               	movwf	___fldiv@grs^0,c
  7323   000E82  0E00               	movlw	0
  7324   000E84  6E3C               	movwf	(___fldiv@grs+1)^0,c
  7325   000E86  0E00               	movlw	0
  7326   000E88  6E3D               	movwf	(___fldiv@grs+2)^0,c
  7327   000E8A  0E00               	movlw	0
  7328   000E8C  6E3E               	movwf	(___fldiv@grs+3)^0,c
  7329   000E8E  6A40               	clrf	___fldiv@aexp^0,c
  7330   000E90  EF82  F007         	goto	l990
  7331   000E94                     l2775:
  7332   000E94  5040               	movf	___fldiv@aexp^0,w,c
  7333   000E96  B4D8               	btfsc	status,2,c
  7334   000E98  EF50  F007         	goto	u2021
  7335   000E9C  EF52  F007         	goto	u2020
  7336   000EA0                     u2021:
  7337   000EA0  EF69  F007         	goto	l2783
  7338   000EA4                     u2020:
  7339   000EA4  90D8               	bcf	status,0,c
  7340   000EA6  3634               	rlcf	___fldiv@rem^0,f,c
  7341   000EA8  3635               	rlcf	(___fldiv@rem+1)^0,f,c
  7342   000EAA  3636               	rlcf	(___fldiv@rem+2)^0,f,c
  7343   000EAC  3637               	rlcf	(___fldiv@rem+3)^0,f,c
  7344   000EAE  90D8               	bcf	status,0,c
  7345   000EB0  3628               	rlcf	___fldiv@b^0,f,c
  7346   000EB2  3629               	rlcf	(___fldiv@b+1)^0,f,c
  7347   000EB4  362A               	rlcf	(___fldiv@b+2)^0,f,c
  7348   000EB6  362B               	rlcf	(___fldiv@b+3)^0,f,c
  7349   000EB8  AE3E               	btfss	(___fldiv@grs+3)^0,7,c
  7350   000EBA  EF61  F007         	goto	u2031
  7351   000EBE  EF63  F007         	goto	u2030
  7352   000EC2                     u2031:
  7353   000EC2  EF64  F007         	goto	l993
  7354   000EC6                     u2030:
  7355   000EC6  8028               	bsf	___fldiv@b^0,0,c
  7356   000EC8                     l993:
  7357   000EC8  90D8               	bcf	status,0,c
  7358   000ECA  363B               	rlcf	___fldiv@grs^0,f,c
  7359   000ECC  363C               	rlcf	(___fldiv@grs+1)^0,f,c
  7360   000ECE  363D               	rlcf	(___fldiv@grs+2)^0,f,c
  7361   000ED0  363E               	rlcf	(___fldiv@grs+3)^0,f,c
  7362   000ED2                     l2783:
  7363   000ED2  502C               	movf	___fldiv@a^0,w,c
  7364   000ED4  5C34               	subwf	___fldiv@rem^0,w,c
  7365   000ED6  502D               	movf	(___fldiv@a+1)^0,w,c
  7366   000ED8  5835               	subwfb	(___fldiv@rem+1)^0,w,c
  7367   000EDA  502E               	movf	(___fldiv@a+2)^0,w,c
  7368   000EDC  5836               	subwfb	(___fldiv@rem+2)^0,w,c
  7369   000EDE  502F               	movf	(___fldiv@a+3)^0,w,c
  7370   000EE0  5837               	subwfb	(___fldiv@rem+3)^0,w,c
  7371   000EE2  A0D8               	btfss	status,0,c
  7372   000EE4  EF76  F007         	goto	u2041
  7373   000EE8  EF78  F007         	goto	u2040
  7374   000EEC                     u2041:
  7375   000EEC  EF81  F007         	goto	l2789
  7376   000EF0                     u2040:
  7377   000EF0  8C3E               	bsf	(___fldiv@grs+3)^0,6,c
  7378   000EF2  502C               	movf	___fldiv@a^0,w,c
  7379   000EF4  5E34               	subwf	___fldiv@rem^0,f,c
  7380   000EF6  502D               	movf	(___fldiv@a+1)^0,w,c
  7381   000EF8  5A35               	subwfb	(___fldiv@rem+1)^0,f,c
  7382   000EFA  502E               	movf	(___fldiv@a+2)^0,w,c
  7383   000EFC  5A36               	subwfb	(___fldiv@rem+2)^0,f,c
  7384   000EFE  502F               	movf	(___fldiv@a+3)^0,w,c
  7385   000F00  5A37               	subwfb	(___fldiv@rem+3)^0,f,c
  7386   000F02                     l2789:
  7387   000F02  2A40               	incf	___fldiv@aexp^0,f,c
  7388   000F04                     l990:
  7389   000F04  0E19               	movlw	25
  7390   000F06  6440               	cpfsgt	___fldiv@aexp^0,c
  7391   000F08  EF88  F007         	goto	u2051
  7392   000F0C  EF8A  F007         	goto	u2050
  7393   000F10                     u2051:
  7394   000F10  EF4A  F007         	goto	l2775
  7395   000F14                     u2050:
  7396   000F14  5034               	movf	___fldiv@rem^0,w,c
  7397   000F16  1035               	iorwf	(___fldiv@rem+1)^0,w,c
  7398   000F18  1036               	iorwf	(___fldiv@rem+2)^0,w,c
  7399   000F1A  1037               	iorwf	(___fldiv@rem+3)^0,w,c
  7400   000F1C  B4D8               	btfsc	status,2,c
  7401   000F1E  EF93  F007         	goto	u2061
  7402   000F22  EF95  F007         	goto	u2060
  7403   000F26                     u2061:
  7404   000F26  EFAD  F007         	goto	l2801
  7405   000F2A                     u2060:
  7406   000F2A  803B               	bsf	___fldiv@grs^0,0,c
  7407   000F2C  EFAD  F007         	goto	l2801
  7408   000F30                     l2795:
  7409   000F30  90D8               	bcf	status,0,c
  7410   000F32  3628               	rlcf	___fldiv@b^0,f,c
  7411   000F34  3629               	rlcf	(___fldiv@b+1)^0,f,c
  7412   000F36  362A               	rlcf	(___fldiv@b+2)^0,f,c
  7413   000F38  362B               	rlcf	(___fldiv@b+3)^0,f,c
  7414   000F3A  AE3E               	btfss	(___fldiv@grs+3)^0,7,c
  7415   000F3C  EFA2  F007         	goto	u2071
  7416   000F40  EFA4  F007         	goto	u2070
  7417   000F44                     u2071:
  7418   000F44  EFA5  F007         	goto	l999
  7419   000F48                     u2070:
  7420   000F48  8028               	bsf	___fldiv@b^0,0,c
  7421   000F4A                     l999:
  7422   000F4A  90D8               	bcf	status,0,c
  7423   000F4C  363B               	rlcf	___fldiv@grs^0,f,c
  7424   000F4E  363C               	rlcf	(___fldiv@grs+1)^0,f,c
  7425   000F50  363D               	rlcf	(___fldiv@grs+2)^0,f,c
  7426   000F52  363E               	rlcf	(___fldiv@grs+3)^0,f,c
  7427   000F54  0639               	decf	___fldiv@new_exp^0,f,c
  7428   000F56  A0D8               	btfss	status,0,c
  7429   000F58  063A               	decf	(___fldiv@new_exp+1)^0,f,c
  7430   000F5A                     l2801:
  7431   000F5A  AE2A               	btfss	(___fldiv@b+2)^0,7,c
  7432   000F5C  EFB2  F007         	goto	u2081
  7433   000F60  EFB4  F007         	goto	u2080
  7434   000F64                     u2081:
  7435   000F64  EF98  F007         	goto	l2795
  7436   000F68                     u2080:
  7437   000F68  6A40               	clrf	___fldiv@aexp^0,c
  7438   000F6A  AE3E               	btfss	(___fldiv@grs+3)^0,7,c
  7439   000F6C  EFBA  F007         	goto	u2091
  7440   000F70  EFBC  F007         	goto	u2090
  7441   000F74                     u2091:
  7442   000F74  EFE0  F007         	goto	l1001
  7443   000F78                     u2090:
  7444   000F78  0EFF               	movlw	255
  7445   000F7A  143B               	andwf	___fldiv@grs^0,w,c
  7446   000F7C  6E30               	movwf	??___fldiv^0,c
  7447   000F7E  0EFF               	movlw	255
  7448   000F80  143C               	andwf	(___fldiv@grs+1)^0,w,c
  7449   000F82  6E31               	movwf	(??___fldiv+1)^0,c
  7450   000F84  0EFF               	movlw	255
  7451   000F86  143D               	andwf	(___fldiv@grs+2)^0,w,c
  7452   000F88  6E32               	movwf	(??___fldiv+2)^0,c
  7453   000F8A  0E7F               	movlw	127
  7454   000F8C  143E               	andwf	(___fldiv@grs+3)^0,w,c
  7455   000F8E  6E33               	movwf	(??___fldiv+3)^0,c
  7456   000F90  5030               	movf	??___fldiv^0,w,c
  7457   000F92  1031               	iorwf	(??___fldiv+1)^0,w,c
  7458   000F94  1032               	iorwf	(??___fldiv+2)^0,w,c
  7459   000F96  1033               	iorwf	(??___fldiv+3)^0,w,c
  7460   000F98  B4D8               	btfsc	status,2,c
  7461   000F9A  EFD1  F007         	goto	u2101
  7462   000F9E  EFD3  F007         	goto	u2100
  7463   000FA2                     u2101:
  7464   000FA2  EFD7  F007         	goto	l1002
  7465   000FA6                     u2100:
  7466   000FA6                     l2805:
  7467   000FA6  0E01               	movlw	1
  7468   000FA8  6E40               	movwf	___fldiv@aexp^0,c
  7469   000FAA  EFE0  F007         	goto	l1001
  7470   000FAE                     l1002:
  7471   000FAE  A028               	btfss	___fldiv@b^0,0,c
  7472   000FB0  EFDC  F007         	goto	u2111
  7473   000FB4  EFDE  F007         	goto	u2110
  7474   000FB8                     u2111:
  7475   000FB8  EFE0  F007         	goto	l1001
  7476   000FBC                     u2110:
  7477   000FBC  EFD3  F007         	goto	l2805
  7478   000FC0                     l1001:
  7479   000FC0  5040               	movf	___fldiv@aexp^0,w,c
  7480   000FC2  B4D8               	btfsc	status,2,c
  7481   000FC4  EFE6  F007         	goto	u2121
  7482   000FC8  EFE8  F007         	goto	u2120
  7483   000FCC                     u2121:
  7484   000FCC  EF0C  F008         	goto	l2817
  7485   000FD0                     u2120:
  7486   000FD0  0E01               	movlw	1
  7487   000FD2  2628               	addwf	___fldiv@b^0,f,c
  7488   000FD4  0E00               	movlw	0
  7489   000FD6  2229               	addwfc	(___fldiv@b+1)^0,f,c
  7490   000FD8  222A               	addwfc	(___fldiv@b+2)^0,f,c
  7491   000FDA  222B               	addwfc	(___fldiv@b+3)^0,f,c
  7492   000FDC  A02B               	btfss	(___fldiv@b+3)^0,0,c
  7493   000FDE  EFF3  F007         	goto	u2131
  7494   000FE2  EFF5  F007         	goto	u2130
  7495   000FE6                     u2131:
  7496   000FE6  EF0C  F008         	goto	l2817
  7497   000FEA                     u2130:
  7498   000FEA  C028  F030         	movff	___fldiv@b,??___fldiv
  7499   000FEE  C029  F031         	movff	___fldiv@b+1,??___fldiv+1
  7500   000FF2  C02A  F032         	movff	___fldiv@b+2,??___fldiv+2
  7501   000FF6  C02B  F033         	movff	___fldiv@b+3,??___fldiv+3
  7502   000FFA  3433               	rlcf	(??___fldiv+3)^0,w,c
  7503   000FFC  3233               	rrcf	(??___fldiv+3)^0,f,c
  7504   000FFE  3232               	rrcf	(??___fldiv+2)^0,f,c
  7505   001000  3231               	rrcf	(??___fldiv+1)^0,f,c
  7506   001002  3230               	rrcf	??___fldiv^0,f,c
  7507   001004  C030  F028         	movff	??___fldiv,___fldiv@b
  7508   001008  C031  F029         	movff	??___fldiv+1,___fldiv@b+1
  7509   00100C  C032  F02A         	movff	??___fldiv+2,___fldiv@b+2
  7510   001010  C033  F02B         	movff	??___fldiv+3,___fldiv@b+3
  7511   001014  4A39               	infsnz	___fldiv@new_exp^0,f,c
  7512   001016  2A3A               	incf	(___fldiv@new_exp+1)^0,f,c
  7513   001018                     l2817:
  7514   001018  BE3A               	btfsc	(___fldiv@new_exp+1)^0,7,c
  7515   00101A  EF17  F008         	goto	u2141
  7516   00101E  503A               	movf	(___fldiv@new_exp+1)^0,w,c
  7517   001020  E108               	bnz	u2140
  7518   001022  2839               	incf	___fldiv@new_exp^0,w,c
  7519   001024  A0D8               	btfss	status,0,c
  7520   001026  EF17  F008         	goto	u2141
  7521   00102A  EF19  F008         	goto	u2140
  7522   00102E                     u2141:
  7523   00102E  EF24  F008         	goto	l2821
  7524   001032                     u2140:
  7525   001032  0E00               	movlw	0
  7526   001034  6E3A               	movwf	(___fldiv@new_exp+1)^0,c
  7527   001036  6839               	setf	___fldiv@new_exp^0,c
  7528   001038  0E00               	movlw	0
  7529   00103A  6E28               	movwf	___fldiv@b^0,c
  7530   00103C  0E00               	movlw	0
  7531   00103E  6E29               	movwf	(___fldiv@b+1)^0,c
  7532   001040  0E00               	movlw	0
  7533   001042  6E2A               	movwf	(___fldiv@b+2)^0,c
  7534   001044  0E00               	movlw	0
  7535   001046  6E2B               	movwf	(___fldiv@b+3)^0,c
  7536   001048                     l2821:
  7537   001048  BE3A               	btfsc	(___fldiv@new_exp+1)^0,7,c
  7538   00104A  EF31  F008         	goto	u2150
  7539   00104E  503A               	movf	(___fldiv@new_exp+1)^0,w,c
  7540   001050  E106               	bnz	u2151
  7541   001052  0439               	decf	___fldiv@new_exp^0,w,c
  7542   001054  B0D8               	btfsc	status,0,c
  7543   001056  EF2F  F008         	goto	u2151
  7544   00105A  EF31  F008         	goto	u2150
  7545   00105E                     u2151:
  7546   00105E  EF3D  F008         	goto	l2827
  7547   001062                     u2150:
  7548   001062  6A3A               	clrf	(___fldiv@new_exp+1)^0,c
  7549   001064  0E00               	movlw	0
  7550   001066  6E39               	movwf	___fldiv@new_exp^0,c
  7551   001068  0E00               	movlw	0
  7552   00106A  6E28               	movwf	___fldiv@b^0,c
  7553   00106C  0E00               	movlw	0
  7554   00106E  6E29               	movwf	(___fldiv@b+1)^0,c
  7555   001070  0E00               	movlw	0
  7556   001072  6E2A               	movwf	(___fldiv@b+2)^0,c
  7557   001074  0E00               	movlw	0
  7558   001076  6E2B               	movwf	(___fldiv@b+3)^0,c
  7559   001078  6A38               	clrf	___fldiv@sign^0,c
  7560   00107A                     l2827:
  7561   00107A  C039  F03F         	movff	___fldiv@new_exp,___fldiv@bexp
  7562   00107E  A03F               	btfss	___fldiv@bexp^0,0,c
  7563   001080  EF44  F008         	goto	u2161
  7564   001084  EF46  F008         	goto	u2160
  7565   001088                     u2161:
  7566   001088  EF49  F008         	goto	l2833
  7567   00108C                     u2160:
  7568   00108C  8E2A               	bsf	(___fldiv@b+2)^0,7,c
  7569   00108E  EF4A  F008         	goto	l2835
  7570   001092                     l2833:
  7571   001092  9E2A               	bcf	(___fldiv@b+2)^0,7,c
  7572   001094                     l2835:
  7573   001094  90D8               	bcf	status,0,c
  7574   001096  303F               	rrcf	___fldiv@bexp^0,w,c
  7575   001098  6E2B               	movwf	(___fldiv@b+3)^0,c
  7576   00109A  EF04  F007         	goto	l2751
  7577   00109E                     l988:
  7578   00109E  0012               	return		;funcret
  7579   0010A0                     __end_of___fldiv:
  7580                           	callstack 0
  7581                           
  7582 ;; *************** function _I2C_Read *****************
  7583 ;; Defined at:
  7584 ;;		line 50 in file "i2c.c"
  7585 ;; Parameters:    Size  Location     Type
  7586 ;;  ack             1    wreg     unsigned char 
  7587 ;; Auto vars:     Size  Location     Type
  7588 ;;  ack             1    1[COMRAM] unsigned char 
  7589 ;;  i               1    3[COMRAM] unsigned char 
  7590 ;;  data            1    2[COMRAM] unsigned char 
  7591 ;; Return value:  Size  Location     Type
  7592 ;;                  1    wreg      unsigned char 
  7593 ;; Registers used:
  7594 ;;		wreg, status,2, status,0
  7595 ;; Tracked objects:
  7596 ;;		On entry : 0/0
  7597 ;;		On exit  : 0/0
  7598 ;;		Unchanged: 0/0
  7599 ;; Data sizes:     COMRAM   BANK0   BANK1   BANK2   BANK3   BANK4   BANK5   BANK6   BANK7
  7600 ;;      Params:         0       0       0       0       0       0       0       0       0
  7601 ;;      Locals:         3       0       0       0       0       0       0       0       0
  7602 ;;      Temps:          1       0       0       0       0       0       0       0       0
  7603 ;;      Totals:         4       0       0       0       0       0       0       0       0
  7604 ;;Total ram usage:        4 bytes
  7605 ;; Hardware stack levels used: 1
  7606 ;; This function calls:
  7607 ;;		Nothing
  7608 ;; This function is called by:
  7609 ;;		_BME280_Read
  7610 ;;		_BH1750_ReadLux
  7611 ;; This function uses a non-reentrant model
  7612 ;;
  7613                           
  7614                           	psect	text39
  7615   001F86                     __ptext39:
  7616                           	callstack 0
  7617   001F86                     _I2C_Read:
  7618                           	callstack 28
  7619                           
  7620                           ;incstack = 0
  7621                           ;I2C_Read@ack stored from wreg
  7622   001F86  6E02               	movwf	I2C_Read@ack^0,c
  7623   001F88                     
  7624                           ;i2c.c: 51:     unsigned char data = 0;
  7625   001F88  6A03               	clrf	I2C_Read@data^0,c
  7626                           
  7627                           ;i2c.c: 52:     unsigned char i;;i2c.c: 53:     TRISBbits.TRISB1 = 1;
  7628   001F8A  8293               	bsf	147,1,c	;volatile
  7629                           
  7630                           ;i2c.c: 54:     for (i = 0; i < 8; i++) {
  7631   001F8C  6A04               	clrf	I2C_Read@i^0,c
  7632   001F8E                     l2455:
  7633                           
  7634                           ;i2c.c: 55:         data <<= 1;
  7635   001F8E  90D8               	bcf	status,0,c
  7636   001F90  3603               	rlcf	I2C_Read@data^0,f,c
  7637   001F92                     
  7638                           ;i2c.c: 56:         _delay((unsigned long)((5)*(8000000/4000000.0)));
  7639   001F92  0E03               	movlw	3
  7640   001F94                     u2867:
  7641   001F94  2EE8               	decfsz	wreg,f,c
  7642   001F96  D7FE               	bra	u2867
  7643   001F98  0000               	nop	
  7644   001F9A                     
  7645                           ;i2c.c: 57:         LATBbits.LATB0 = 1; _delay((unsigned long)((5)*(8000000/4000000.0)))
      +                          ;
  7646   001F9A  808A               	bsf	138,0,c	;volatile
  7647   001F9C  0E03               	movlw	3
  7648   001F9E                     u2877:
  7649   001F9E  2EE8               	decfsz	wreg,f,c
  7650   001FA0  D7FE               	bra	u2877
  7651   001FA2  0000               	nop	
  7652   001FA4                     
  7653                           ;i2c.c: 58:         if (PORTBbits.RB1) data |= 0x01;
  7654   001FA4  A281               	btfss	129,1,c	;volatile
  7655   001FA6  EFD7  F00F         	goto	u1571
  7656   001FAA  EFD9  F00F         	goto	u1570
  7657   001FAE                     u1571:
  7658   001FAE  EFDA  F00F         	goto	l2467
  7659   001FB2                     u1570:
  7660   001FB2  8003               	bsf	I2C_Read@data^0,0,c
  7661   001FB4                     l2467:
  7662                           
  7663                           ;i2c.c: 59:         LATBbits.LATB0 = 0; _delay((unsigned long)((5)*(8000000/4000000.0)))
      +                          ;
  7664   001FB4  908A               	bcf	138,0,c	;volatile
  7665   001FB6  0E03               	movlw	3
  7666   001FB8                     u2887:
  7667   001FB8  2EE8               	decfsz	wreg,f,c
  7668   001FBA  D7FE               	bra	u2887
  7669   001FBC  0000               	nop	
  7670   001FBE                     
  7671                           ;i2c.c: 60:     }
  7672   001FBE  2A04               	incf	I2C_Read@i^0,f,c
  7673   001FC0  0E07               	movlw	7
  7674   001FC2  6404               	cpfsgt	I2C_Read@i^0,c
  7675   001FC4  EFE6  F00F         	goto	u1581
  7676   001FC8  EFE8  F00F         	goto	u1580
  7677   001FCC                     u1581:
  7678   001FCC  EFC7  F00F         	goto	l2455
  7679   001FD0                     u1580:
  7680   001FD0                     
  7681                           ;i2c.c: 61:     TRISBbits.TRISB1 = 0;
  7682   001FD0  9293               	bcf	147,1,c	;volatile
  7683   001FD2                     
  7684                           ;i2c.c: 62:     LATBbits.LATB1 = (ack) ? 0 : 1;
  7685   001FD2  5002               	movf	I2C_Read@ack^0,w,c
  7686   001FD4  B4D8               	btfsc	status,2,c
  7687   001FD6  EFEF  F00F         	goto	u1591
  7688   001FDA  EFF3  F00F         	goto	u1590
  7689   001FDE                     u1591:
  7690   001FDE  6A01               	clrf	??_I2C_Read^0,c
  7691   001FE0  2A01               	incf	??_I2C_Read^0,f,c
  7692   001FE2  EFF4  F00F         	goto	u1608
  7693   001FE6                     u1590:
  7694   001FE6  6A01               	clrf	??_I2C_Read^0,c
  7695   001FE8                     u1608:
  7696   001FE8  4601               	rlncf	??_I2C_Read^0,f,c
  7697   001FEA  508A               	movf	138,w,c	;volatile
  7698   001FEC  1801               	xorwf	??_I2C_Read^0,w,c
  7699   001FEE  0BFD               	andlw	-3
  7700   001FF0  1801               	xorwf	??_I2C_Read^0,w,c
  7701   001FF2  6E8A               	movwf	138,c	;volatile
  7702   001FF4                     
  7703                           ;i2c.c: 63:     _delay((unsigned long)((5)*(8000000/4000000.0)));
  7704   001FF4  0E03               	movlw	3
  7705   001FF6                     u2897:
  7706   001FF6  2EE8               	decfsz	wreg,f,c
  7707   001FF8  D7FE               	bra	u2897
  7708   001FFA  0000               	nop	
  7709   001FFC                     
  7710                           ;i2c.c: 64:     LATBbits.LATB0 = 1; _delay((unsigned long)((5)*(8000000/4000000.0)));
  7711   001FFC  808A               	bsf	138,0,c	;volatile
  7712   001FFE  0E03               	movlw	3
  7713   002000                     u2907:
  7714   002000  2EE8               	decfsz	wreg,f,c
  7715   002002  D7FE               	bra	u2907
  7716   002004  0000               	nop	
  7717   002006                     
  7718                           ;i2c.c: 65:     LATBbits.LATB0 = 0;
  7719   002006  908A               	bcf	138,0,c	;volatile
  7720   002008                     
  7721                           ;i2c.c: 66:     LATBbits.LATB1 = 1; _delay((unsigned long)((5)*(8000000/4000000.0)));
  7722   002008  828A               	bsf	138,1,c	;volatile
  7723   00200A  0E03               	movlw	3
  7724   00200C                     u2917:
  7725   00200C  2EE8               	decfsz	wreg,f,c
  7726   00200E  D7FE               	bra	u2917
  7727   002010  0000               	nop	
  7728   002012                     
  7729                           ;i2c.c: 67:     return data;
  7730   002012  5003               	movf	I2C_Read@data^0,w,c
  7731   002014  0012               	return		;funcret
  7732   002016                     __end_of_I2C_Read:
  7733                           	callstack 0
  7734                           
  7735 ;; *************** function _BH1750_Init *****************
  7736 ;; Defined at:
  7737 ;;		line 10 in file "bh1750.c"
  7738 ;; Parameters:    Size  Location     Type
  7739 ;;		None
  7740 ;; Auto vars:     Size  Location     Type
  7741 ;;		None
  7742 ;; Return value:  Size  Location     Type
  7743 ;;                  1    wreg      void 
  7744 ;; Registers used:
  7745 ;;		wreg, status,2, status,0, cstack
  7746 ;; Tracked objects:
  7747 ;;		On entry : 0/0
  7748 ;;		On exit  : 0/0
  7749 ;;		Unchanged: 0/0
  7750 ;; Data sizes:     COMRAM   BANK0   BANK1   BANK2   BANK3   BANK4   BANK5   BANK6   BANK7
  7751 ;;      Params:         0       0       0       0       0       0       0       0       0
  7752 ;;      Locals:         0       0       0       0       0       0       0       0       0
  7753 ;;      Temps:          1       0       0       0       0       0       0       0       0
  7754 ;;      Totals:         1       0       0       0       0       0       0       0       0
  7755 ;;Total ram usage:        1 bytes
  7756 ;; Hardware stack levels used: 1
  7757 ;; Hardware stack levels required when called: 1
  7758 ;; This function calls:
  7759 ;;		_I2C_Start
  7760 ;;		_I2C_Stop
  7761 ;;		_I2C_Write
  7762 ;; This function is called by:
  7763 ;;		_main
  7764 ;; This function uses a non-reentrant model
  7765 ;;
  7766                           
  7767                           	psect	text40
  7768   0024DE                     __ptext40:
  7769                           	callstack 0
  7770   0024DE                     _BH1750_Init:
  7771                           	callstack 29
  7772   0024DE                     
  7773                           ;bh1750.c: 11:     I2C_Start();
  7774   0024DE  EC59  F012         	call	_I2C_Start	;wreg free
  7775   0024E2                     
  7776                           ;bh1750.c: 12:     I2C_Write(0x23 << 1);
  7777   0024E2  0E46               	movlw	70
  7778   0024E4  EC90  F010         	call	_I2C_Write
  7779   0024E8                     
  7780                           ;bh1750.c: 13:     I2C_Write(0x01);
  7781   0024E8  0E01               	movlw	1
  7782   0024EA  EC90  F010         	call	_I2C_Write
  7783                           
  7784                           ;bh1750.c: 14:     I2C_Stop();
  7785   0024EE  ECA4  F012         	call	_I2C_Stop	;wreg free
  7786   0024F2                     
  7787                           ;bh1750.c: 15:     _delay((unsigned long)((10)*(8000000/4000.0)));
  7788   0024F2  0E1A               	movlw	26
  7789   0024F4  6E04               	movwf	??_BH1750_Init^0,c
  7790   0024F6  0EF8               	movlw	248
  7791   0024F8                     u2927:
  7792   0024F8  2EE8               	decfsz	wreg,f,c
  7793   0024FA  D7FE               	bra	u2927
  7794   0024FC  2E04               	decfsz	??_BH1750_Init^0,f,c
  7795   0024FE  D7FC               	bra	u2927
  7796   002500  D000               	nop2	
  7797   002502  0012               	return		;funcret
  7798   002504                     __end_of_BH1750_Init:
  7799                           	callstack 0
  7800                           
  7801 ;; *************** function _I2C_Write *****************
  7802 ;; Defined at:
  7803 ;;		line 35 in file "i2c.c"
  7804 ;; Parameters:    Size  Location     Type
  7805 ;;  data            1    wreg     unsigned char 
  7806 ;; Auto vars:     Size  Location     Type
  7807 ;;  data            1    1[COMRAM] unsigned char 
  7808 ;;  i               1    2[COMRAM] unsigned char 
  7809 ;; Return value:  Size  Location     Type
  7810 ;;                  1    wreg      void 
  7811 ;; Registers used:
  7812 ;;		wreg, status,2, status,0
  7813 ;; Tracked objects:
  7814 ;;		On entry : 0/0
  7815 ;;		On exit  : 0/0
  7816 ;;		Unchanged: 0/0
  7817 ;; Data sizes:     COMRAM   BANK0   BANK1   BANK2   BANK3   BANK4   BANK5   BANK6   BANK7
  7818 ;;      Params:         0       0       0       0       0       0       0       0       0
  7819 ;;      Locals:         2       0       0       0       0       0       0       0       0
  7820 ;;      Temps:          1       0       0       0       0       0       0       0       0
  7821 ;;      Totals:         3       0       0       0       0       0       0       0       0
  7822 ;;Total ram usage:        3 bytes
  7823 ;; Hardware stack levels used: 1
  7824 ;; This function calls:
  7825 ;;		Nothing
  7826 ;; This function is called by:
  7827 ;;		_OLED_Command
  7828 ;;		_OLED_Clear
  7829 ;;		_OLED_ClearLine
  7830 ;;		_OLED_WriteChar
  7831 ;;		_BME280_Write
  7832 ;;		_BME280_Read
  7833 ;;		_BH1750_Init
  7834 ;;		_BH1750_ReadLux
  7835 ;;		_OLED_Data
  7836 ;; This function uses a non-reentrant model
  7837 ;;
  7838                           
  7839                           	psect	text41
  7840   002120                     __ptext41:
  7841                           	callstack 0
  7842   002120                     _I2C_Write:
  7843                           	callstack 28
  7844                           
  7845                           ;incstack = 0
  7846                           ;I2C_Write@data stored from wreg
  7847   002120  6E02               	movwf	I2C_Write@data^0,c
  7848   002122                     
  7849                           ;i2c.c: 36:     unsigned char i;;i2c.c: 37:     for (i = 0; i < 8; i++) {
  7850   002122  6A03               	clrf	I2C_Write@i^0,c
  7851   002124                     l2427:
  7852                           
  7853                           ;i2c.c: 38:         LATBbits.LATB1 = (data & 0x80) ? 1 : 0;
  7854   002124  BE02               	btfsc	I2C_Write@data^0,7,c
  7855   002126  EF97  F010         	goto	u1541
  7856   00212A  EF9B  F010         	goto	u1540
  7857   00212E                     u1541:
  7858   00212E  6A01               	clrf	??_I2C_Write^0,c
  7859   002130  2A01               	incf	??_I2C_Write^0,f,c
  7860   002132  EF9C  F010         	goto	u1558
  7861   002136                     u1540:
  7862   002136  6A01               	clrf	??_I2C_Write^0,c
  7863   002138                     u1558:
  7864   002138  4601               	rlncf	??_I2C_Write^0,f,c
  7865   00213A  508A               	movf	138,w,c	;volatile
  7866   00213C  1801               	xorwf	??_I2C_Write^0,w,c
  7867   00213E  0BFD               	andlw	-3
  7868   002140  1801               	xorwf	??_I2C_Write^0,w,c
  7869   002142  6E8A               	movwf	138,c	;volatile
  7870                           
  7871                           ;i2c.c: 39:         data <<= 1;
  7872   002144  90D8               	bcf	status,0,c
  7873   002146  3602               	rlcf	I2C_Write@data^0,f,c
  7874   002148                     
  7875                           ;i2c.c: 40:         _delay((unsigned long)((5)*(8000000/4000000.0)));
  7876   002148  0E03               	movlw	3
  7877   00214A                     u2937:
  7878   00214A  2EE8               	decfsz	wreg,f,c
  7879   00214C  D7FE               	bra	u2937
  7880   00214E  0000               	nop	
  7881   002150                     
  7882                           ;i2c.c: 41:         LATBbits.LATB0 = 1; _delay((unsigned long)((5)*(8000000/4000000.0)))
      +                          ;
  7883   002150  808A               	bsf	138,0,c	;volatile
  7884   002152  0E03               	movlw	3
  7885   002154                     u2947:
  7886   002154  2EE8               	decfsz	wreg,f,c
  7887   002156  D7FE               	bra	u2947
  7888   002158  0000               	nop	
  7889   00215A                     
  7890                           ;i2c.c: 42:         LATBbits.LATB0 = 0; _delay((unsigned long)((5)*(8000000/4000000.0)))
      +                          ;
  7891   00215A  908A               	bcf	138,0,c	;volatile
  7892   00215C  0E03               	movlw	3
  7893   00215E                     u2957:
  7894   00215E  2EE8               	decfsz	wreg,f,c
  7895   002160  D7FE               	bra	u2957
  7896   002162  0000               	nop	
  7897                           
  7898                           ;i2c.c: 43:     }
  7899   002164  2A03               	incf	I2C_Write@i^0,f,c
  7900   002166  0E07               	movlw	7
  7901   002168  6403               	cpfsgt	I2C_Write@i^0,c
  7902   00216A  EFB9  F010         	goto	u1561
  7903   00216E  EFBB  F010         	goto	u1560
  7904   002172                     u1561:
  7905   002172  EF92  F010         	goto	l2427
  7906   002176                     u1560:
  7907   002176                     
  7908                           ;i2c.c: 44:     TRISBbits.TRISB1 = 1; _delay((unsigned long)((5)*(8000000/4000000.0)));
  7909   002176  8293               	bsf	147,1,c	;volatile
  7910   002178  0E03               	movlw	3
  7911   00217A                     u2967:
  7912   00217A  2EE8               	decfsz	wreg,f,c
  7913   00217C  D7FE               	bra	u2967
  7914   00217E  0000               	nop	
  7915   002180                     
  7916                           ;i2c.c: 45:     LATBbits.LATB0 = 1; _delay((unsigned long)((5)*(8000000/4000000.0)));
  7917   002180  808A               	bsf	138,0,c	;volatile
  7918   002182  0E03               	movlw	3
  7919   002184                     u2977:
  7920   002184  2EE8               	decfsz	wreg,f,c
  7921   002186  D7FE               	bra	u2977
  7922   002188  0000               	nop	
  7923   00218A                     
  7924                           ;i2c.c: 46:     LATBbits.LATB0 = 0;
  7925   00218A  908A               	bcf	138,0,c	;volatile
  7926   00218C                     
  7927                           ;i2c.c: 47:     TRISBbits.TRISB1 = 0; _delay((unsigned long)((5)*(8000000/4000000.0)));
  7928   00218C  9293               	bcf	147,1,c	;volatile
  7929   00218E  0E03               	movlw	3
  7930   002190                     u2987:
  7931   002190  2EE8               	decfsz	wreg,f,c
  7932   002192  D7FE               	bra	u2987
  7933   002194  0000               	nop	
  7934   002196  0012               	return		;funcret
  7935   002198                     __end_of_I2C_Write:
  7936                           	callstack 0
  7937                           
  7938 ;; *************** function _I2C_Stop *****************
  7939 ;; Defined at:
  7940 ;;		line 28 in file "i2c.c"
  7941 ;; Parameters:    Size  Location     Type
  7942 ;;		None
  7943 ;; Auto vars:     Size  Location     Type
  7944 ;;		None
  7945 ;; Return value:  Size  Location     Type
  7946 ;;                  1    wreg      void 
  7947 ;; Registers used:
  7948 ;;		wreg
  7949 ;; Tracked objects:
  7950 ;;		On entry : 0/0
  7951 ;;		On exit  : 0/0
  7952 ;;		Unchanged: 0/0
  7953 ;; Data sizes:     COMRAM   BANK0   BANK1   BANK2   BANK3   BANK4   BANK5   BANK6   BANK7
  7954 ;;      Params:         0       0       0       0       0       0       0       0       0
  7955 ;;      Locals:         0       0       0       0       0       0       0       0       0
  7956 ;;      Temps:          0       0       0       0       0       0       0       0       0
  7957 ;;      Totals:         0       0       0       0       0       0       0       0       0
  7958 ;;Total ram usage:        0 bytes
  7959 ;; Hardware stack levels used: 1
  7960 ;; This function calls:
  7961 ;;		Nothing
  7962 ;; This function is called by:
  7963 ;;		_OLED_Command
  7964 ;;		_OLED_Clear
  7965 ;;		_OLED_ClearLine
  7966 ;;		_OLED_WriteChar
  7967 ;;		_BME280_Write
  7968 ;;		_BME280_Read
  7969 ;;		_BH1750_Init
  7970 ;;		_BH1750_ReadLux
  7971 ;;		_OLED_Data
  7972 ;; This function uses a non-reentrant model
  7973 ;;
  7974                           
  7975                           	psect	text42
  7976   002548                     __ptext42:
  7977                           	callstack 0
  7978   002548                     _I2C_Stop:
  7979                           	callstack 28
  7980   002548                     
  7981                           ;i2c.c: 29:     TRISBbits.TRISB1 = 0;
  7982   002548  9293               	bcf	147,1,c	;volatile
  7983                           
  7984                           ;i2c.c: 30:     LATBbits.LATB1 = 0; _delay((unsigned long)((5)*(8000000/4000000.0)));
  7985   00254A  928A               	bcf	138,1,c	;volatile
  7986   00254C  0E03               	movlw	3
  7987   00254E                     u2997:
  7988   00254E  2EE8               	decfsz	wreg,f,c
  7989   002550  D7FE               	bra	u2997
  7990   002552  0000               	nop	
  7991   002554                     
  7992                           ;i2c.c: 31:     LATBbits.LATB0 = 1; _delay((unsigned long)((5)*(8000000/4000000.0)));
  7993   002554  808A               	bsf	138,0,c	;volatile
  7994   002556  0E03               	movlw	3
  7995   002558                     u3007:
  7996   002558  2EE8               	decfsz	wreg,f,c
  7997   00255A  D7FE               	bra	u3007
  7998   00255C  0000               	nop	
  7999   00255E                     
  8000                           ;i2c.c: 32:     LATBbits.LATB1 = 1; _delay((unsigned long)((5)*(8000000/4000000.0)));
  8001   00255E  828A               	bsf	138,1,c	;volatile
  8002   002560  0E03               	movlw	3
  8003   002562                     u3017:
  8004   002562  2EE8               	decfsz	wreg,f,c
  8005   002564  D7FE               	bra	u3017
  8006   002566  0000               	nop	
  8007   002568  0012               	return		;funcret
  8008   00256A                     __end_of_I2C_Stop:
  8009                           	callstack 0
  8010                           
  8011 ;; *************** function _I2C_Start *****************
  8012 ;; Defined at:
  8013 ;;		line 20 in file "i2c.c"
  8014 ;; Parameters:    Size  Location     Type
  8015 ;;		None
  8016 ;; Auto vars:     Size  Location     Type
  8017 ;;		None
  8018 ;; Return value:  Size  Location     Type
  8019 ;;                  1    wreg      void 
  8020 ;; Registers used:
  8021 ;;		wreg
  8022 ;; Tracked objects:
  8023 ;;		On entry : 0/0
  8024 ;;		On exit  : 0/0
  8025 ;;		Unchanged: 0/0
  8026 ;; Data sizes:     COMRAM   BANK0   BANK1   BANK2   BANK3   BANK4   BANK5   BANK6   BANK7
  8027 ;;      Params:         0       0       0       0       0       0       0       0       0
  8028 ;;      Locals:         0       0       0       0       0       0       0       0       0
  8029 ;;      Temps:          0       0       0       0       0       0       0       0       0
  8030 ;;      Totals:         0       0       0       0       0       0       0       0       0
  8031 ;;Total ram usage:        0 bytes
  8032 ;; Hardware stack levels used: 1
  8033 ;; This function calls:
  8034 ;;		Nothing
  8035 ;; This function is called by:
  8036 ;;		_OLED_Command
  8037 ;;		_OLED_Clear
  8038 ;;		_OLED_ClearLine
  8039 ;;		_OLED_WriteChar
  8040 ;;		_BME280_Write
  8041 ;;		_BME280_Read
  8042 ;;		_BH1750_Init
  8043 ;;		_BH1750_ReadLux
  8044 ;;		_OLED_Data
  8045 ;; This function uses a non-reentrant model
  8046 ;;
  8047                           
  8048                           	psect	text43
  8049   0024B2                     __ptext43:
  8050                           	callstack 0
  8051   0024B2                     _I2C_Start:
  8052                           	callstack 28
  8053   0024B2                     
  8054                           ;i2c.c: 21:     TRISBbits.TRISB1 = 0;
  8055   0024B2  9293               	bcf	147,1,c	;volatile
  8056                           
  8057                           ;i2c.c: 22:     LATBbits.LATB1 = 1; _delay((unsigned long)((5)*(8000000/4000000.0)));
  8058   0024B4  828A               	bsf	138,1,c	;volatile
  8059   0024B6  0E03               	movlw	3
  8060   0024B8                     u3027:
  8061   0024B8  2EE8               	decfsz	wreg,f,c
  8062   0024BA  D7FE               	bra	u3027
  8063   0024BC  0000               	nop	
  8064   0024BE                     
  8065                           ;i2c.c: 23:     LATBbits.LATB0 = 1; _delay((unsigned long)((5)*(8000000/4000000.0)));
  8066   0024BE  808A               	bsf	138,0,c	;volatile
  8067   0024C0  0E03               	movlw	3
  8068   0024C2                     u3037:
  8069   0024C2  2EE8               	decfsz	wreg,f,c
  8070   0024C4  D7FE               	bra	u3037
  8071   0024C6  0000               	nop	
  8072   0024C8                     
  8073                           ;i2c.c: 24:     LATBbits.LATB1 = 0; _delay((unsigned long)((5)*(8000000/4000000.0)));
  8074   0024C8  928A               	bcf	138,1,c	;volatile
  8075   0024CA  0E03               	movlw	3
  8076   0024CC                     u3047:
  8077   0024CC  2EE8               	decfsz	wreg,f,c
  8078   0024CE  D7FE               	bra	u3047
  8079   0024D0  0000               	nop	
  8080   0024D2                     
  8081                           ;i2c.c: 25:     LATBbits.LATB0 = 0; _delay((unsigned long)((5)*(8000000/4000000.0)));
  8082   0024D2  908A               	bcf	138,0,c	;volatile
  8083   0024D4  0E03               	movlw	3
  8084   0024D6                     u3057:
  8085   0024D6  2EE8               	decfsz	wreg,f,c
  8086   0024D8  D7FE               	bra	u3057
  8087   0024DA  0000               	nop	
  8088   0024DC  0012               	return		;funcret
  8089   0024DE                     __end_of_I2C_Start:
  8090                           	callstack 0
  8091                           
  8092                           	psect	rparam
  8093   000001                     ___rparam_used  equ	1
  8094   000000                     ___param_bank   equ	0
  8095   000000                     __Lparam        equ	__Lrparam
  8096   000000                     __Hparam        equ	__Hrparam
  8097                           
  8098                           	psect	config
  8099                           
  8100                           ;Config register CONFIG1L @ 0x300000
  8101                           ;	unspecified, using default values
  8102                           ;	PLL Prescaler Selection bits
  8103                           ;	PLLDIV = 0x0, unprogrammed default
  8104                           ;	System Clock Postscaler Selection bits
  8105                           ;	CPUDIV = 0x0, unprogrammed default
  8106                           ;	USB Clock Selection bit (used in Full-Speed USB mode only; UCFG:FSEN = 1)
  8107                           ;	USBDIV = 0x0, unprogrammed default
  8108   300000                     	org	3145728
  8109   300000  00                 	db	0
  8110                           
  8111                           ;Config register CONFIG1H @ 0x300001
  8112                           ;	Oscillator Selection bits
  8113                           ;	FOSC = INTOSCIO_EC, Internal oscillator, port function on RA6, EC used by USB (INTIO)
  8114                           ;	Fail-Safe Clock Monitor Enable bit
  8115                           ;	FCMEN = 0x0, unprogrammed default
  8116                           ;	Internal/External Oscillator Switchover bit
  8117                           ;	IESO = 0x0, unprogrammed default
  8118   300001                     	org	3145729
  8119   300001  08                 	db	8
  8120                           
  8121                           ;Config register CONFIG2L @ 0x300002
  8122                           ;	unspecified, using default values
  8123                           ;	Power-up Timer Enable bit
  8124                           ;	PWRT = 0x1, unprogrammed default
  8125                           ;	Brown-out Reset Enable bits
  8126                           ;	BOR = 0x3, unprogrammed default
  8127                           ;	Brown-out Reset Voltage bits
  8128                           ;	BORV = 0x3, unprogrammed default
  8129                           ;	USB Voltage Regulator Enable bit
  8130                           ;	VREGEN = 0x0, unprogrammed default
  8131   300002                     	org	3145730
  8132   300002  1F                 	db	31
  8133                           
  8134                           ;Config register CONFIG2H @ 0x300003
  8135                           ;	Watchdog Timer Enable bit
  8136                           ;	WDT = OFF, WDT disabled (control is placed on the SWDTEN bit)
  8137                           ;	Watchdog Timer Postscale Select bits
  8138                           ;	WDTPS = 0xF, unprogrammed default
  8139   300003                     	org	3145731
  8140   300003  1E                 	db	30
  8141                           
  8142                           ; Padding undefined space
  8143   300004                     	org	3145732
  8144   300004  FF                 	db	255
  8145                           
  8146                           ;Config register CONFIG3H @ 0x300005
  8147                           ;	CCP2 MUX bit
  8148                           ;	CCP2MX = 0x1, unprogrammed default
  8149                           ;	PORTB A/D Enable bit
  8150                           ;	PBADEN = OFF, PORTB<4:0> pins are configured as digital I/O on Reset
  8151                           ;	Low-Power Timer 1 Oscillator Enable bit
  8152                           ;	LPT1OSC = 0x0, unprogrammed default
  8153                           ;	MCLR Pin Enable bit
  8154                           ;	MCLRE = ON, MCLR pin enabled; RE3 input pin disabled
  8155   300005                     	org	3145733
  8156   300005  81                 	db	129
  8157                           
  8158                           ;Config register CONFIG4L @ 0x300006
  8159                           ;	Stack Full/Underflow Reset Enable bit
  8160                           ;	STVREN = 0x1, unprogrammed default
  8161                           ;	Single-Supply ICSP Enable bit
  8162                           ;	LVP = OFF, Single-Supply ICSP disabled
  8163                           ;	Dedicated In-Circuit Debug/Programming Port (ICPORT) Enable bit
  8164                           ;	ICPRT = 0x0, unprogrammed default
  8165                           ;	Extended Instruction Set Enable bit
  8166                           ;	XINST = 0x0, unprogrammed default
  8167                           ;	Background Debugger Enable bit
  8168                           ;	DEBUG = 0x1, unprogrammed default
  8169   300006                     	org	3145734
  8170   300006  81                 	db	129
  8171                           
  8172                           ; Padding undefined space
  8173   300007                     	org	3145735
  8174   300007  FF                 	db	255
  8175                           tosu	equ	0xFFF
  8176                           tosh	equ	0xFFE
  8177                           tosl	equ	0xFFD
  8178                           stkptr	equ	0xFFC
  8179                           pclatu	equ	0xFFB
  8180                           pclath	equ	0xFFA
  8181                           pcl	equ	0xFF9
  8182                           tblptru	equ	0xFF8
  8183                           tblptrh	equ	0xFF7
  8184                           tblptrl	equ	0xFF6
  8185                           tablat	equ	0xFF5
  8186                           prodh	equ	0xFF4
  8187                           prodl	equ	0xFF3
  8188                           indf0	equ	0xFEF
  8189                           postinc0	equ	0xFEE
  8190                           postdec0	equ	0xFED
  8191                           preinc0	equ	0xFEC
  8192                           plusw0	equ	0xFEB
  8193                           fsr0h	equ	0xFEA
  8194                           fsr0l	equ	0xFE9
  8195                           wreg	equ	0xFE8
  8196                           indf1	equ	0xFE7
  8197                           postinc1	equ	0xFE6
  8198                           postdec1	equ	0xFE5
  8199                           preinc1	equ	0xFE4
  8200                           plusw1	equ	0xFE3
  8201                           fsr1h	equ	0xFE2
  8202                           fsr1l	equ	0xFE1
  8203                           bsr	equ	0xFE0
  8204                           indf2	equ	0xFDF
  8205                           postinc2	equ	0xFDE
  8206                           postdec2	equ	0xFDD
  8207                           preinc2	equ	0xFDC
  8208                           plusw2	equ	0xFDB
  8209                           fsr2h	equ	0xFDA
  8210                           fsr2l	equ	0xFD9
  8211                           status	equ	0xFD8

Data Sizes:
    Strings     34
    Constant    200
    Data        0
    BSS         45
    Persistent  0
    Stack       0

Auto Spaces:
    Space          Size  Autos    Used
    COMRAM           95     76      89
    BANK0           160     28      60
    BANK1           256      0       0
    BANK2           256      0       0
    BANK3           256      0       0
    BANK4           256      0       0
    BANK5           256      0       0
    BANK6           256      0       0
    BANK7           256      0       0

Pointer List with Targets:

    f$.$buffer	PTR unsigned char  size(1) Largest target is 14
		 -> main@buffer(BANK0[14]), 

    f$.$source	PTR const unsigned char  size(2) Largest target is 0

    fputc@fp	PTR struct _IO_FILE size(1) Largest target is 11
		 -> sprintf@f(COMRAM[11]), 

    fputc@fp$.$buffer	PTR unsigned char  size(1) Largest target is 14
		 -> main@buffer(BANK0[14]), 

    fputc@fp$.$source	PTR const unsigned char  size(2) Largest target is 0

    OLED_WriteString@str	PTR unsigned char  size(2) Largest target is 14
		 -> main@buffer(BANK0[14]), STR_1(CODE[10]), 

    S1235$buffer	PTR unsigned char  size(1) Largest target is 14
		 -> main@buffer(BANK0[14]), 

    S1235$source	PTR const unsigned char  size(2) Largest target is 0

    sprintf@ap	PTR void [1] size(1) Largest target is 2
		 -> ?_sprintf(COMRAM[2]), 

    sprintf@fmt	PTR const unsigned char  size(1) Largest target is 7
		 -> STR_2(CODE[7]), STR_3(CODE[7]), STR_4(CODE[5]), STR_5(CODE[5]), 

    sprintf@s	PTR unsigned char  size(1) Largest target is 14
		 -> main@buffer(BANK0[14]), 

    vfpfcnvrt@ap	PTR PTR void  size(1) Largest target is 1
		 -> sprintf@ap(COMRAM[1]), 

    vfpfcnvrt@cp	PTR unsigned char  size(1) Largest target is 7
		 -> STR_2(CODE[7]), STR_3(CODE[7]), STR_4(CODE[5]), STR_5(CODE[5]), 

    vfpfcnvrt@fmt	PTR PTR unsigned char  size(1) Largest target is 1
		 -> vfprintf@cfmt(COMRAM[1]), 

    vfpfcnvrt@fp	PTR struct _IO_FILE size(1) Largest target is 11
		 -> sprintf@f(COMRAM[11]), 

    vfprintf@ap	PTR PTR void  size(1) Largest target is 1
		 -> sprintf@ap(COMRAM[1]), 

    vfprintf@cfmt	PTR unsigned char  size(1) Largest target is 7
		 -> STR_2(CODE[7]), STR_3(CODE[7]), STR_4(CODE[5]), STR_5(CODE[5]), 

    vfprintf@fmt	PTR const unsigned char  size(1) Largest target is 7
		 -> STR_2(CODE[7]), STR_3(CODE[7]), STR_4(CODE[5]), STR_5(CODE[5]), 

    vfprintf@fp	PTR struct _IO_FILE size(1) Largest target is 11
		 -> sprintf@f(COMRAM[11]), 


Critical Paths under _main in COMRAM

    _main->_BH1750_ReadLux
    _main->_BME280_ReadHumidity
    _sprintf->_vfprintf
    _vfprintf->_vfpfcnvrt
    _vfpfcnvrt->_abs
    _abs->___awmod
    _leer_temperatura->___fldiv
    ___flmul->___xxtofl
    _leer_aire->_leer_adc
    _control_ventilador->_actualizar_ventilador
    _actualizar_ventilador->___flge
    _control_temperatura->___flge
    _control_luz->___flge
    _OLED_WriteString->_OLED_WriteChar
    _OLED_WriteChar->_I2C_Write
    _OLED_SetCursor->_OLED_Command
    _OLED_Init->_OLED_Command
    _OLED_ClearLine->_OLED_Command
    _OLED_Clear->_OLED_Command
    _OLED_Command->_I2C_Write
    _BME280_ReadHumidity->___fldiv
    _BME280_Read->_I2C_Read
    _BME280_Init->_BME280_Write
    _BME280_Write->_I2C_Write
    _BH1750_ReadLux->___fldiv
    ___fldiv->___flmul
    _BH1750_Init->_I2C_Write

Critical Paths under _main in BANK0

    None.

Critical Paths under _main in BANK1

    None.

Critical Paths under _main in BANK2

    None.

Critical Paths under _main in BANK3

    None.

Critical Paths under _main in BANK4

    None.

Critical Paths under _main in BANK5

    None.

Critical Paths under _main in BANK6

    None.

Critical Paths under _main in BANK7

    None.

Call Graph Tables:

 ---------------------------------------------------------------------------------
 (Depth) Function   	        Calls       Base Space   Used Autos Params    Refs
 ---------------------------------------------------------------------------------
 (0) _main                                                30    30      0   11703
                                             74 COMRAM     2     2      0
                                              0 BANK0     28    28      0
                        _BH1750_Init
                     _BH1750_ReadLux
                        _BME280_Init
                _BME280_ReadHumidity
                           _I2C_Init
                         _OLED_Clear
                     _OLED_ClearLine
                          _OLED_Init
                     _OLED_SetCursor
                   _OLED_WriteString
                            ___fltol
                       _control_aire
                        _control_luz
                _control_temperatura
                 _control_ventilador
                           _init_ADC
                           _init_PWM
                          _leer_aire
                   _leer_temperatura
                              _setup
                            _sprintf
 ---------------------------------------------------------------------------------
 (1) _sprintf                                             18    14      4    1837
                                             25 COMRAM    16    12      4
                            ___fltol (ARG)
                           _vfprintf
 ---------------------------------------------------------------------------------
 (2) _vfprintf                                             4     1      3    1630
                                             21 COMRAM     4     1      3
                          _vfpfcnvrt
 ---------------------------------------------------------------------------------
 (3) _vfpfcnvrt                                           11     8      3    1502
                                             10 COMRAM    11     8      3
                            ___awdiv
                            ___awmod
                                _abs
                              _fputc
 ---------------------------------------------------------------------------------
 (4) _fputc                                                8     5      3     232
                                              0 COMRAM     8     5      3
                              _putch
 ---------------------------------------------------------------------------------
 (5) _putch                                                1     1      0       0
 ---------------------------------------------------------------------------------
 (4) _abs                                                  4     2      2      67
                                              6 COMRAM     4     2      2
                            ___awmod (ARG)
 ---------------------------------------------------------------------------------
 (4) ___awmod                                              6     2      4     298
                                              0 COMRAM     6     2      4
 ---------------------------------------------------------------------------------
 (4) ___awdiv                                              8     4      4     302
                                              0 COMRAM     8     4      4
 ---------------------------------------------------------------------------------
 (1) _setup                                                0     0      0       0
 ---------------------------------------------------------------------------------
 (1) _leer_temperatura                                     6     2      4    2981
                                             64 COMRAM     6     2      4
                            ___fldiv
                            ___flmul
                           ___xxtofl
                           _leer_adc
 ---------------------------------------------------------------------------------
 (2) ___flmul                                             25    17      8    1468
                                             14 COMRAM    25    17      8
                           ___xxtofl (ARG)
 ---------------------------------------------------------------------------------
 (1) _leer_aire                                            2     0      2      24
                                              4 COMRAM     2     0      2
                           _leer_adc
 ---------------------------------------------------------------------------------
 (2) _leer_adc                                             4     2      2      24
                                              0 COMRAM     4     2      2
 ---------------------------------------------------------------------------------
 (1) _init_PWM                                             0     0      0       0
 ---------------------------------------------------------------------------------
 (1) _init_ADC                                             0     0      0       0
 ---------------------------------------------------------------------------------
 (1) _control_ventilador                                   6     0      6     513
                                             21 COMRAM     6     0      6
              _actualizar_ventilador
 ---------------------------------------------------------------------------------
 (2) _actualizar_ventilador                                9     3      6     467
                                             12 COMRAM     9     3      6
                             ___flge
                       _set_PWM_duty
 ---------------------------------------------------------------------------------
 (3) _set_PWM_duty                                         4     2      2      68
                                              0 COMRAM     4     2      2
 ---------------------------------------------------------------------------------
 (1) _control_temperatura                                  4     0      4     239
                                             12 COMRAM     4     0      4
                             ___flge
 ---------------------------------------------------------------------------------
 (1) _control_luz                                          4     0      4     239
                                             12 COMRAM     4     0      4
                             ___flge
 ---------------------------------------------------------------------------------
 (3) ___flge                                              12     4      8     194
                                              0 COMRAM    12     4      8
 ---------------------------------------------------------------------------------
 (1) _control_aire                                         3     1      2      69
                                              0 COMRAM     3     1      2
 ---------------------------------------------------------------------------------
 (1) ___fltol                                             10     6      4     232
                                              0 COMRAM    10     6      4
 ---------------------------------------------------------------------------------
 (1) _OLED_WriteString                                     2     0      2     514
                                              8 COMRAM     2     0      2
                     _OLED_WriteChar
 ---------------------------------------------------------------------------------
 (2) _OLED_WriteChar                                       5     5      0     464
                                              3 COMRAM     5     5      0
                          _I2C_Start
                           _I2C_Stop
                          _I2C_Write
 ---------------------------------------------------------------------------------
 (1) _OLED_SetCursor                                       2     1      1     193
                                              4 COMRAM     2     1      1
                       _OLED_Command
 ---------------------------------------------------------------------------------
 (1) _OLED_Init                                            2     2      0     106
                                              4 COMRAM     2     2      0
                       _OLED_Command
 ---------------------------------------------------------------------------------
 (1) _OLED_ClearLine                                       2     2      0     258
                                              4 COMRAM     2     2      0
                          _I2C_Start
                           _I2C_Stop
                          _I2C_Write
                       _OLED_Command
 ---------------------------------------------------------------------------------
 (1) _OLED_Clear                                           2     2      0     297
                                              4 COMRAM     2     2      0
                          _I2C_Start
                           _I2C_Stop
                          _I2C_Write
                       _OLED_Command
 ---------------------------------------------------------------------------------
 (2) _OLED_Command                                         1     1      0     106
                                              3 COMRAM     1     1      0
                          _I2C_Start
                           _I2C_Stop
                          _I2C_Write
 ---------------------------------------------------------------------------------
 (1) _I2C_Init                                             0     0      0       0
 ---------------------------------------------------------------------------------
 (1) _BME280_ReadHumidity                                 10     6      4    1896
                                             64 COMRAM    10     6      4
                        _BME280_Read
                       _BME280_Write
                            ___fldiv
                           ___xxtofl
 ---------------------------------------------------------------------------------
 (2) _BME280_Read                                          2     2      0     229
                                              4 COMRAM     2     2      0
                           _I2C_Read
                          _I2C_Start
                           _I2C_Stop
                          _I2C_Write
 ---------------------------------------------------------------------------------
 (1) _BME280_Init                                          2     2      0     132
                                              5 COMRAM     2     2      0
                       _BME280_Write
 ---------------------------------------------------------------------------------
 (2) _BME280_Write                                         2     1      1     132
                                              3 COMRAM     2     1      1
                          _I2C_Start
                           _I2C_Stop
                          _I2C_Write
 ---------------------------------------------------------------------------------
 (1) _BH1750_ReadLux                                      10     6      4    1712
                                             64 COMRAM    10     6      4
                           _I2C_Read
                          _I2C_Start
                           _I2C_Stop
                          _I2C_Write
                            ___fldiv
                           ___xxtofl
 ---------------------------------------------------------------------------------
 (2) ___xxtofl                                            14    10      4     339
                                              0 COMRAM    14    10      4
 ---------------------------------------------------------------------------------
 (2) ___fldiv                                             25    17      8    1127
                                             39 COMRAM    25    17      8
                            ___flmul (ARG)
                           ___xxtofl (ARG)
 ---------------------------------------------------------------------------------
 (3) _I2C_Read                                             4     4      0     100
                                              0 COMRAM     4     4      0
 ---------------------------------------------------------------------------------
 (1) _BH1750_Init                                          1     1      0      77
                                              3 COMRAM     1     1      0
                          _I2C_Start
                           _I2C_Stop
                          _I2C_Write
 ---------------------------------------------------------------------------------
 (3) _I2C_Write                                            3     3      0      77
                                              0 COMRAM     3     3      0
 ---------------------------------------------------------------------------------
 (3) _I2C_Stop                                             0     0      0       0
 ---------------------------------------------------------------------------------
 (3) _I2C_Start                                            0     0      0       0
 ---------------------------------------------------------------------------------
 Estimated maximum stack depth 5
 ---------------------------------------------------------------------------------

 Call Graph Graphs:

 _main (ROOT)
   _BH1750_Init
     _I2C_Start
     _I2C_Stop
     _I2C_Write
   _BH1750_ReadLux
     _I2C_Read
     _I2C_Start
     _I2C_Stop
     _I2C_Write
     ___fldiv
       ___flmul (ARG)
         ___xxtofl (ARG)
       ___xxtofl (ARG)
     ___xxtofl
   _BME280_Init
     _BME280_Write
       _I2C_Start
       _I2C_Stop
       _I2C_Write
   _BME280_ReadHumidity
     _BME280_Read
       _I2C_Read
       _I2C_Start
       _I2C_Stop
       _I2C_Write
     _BME280_Write
     ___fldiv
     ___xxtofl
   _I2C_Init
   _OLED_Clear
     _I2C_Start
     _I2C_Stop
     _I2C_Write
     _OLED_Command
       _I2C_Start
       _I2C_Stop
       _I2C_Write
   _OLED_ClearLine
     _I2C_Start
     _I2C_Stop
     _I2C_Write
     _OLED_Command
   _OLED_Init
     _OLED_Command
   _OLED_SetCursor
     _OLED_Command
   _OLED_WriteString
     _OLED_WriteChar
       _I2C_Start
       _I2C_Stop
       _I2C_Write
   ___fltol
   _control_aire
   _control_luz
     ___flge
   _control_temperatura
     ___flge
   _control_ventilador
     _actualizar_ventilador
       ___flge
       _set_PWM_duty
   _init_ADC
   _init_PWM
   _leer_aire
     _leer_adc
   _leer_temperatura
     ___fldiv
     ___flmul
     ___xxtofl
     _leer_adc
   _setup
   _sprintf
     ___fltol (ARG)
     _vfprintf (ARG)
       _vfpfcnvrt
         ___awdiv
         ___awmod
         _abs
           ___awmod (ARG)
         _fputc
           _putch

Address spaces:
Name               Size   Autos  Total    Usage
BIGRAM            2047      0       0      0.0%
BITBANK7           256      0       0      0.0%
BANK7              256      0       0      0.0%
BITBANK6           256      0       0      0.0%
BANK6              256      0       0      0.0%
BITBANK5           256      0       0      0.0%
BANK5              256      0       0      0.0%
BITBANK4           256      0       0      0.0%
BANK4              256      0       0      0.0%
BITBANK3           256      0       0      0.0%
BANK3              256      0       0      0.0%
BITBANK2           256      0       0      0.0%
BANK2              256      0       0      0.0%
BITBANK1           256      0       0      0.0%
BANK1              256      0       0      0.0%
BITBANK0           160      0       0      0.0%
BANK0              160     28      60     37.5%
BITCOMRAM           95      0       0      0.0%
COMRAM              95     76      89     93.7%
BITBIGSFRh          66      0       0      0.0%
BITBIGSFRlh         59      0       0      0.0%
BITBIGSFRll         33      0       0      0.0%
STACK                0      0       0      0.0%
DATA                 0      0     149      0.0%


Microchip Technology PIC18 Macro Assembler V3.10 build 20250813170317 
Symbol Table                                                                                   Fri May  8 16:07:09 2026

               OLED_ClearLine@linea 0005                        ___fldiv@aexp 0040  
                      ___fldiv@bexp 003F                        ___fldiv@sign 0038  
                                l55 25FC                                  l82 25D8  
                                l85 236E                                  l93 211E  
                                l88 2392                                  l96 25EC  
                      ___awdiv@sign 0006                                 l120 1EE6  
                               l112 1E48                                 l212 25A4  
                               l141 21D6                                 l230 2350  
                               l150 2586                                 l144 2208  
                               l136 17A0                                 l225 22BE  
                               l233 2546                                 l218 1B92  
                               l165 260A                                 l182 2616  
                     _contador_aire 0057                                 l271 23D2  
                               l255 2266                                 l192 2176  
                               l185 24DC                                 l193 2196  
                               l249 18C0                                 l169 230A  
                               l290 2502                                 l274 2410  
                               l188 2568                                 l268 25C2  
                               l197 1FD0                                 l293 1F84  
                               l277 209A                                 l199 2014  
                               l703 19C6                                 l650 1D00  
                               l637 1C52                                 l671 1A84  
                               l676 1ACA                                 l990 0F04  
                               l993 0EC8                                 l988 109E  
                               l999 0F4A                                 _PR2 0FCB  
                               _abs 244E                    ??_OLED_SetCursor 0006  
                      ___awmod@sign 0006                                 wreg 0FE8  
                      ___flmul@aexp 0020                        ___flmul@bexp 0021  
          __end_of_OLED_WriteString 2268                        ___flmul@sign 001B  
                      ___flmul@temp 0026                        ___flmul@prod 0022  
                      _BME280_Write 25A6                        ___fltol@exp1 000A  
                              l1000 0F68                                l1001 0FC0  
                              l1002 0FAE                                l1020 09B0  
                              l1030 0C0A                                l1024 0D10  
                              l1122 14A0                                l1027 0BA6  
                              ?_abs 0007                                l1028 0BC4  
                              l1061 14F8                                l1037 0CD2  
                              l1029 0C1C                                l1133 2468  
                              l1064 1654                                l1136 2480  
                              l3001 15FA                                l1129 244C  
                              l3011 1642                                l3003 15FC  
                              l1075 15EC                                l1068 1590  
                              l1148 1DAA                                l1084 24B0  
                              l3013 1644                                l3005 1600  
                              l3101 1B7A                                l2301 1BA4  
                              l3021 242A                                l3007 1624  
                              l3111 227E                                l3103 2268  
                              l3031 25F4                                l2311 1BCA  
                              l2303 1BAC                                l1159 2618  
                              l3023 2446                                l3009 1634  
                              l3201 1F1E                                l3113 2282  
                              l2401 22F6                                l3041 25C4  
                              l3033 25F6                                l2321 1C00  
                              l2313 1BD0                                l2305 1BB0  
                              l3017 2412                                l2411 24D2  
                              l2403 24B2                                l3203 1F26  
                              l3131 22AC                                l3123 2290  
                              l3115 2288                                l3051 1AE4  
                              l3043 25D0                                l3035 25F8  
                              l3027 25EE                                l2331 1C2C  
                              l2323 1C06                                l2315 1BE2  
                              l2307 1BBE                                l3019 241A  
                              l2405 24B6                                l2413 2548  
                              l2421 2122                                l3141 24DE  
                              l3205 1F2E                                l3133 22AE  
                              l3125 2296                                l3117 228E  
                              l3109 226A                                l3061 1B02  
                              l3053 1AEA                                l2501 1A44  
                              l3221 1DFC                                l3213 1DAC  
                              l3045 25FE                                l3037 25FA  
                              l3029 25F2                                l2325 1C1C  
                              l2317 1BEA                                l2333 1C32  
                              l2309 1BC6                                l2341 1C54  
                              l2407 24BE                                l2415 254C  
                              l2431 2150                                l3143 24E2  
                              l3207 1F32                                l3135 23D4  
                              l3039 260C                                l3127 2298  
                              l3071 1B20                                l3063 1B08  
                              l3055 1AF0                                l3151 252C  
                              l3311 1916                                l3303 18C2  
                              l2511 1AC8                                l2503 1A52  
                              l3231 1E5C                                l3223 1E0E  
                              l3215 1DBE                                l3047 2602  
                              l2335 1C42                                l2327 1C24  
                              l2319 1BF2                                l2351 1C7E  
                              l2343 1C56                                l2409 24C8  
                              l2417 2554                                l2441 2178  
                              l2433 2152                                l3145 24E8  
                              l3209 1F3E                                l3137 23EC  
                              l3129 22A8                                l3081 1B3E  
                              l3073 1B26                                l3065 1B0E  
                              l3057 1AF6                                l3049 1ACC  
                              l3153 2534                                l3161 2232  
                              l3313 1918                                l3305 18D8  
                              l2505 1A64                                l3241 1EDE  
                              l3233 1E8E                                l3225 1E40  
                              l3217 1DF0                                l2601 171A  
                              l2337 1C4A                                l2329 1C26  
                              l2361 1CB6                                l2353 1C86  
                              l2345 1C64                                l2521 12E8  
                              l3401 11F4                                l2419 255E  
                              l2443 2180                                l2435 215A  
                              l2427 2124                                l3147 24F2  
                              l3139 23F6                                l3091 1B5C  
                              l3083 1B44                                l3075 1B2C  
                              l3067 1B14                                l3059 1AFC  
                              l3155 253C                                l3163 2236  
                              l3315 1928                                l3251 21D4  
                              l2507 1A72                                l3243 1EE0  
                              l3235 1E90                                l3227 1E42  
                              l3219 1DF2                                l2603 1740  
                              l2611 1794                                l3171 25DA  
                              l2371 1CF0                                l2363 1CCC  
                              l2355 1C98                                l2347 1C6C  
                              l2531 1346                                l2523 12EC  
                              l2515 12B4                                l3411 124A  
                              l3403 121C                                l2445 218A  
                              l2437 215C                                l2429 2148  
                              l2461 1F9C                                l2701 23C8  
                              l3181 2040                                l2621 25A0  
                              l2613 258A                                l3093 1B62  
                              l3085 1B4A                                l3077 1B32  
                              l3069 1B1A                                l3149 2528  
                              l3157 220A                                l3341 19A6  
                              l3325 1952                                l3317 192C  
                              l3309 18EC                                l3261 21EA  
                              l3245 2198                                l2509 1AC2  
                              l3237 1E9A                                l3229 1E4A  
                              l2605 174C                                l3165 209C  
                              l2373 1CF8                                l2365 1CD4  
                              l2357 1CA0                                l2349 1C70  
                              l2381 1D22                                l2541 13C2  
                              l2533 1350                                l2525 12F6  
                              l2517 12D6                                l3421 1296  
                              l3413 1254                                l3405 1226  
                              l2447 218C                                l2439 2166  
                              l2471 1FBE                                l2463 1FA4  
                              l2455 1F8E                                l2711 0D2C  
                              l3191 1EEC                                l2703 23D0  
                              l3183 2048                                l3175 2016  
                              l2615 258E                                l3271 2322  
                              l3095 1B68                                l3087 1B50  
                              l3079 1B38                                l2631 17D6  
                              l2623 17A4                                l3159 220E  
                              l3343 19B6                                l3335 197A  
                              l3327 195C                                l3319 193A  
                              l3247 21B4                                l3263 2200  
                              l3239 1EAC                                l2607 176A  
                              l3167 20AE                                l2367 1CDA  
                              l2359 1CA8                                l2391 244E  
                              l2383 1D2C                                l2551 141E  
                              l2543 13D2                                l2535 1368  
                              l2527 1312                                l2519 12DE  
                              l3415 125A                                l3407 122C  
                              l3351 10BA                                l2481 1FFE  
                              l2473 1FC0                                l2465 1FB2  
                              l2457 1F92                                l2449 1F88  
                              l2801 0F5A                                l2721 0D60  
                              l2713 0D2E                                l3193 1EF2  
                              l3185 2054                                l3177 202A  
                              l2617 2594                                l3273 2326  
                              l3097 1B6E                                l3089 1B56  
                              l2641 1826                                l2633 17E6  
                              l2625 17AA                                l3337 1986  
                              l3329 1966                                l3265 2206  
                              l3257 21D8                                l3249 21B8  
                              l2297 1B94                                l2369 1CE0  
                              l2393 245C                                l2385 1D48  
                              l2377 1D02                                l2545 13E2  
                              l2553 1420                                l2537 1396  
                              l2529 132E                                l3417 1264  
                              l3409 1236                                l3361 10CE  
                              l3353 10BE                                l2483 2006  
                              l2475 1FD2                                l2467 1FB4  
                              l2459 1F9A                                l2811 0FDC  
                              l2803 0F78                                l2731 0D90  
                              l2715 0D3E                                l2723 0D66  
                              l2707 0D12                                l3195 1EFC  
                              l3179 2038                                l2619 259A  
                              l3283 2334                                l3275 232C  
                              l3099 1B74                                l2651 1870  
                              l2643 1838                                l2635 17F6  
                              l2627 17BC                                l3339 1996  
                              l3259 21E0                                l2395 22C0  
                              l3267 256A                                l2299 1B96  
                              l2387 1D7A                                l2379 1D12  
                              l2563 1472                                l2547 13F2  
                              l2539 13B0                                l2555 1436  
                              l3291 2482                                l3419 128C  
                              l3371 1106                                l3363 10D2  
                              l3355 10C2                                l3347 10A0  
                              l2485 2008                                l2477 1FF4  
                              l2469 1FB6                                l2821 1048  
                              l2813 0FEA                                l2805 0FA6  
                              l2741 0DC4                                l2733 0D92  
                              l2725 0D76                                l2717 0D4E  
                              l2709 0D1E                                l3197 1F14  
                              l3189 1EE8                                l3285 233A  
                              l3277 2332                                l3269 230E  
                              l2645 1842                                l2637 1806  
                              l2653 1876                                l2629 17C6  
                              l2493 19C8                                l2397 22D8  
                              l2573 2352                                l2901 0A66  
                              l2557 1458                                l2549 1404  
                              l3293 248A                                l3381 1152  
                              l3373 110A                                l3365 10D6  
                              l3357 10C6                                l3349 10A4  
                              l2487 200A                                l2479 1FFC  
                              l2831 108C                                l2823 1062  
                              l2815 1014                                l2751 0E08  
                              l2735 0DA2                                l2743 0DCA  
                              l2727 0D7C                                l2719 0D5E  
                              l3199 1F18                                l3287 233C  
                              l2671 18B6                                l2655 187A  
                              l2647 1854                                l2639 1816  
                              l2495 19F6                                l2399 22DE  
                              l2591 16AE                                l2583 1656  
                              l2575 2364                                l2911 0ABC  
                              l2903 0A76                                l2559 1460  
                              l2567 147E                                l3295 2490  
                              l3391 11A8                                l3383 1166  
                              l3375 111E                                l3367 10E0  
                              l3359 10CA                                l2489 2012  
                              l2833 1092                                l2825 1078  
                              l2809 0FD0                                l2817 1018  
                              l2761 0E30                                l2753 0E0C  
                              l2745 0DDA                                l2737 0DB2  
                              l2729 0D82                                l2681 25B8  
                              l3289 234C                                l2673 18BC  
                              l2665 1888                                l2657 1880  
                              l2649 185E                                l2497 1A06  
                              l2593 16B8                                l2585 1656  
                              l2577 236C                                l2921 0B60  
                              l2913 0AD8                                l2905 0A82  
                              l3297 2496                                l3393 11B2  
                              l3385 117A                                l3377 112A  
                              l3369 10F0                                l2835 1094  
                              l2827 107A                                l2819 1032  
                              l2771 0E7E                                l2747 0DF0  
                              l2739 0DC2                                l2683 25BE  
                              l2675 25A8                                l2691 23AA  
                              l2667 18A4                                l2659 1886  
                              l2499 1A34                                l2595 16EA  
                              l2587 1672                                l2579 237C  
                              l2931 0BB6                                l2923 0B6E  
                              l2915 0AE4                                l2907 0A92  
                              l2851 0918                                l2843 08EC  
                              l3299 24A6                                l3395 11DA  
                              l3387 1186                                l3379 113E  
                              l2829 107E                                l2781 0EC6  
                              l2773 0E8E                                l2765 0E44  
                              l2749 0E00                                l2757 0E20  
                              l2677 25AC                                l2693 23B2  
                              l2685 2396                                l2669 18A6  
                              l2597 16F6                                l2589 167C  
                              l2941 0C38                                l2933 0BD4  
                              l2925 0B8C                                l2917 0B00  
                              l2909 0AAC                                l2861 0954  
                              l2853 0928                                l2845 08F8  
                              l3397 11E4                                l3389 11A2  
                              l2791 0F14                                l2783 0ED2  
                              l2775 0E94                                l2767 0E5E  
                              l2759 0E30                                l2679 25B2  
                              l2695 23B6                                l2687 239A  
                              l2599 16FC                                l2951 0CA2  
                              l2943 0C46                                l2935 0C02  
                              l2927 0B96                                l2919 0B2A  
                              l2871 098A                                l2863 095A  
                              l2855 0938                                l2847 0906  
                              l3399 11EA                                l2793 0F2A  
                              l2785 0EF0                                l2777 0EA4  
                              l2769 0E6E                                l2697 23BC  
                              l2689 23A0                                l2961 0CF4  
                              l2953 0CBC                                l2945 0C70  
                              l2929 0BA4                                l2873 099A  
                              l2865 0968                                l2857 093E  
                              l2849 0908                                l2795 0F30  
                              l2787 0EF2                                l2779 0EB8  
                              l2971 14A4                                l2699 23C4  
                              l2963 0CF6                                l2955 0CCC  
                              l2939 0C2C                                l2947 0C74  
                              l2891 0A1C                                l2883 09E4  
                              l2875 09A0                                l2867 096A  
                              l2859 094E                                l2797 0F3A  
                              l2789 0F02                                l2973 14B4  
                              l2957 0CD6                                l2965 0CFC  
                              l2949 0C8E                                l2893 0A34  
                              l2885 09F0                                l2877 09C0  
                              l2869 097A                                l2799 0F48  
                              l2991 157A                                l2983 1532  
                              l2975 14C2                                l2967 0D00  
                              l2959 0CE6                                l2895 0A40  
                              l2887 09FA                                l2879 09D0  
                              l2993 1586                                l2985 153A  
                              l2977 1508                                l2897 0A4C  
                              l2889 0A10                                l2995 15C2  
                              l2987 1546                                l2979 151E  
                              l2899 0A5A                                l2997 15CE  
                              l2989 1578                        ?_control_luz 000D  
                              l2999 15DC                                STR_1 08C9  
                              STR_2 08DA                                STR_3 08D3  
                              STR_4 08E1                                STR_5 08E6  
                              u2000 0DF0                                u2001 0DEC  
                              u2010 0E30                                u2011 0E2C  
                              u2100 0FA6                                u2020 0EA4  
                              u2101 0FA2                                u2021 0EA0  
                              u2110 0FBC                                u2030 0EC6  
                              u2111 0FB8                                u2031 0EC2  
                       ?_OLED_Clear 0001                                u2120 0FD0  
                              u2040 0EF0                                u2200 0968  
                              u1400 1C1C                                u2121 0FCC  
                              u2041 0EEC                                u2201 0964  
                              u1401 1C18                                u2130 0FEA  
                              u2050 0F14                                u2210 097A  
                              u1410 1C42                                u2131 0FE6  
                              u2051 0F10                                u2211 0976  
                              u1411 1C3E                                u2140 1032  
                              u2060 0F2A                                u2300 0C18  
                              u2220 098A                                u1420 1C64  
                              u1500 1D48                                u2141 102E  
                              u2061 0F26                                u2301 0C14  
                              u2221 0986                                u1421 1C60  
                              u1501 1D44                                u2150 1062  
                              u2070 0F48                                u2310 0C2C  
                              u2230 09C0                                u1430 1C7E  
                              u1510 1D7A                                u3007 2558  
                              u2151 105E                                u2071 0F44  
                              u2311 0C28                                u2231 09BC  
                              u1431 1C7A                                u1511 1D76  
                              u2160 108C                                u2080 0F68  
                              u2400 15BE                                u2320 0C46  
                              u2240 09D0                                u1360 1BA4  
                              u1440 1C98                                u1520 245C  
                              _LATD 0F8C                                u3017 2562  
                              u2161 1088                                u2081 0F64  
                              u2401 15BA                                u2321 0C42  
                              u2241 09CC                                u1361 1BA0  
                              u1441 1C94                                u1521 2458  
                              u2090 0F78                                u2410 15DC  
                              u1610 19F6                                u1530 22D8  
                              u2330 0C8E                                u2250 0B4A  
                              u2170 0906                                u1370 1BBE  
                              u1450 1CB6                                u3027 24B8  
                              u2091 0F74                                u2411 15D8  
                              u1611 19F2                                u1531 22D4  
                              u2331 0C8A                                u2171 0902  
                              u1371 1BBA                                u1451 1CB2  
                              u1540 2136                                u2420 15EC  
                              u2500 2256                                u1620 1A34  
                              u2340 0CBC                                u2260 0BA4  
                              u2180 0918                                u1380 1BE2  
                              u1460 1CCC                                u1700 1366  
                              u3037 24C2                                u1541 212E  
                              u2421 15E8                                u1621 1A30  
                              u2341 0CB8                                u2261 0BA0  
                              u2181 0914                                u1381 1BDE  
                              u1461 1CC8                                u2430 15FA  
                              u2510 2266                                u1630 1A52  
                              u2350 0CF4                                u2270 0BC4  
                              u2190 0928                                u1390 1C00  
                              u1470 1CF0                                u1710 13C2  
                              u3047 24CC                                u2431 15F6  
                              u2511 2262                                u1631 1A4E  
                              u2351 0CF0                                u2271 0BC0  
                              u2255 0B40                                u2191 0924  
                              u1391 1BFC                                u1471 1CEC  
                              u1711 13BE                                u1560 2176  
                              u1608 1FE8                                u2440 1634  
                              u2360 14B4                                u2600 21B4  
                              u1640 1A72                                u2520 1DBE  
                              u1800 16EA                                u2280 0BD4  
                              u1480 1D12                                u1720 13D2  
                              u3057 24D6                                u1561 2172  
                              u2441 1630                                u2361 14B0  
                              u2601 21B0                                u1641 1A6E  
                              u2521 1DBA                                u1801 16E6  
                              u2281 0BD0                                u1481 1D0E  
                              u1721 13CE                                u1570 1FB2  
                              u2450 1642                                u2370 14C2  
                              u2610 21D4                                u1650 1AC2  
                              u2530 1DF0                                u1810 171A  
                              u2290 0C02                                u1490 1D22  
                              u1730 13E2                                u1571 1FAE  
                              u2451 163E                                u2371 14BE  
                              u2507 224C                                u2611 21D0  
                              u1651 1ABE                                u2531 1DEC  
                              u1811 1716                                u2291 0BFE  
                              u1491 1D1E                                u1731 13DE  
                              u1580 1FD0                                u2380 151E  
                              u1900 1838                                u2700 19A6  
                              u2620 21FC                                u2540 1E0E  
                              u1820 1740                                u1740 13F2  
                              u1660 12D6                                u2460 2446  
                              u1581 1FCC                                u2381 151A  
                              u1901 1834                                u2701 19A2  
                              u2621 21F8                                u2541 1E0A  
                              u1821 173C                                u1741 13EE  
                              u1661 12D2                                u2461 2442  
                              u1558 2138                                u1590 1FE6  
                              u2390 1574                                u2470 22A8  
                              u2630 234C                                u1910 1854  
                              u2550 1E40                                u1830 176A  
                              u1750 1432                                u1670 1312  
                              u1591 1FDE                                u2391 1570  
                              u2471 22A4                                u2631 2348  
                              u1911 1850                                u2551 1E3C  
                              u1831 1766                                u1751 142E  
                              u1671 130E                                u2480 22BE  
                              u1920 1870                                u2640 18D8  
                              u2560 1E5C                                u1840 1790  
                              u1760 1458                                u1680 132E  
                              u2481 22BA                                u1921 186C  
                              u2641 18D4                                u2561 1E58  
                              u1841 178C                                u1761 1454  
                              u1681 132A                                u1930 18B6  
                              u1850 17BC                                u2490 222E  
                              u2650 190C                                u2570 1E8E  
                              u1770 237C                                u1690 1364  
                              u1931 18B2                                u1851 17B8  
                              u2571 1E8A                                u1771 2378  
                              u1691 135E                                u1940 0D2C  
                              u1860 17D6                                u2660 193A  
                              u2580 1EAC                                u1780 1672  
                              u1941 0D28                                u1861 17D2  
                              u2661 1936                                u2581 1EA8  
                              u1781 166E                                u2717 10AE  
                              u1950 0D3E                                u1870 17E6  
                              u2670 194E                                u2590 1EDE  
                              u1790 16AE                                u1951 0D3A  
                              u2807 2030                                u1871 17E2  
                              u2671 194A                                u2655 1902  
                              u2591 1EDA                                u1791 16AA  
                              u2727 10FA                                u1960 0D4E  
                              u1880 1806                                u2680 1976  
                              u1961 0D4A                                u2817 23AC  
                              u1881 1802                                u2497 2224  
                              u2681 1972                                u2737 12A0  
                              u1970 0D90                                u1890 1816  
                              u2690 1996                                u2907 2000  
                              u1971 0D8C                                u2827 23CA  
                              u1891 1812                                u2691 1992  
                              u2747 2366                                u1980 0DA2  
                              u2917 200C                                u1981 0D9E  
                              u2837 23DE                                u2757 25D2  
                              u1990 0DB2                                u2927 24F8  
                              u1991 0DAE                                u2847 2406  
                              u2767 21DA                                u2937 214A  
                              u2857 1F06                                u2777 21E4  
                              u2947 2154                                u2867 1F94  
                              u2787 1AD6                                u2957 215E  
                              u2877 1F9E                                u2797 1B84  
                              u2967 217A                                u2887 1FB8  
                              u2977 2184                                u2897 1FF6  
                              u2987 2190                                u2997 254E  
                       main@humedad 0092                                abs@a 0007  
                              _dbuf 0060                                _main 10A0  
                              _prec 004F                    __end_of_I2C_Init 2618  
                  __end_of_I2C_Read 2016                                fsr1h 0FE2  
                              fsr2h 0FDA                                indf1 0FE7  
                              indf2 0FDF                                fsr1l 0FE1  
                              fsr2l 0FD9                    __end_of_I2C_Stop 256A  
               _control_temperatura 1DAC                                prodh 0FF4  
                              prodl 0FF3                                start 7FFC  
                   ___fldiv@new_exp 0039                 OLED_WriteString@str 0009  
                      ___param_bank 0000                    ??_OLED_WriteChar 0004  
                             ??_abs 0009                       ?_control_aire 0001  
                     ___fltol@sign1 0009                               ?_main 0001  
                   __end_of___fldiv 10A0                     __end_of___awdiv 1C54  
                   __end_of___awmod 1D02                     __end_of___flmul 0D12  
                   __end_of___fltol 19C8                     ___awdiv@divisor 0003  
                             _T2CON 0FCA                ?_control_temperatura 000D  
                   ___awdiv@counter 0005                        vfpfcnvrt@fmt 000C  
                             _TRISA 0F92                               _TRISB 0F93  
                             _TRISC 0F94                               _TRISD 0F95  
                   __end_of_font5x7 08C9                               _flags 0059  
                             _fputc 1D02                               _setup 25EE  
                             _width 004D                               _putch 2618  
                 __end_of_I2C_Start 24DE                   __end_of_I2C_Write 2198  
                             tablat 0FF5                               status 0FD8  
                   __end_of_sprintf 24B2                    _leer_temperatura 209C  
                   __initialization 2504                        __end_of_main 12B4  
                    ??_control_aire 0003  actualizar_ventilador@duty_objetivo 0014  
                 BH1750_ReadLux@lsb 004A                   BH1750_ReadLux@msb 0049  
                 BH1750_ReadLux@raw 0047                              ??_main 004B  
             ??_control_temperatura 0011                       __activetblptr 0002  
     __end_of_actualizar_ventilador 17A2                           I2C_Read@i 0004  
                            _ADCON0 0FC2                              _ADCON1 0FC1  
                            _ADCON2 0FC0                              ?_fputc 0001  
                            _ADRESH 0FC4                              _ADRESL 0FC3  
                            _CCPR1L 0FBE                    ___awdiv@dividend 0001  
                            ?_setup 0001                              ?_putch 0001  
                    _BH1750_ReadLux 1EE8                   __end_of_OLED_Init 1B94  
                            _OSCCON 0FD3                       vfpfcnvrt@done 000F  
                     ?_OLED_Command 0001                    __end_of___xxtofl 1656  
                     ??_BH1750_Init 0004                        vfprintf@cfmt 0019  
                            ___flge 19C8                           ??___fldiv 0030  
                         ??___awdiv 0005                    __end_of_leer_adc 2394  
                         ??___awmod 0005                           ??___flmul 0017  
                         ??___fltol 0005                    __end_of_init_ADC 25DA  
                  __end_of_init_PWM 260C                         OLED_Clear@i 0005  
                            clear_0 250A                              clear_1 2516  
                  ___awdiv@quotient 0007                     ___awmod@divisor 0003  
                            isa$std 0001                     ___awmod@counter 0005  
                            fputc@c 0001                           ?_I2C_Init 0001  
                         ?_I2C_Read 0001                           ?_I2C_Stop 0001  
                      __mediumconst 0800                              tblptrh 0FF7  
                            tblptrl 0FF6                              tblptru 0FF8  
            __end_of_BH1750_ReadLux 1F86                              putch@c 0001  
                  __end_of_vfprintf 244E                           ??_sprintf 001E  
                        ___flge@ff1 0001                          ___flge@ff2 0005  
                    ??_OLED_Command 0004                        ___xxtofl@arg 000B  
                      ___xxtofl@exp 000A                        ___xxtofl@val 0001  
                        __accesstop 0060             __end_of__initialization 251C  
                     ___rparam_used 0001          __end_of_control_ventilador 2588  
               _BME280_ReadHumidity 2016                          ___fltol@f1 0001  
                    __pcstackCOMRAM 0001                       __end_of_fputc 1DAC  
                     __end_of_setup 25FE                 __end_of_BH1750_Init 2504  
                     __end_of_putch 261A              actualizar_ventilador@H 000F  
              ?_BME280_ReadHumidity 0041                          ??_I2C_Init 0001  
                        ??_I2C_Read 0001                          ??_I2C_Stop 0001  
                 ?_OLED_WriteString 0009                     ?_BH1750_ReadLux 0041  
                     ?_set_PWM_duty 0001                             ??_fputc 0004  
                           ??_setup 0001                             ??_putch 0001  
                      ??_OLED_Clear 0005                  ??_OLED_WriteString 000B  
                        __pbssBANK0 0060                       ??_BME280_Init 0006  
                     ??_BME280_Read 0005                __end_of_control_aire 220A  
                      I2C_Read@data 0003                             ?___flge 0001  
  actualizar_ventilador@duty_actual 0051                 leer_temperatura@adc 0045  
                           _CCP1CON 0FBD                          I2C_Write@i 0003  
                __end_of_OLED_Clear 22C0               ??_BME280_ReadHumidity 0045  
                  BME280_Write@data 0004                           ?___xxtofl 0001  
          __end_of_leer_temperatura 2120                      ??_set_PWM_duty 0003  
                         ?_leer_adc 0001                           ?_init_ADC 0001  
                         ?_init_PWM 0001                           _I2C_Start 24B2  
                         _I2C_Write 2120                             __Hparam 0000  
                       _BH1750_Init 24DE                             __Lparam 0000  
               __end_of_BME280_Init 2412                 __end_of_BME280_Read 23D4  
                           ___fldiv 0D12                             ___awdiv 1B94  
                           ___awmod 1C54                             ___flmul 08EC  
                           ___fltol 18C2                  OLED_SetCursor@page 0005  
                         ?_vfprintf 0016                        __psmallconst 0800  
                 __end_of_leer_aire 25EE                             __pcinit 2504  
                           __ramtop 0800                __end_of_OLED_Command 25A6  
                           __ptext0 10A0                             __ptext1 2482  
                           __ptext2 2412                             __ptext3 12B4  
                           __ptext4 1D02                             __ptext5 2618  
                           __ptext6 244E                             __ptext7 1C54  
                           __ptext8 1B94                             __ptext9 25EE  
                           _font5x7 0801              BME280_ReadHumidity@lsb 004A  
            BME280_ReadHumidity@msb 0049              BME280_ReadHumidity@raw 0047  
                        ??___xxtofl 0005                    ___awmod@dividend 0001  
                     leer_adc@canal 0001                     OLED_ClearLine@i 0006  
                           _sprintf 2482                             main@lux 0096  
              end_of_initialization 251C                          ??_leer_adc 0003  
                        ??_init_ADC 0001                          ??_init_PWM 0001  
                           fputc@fp 0003                       __Lmediumconst 0000  
                         _OLED_Init 1ACC                          ?_I2C_Start 0001  
                        ?_I2C_Write 0001                   __end_of_vfpfcnvrt 14A2  
                           postdec2 0FDD                             postinc0 0FEE  
                           postinc1 0FE6                             postinc2 0FDE  
       __end_of_control_temperatura 1E4A                    vfpfcnvrt@convarg 0011  
                        ??_vfprintf 0019                       control_aire@i 0003  
                         _PORTBbits 0F81                 control_ventilador@H 0018  
                     ___xxtofl@sign 0009                           _TRISBbits 0F93  
                         _TRISCbits 0F94    control_temperatura@calentador_on 0055  
             _actualizar_ventilador 1656                         ___fldiv@grs 003B  
                       ___fldiv@rem 0034                     OLED_Command@cmd 0004  
                       _BME280_Init 23D4                         _BME280_Read 2394  
                       ___flmul@grs 001C                         _CCP1CONbits 0FBD  
                        main@buffer 0080                          ?_OLED_Init 0001  
              __end_of_set_PWM_duty 230C                      __end_of___flge 1ACC  
                       vfpfcnvrt@ap 000D                         vfpfcnvrt@cp 0010  
                       vfpfcnvrt@fp 000B                  _control_ventilador 256A  
                      _control_aire 2198                    ??_BH1750_ReadLux 0045  
               start_initialization 2504                 ?_control_ventilador 0016  
                       __end_of_abs 2482                       ?_BME280_Write 0004  
                     ??_control_luz 0011                      _OLED_ClearLine 230C  
                       ??_I2C_Start 0001                         ??_I2C_Write 0001  
              ??_control_ventilador 001C                         vfprintf@fmt 0017  
                          ??___flge 0009                     BME280_Read@data 0006  
                         ___fldiv@a 002C                           ___fldiv@b 0028  
                         ___flmul@a 0013                           ___flmul@b 000F  
                       __pbssCOMRAM 004D              ?_actualizar_ventilador 000D  
                     __pcstackBANK0 0080                      ??_BME280_Write 0005  
                 ?_leer_temperatura 0041                  ??_leer_temperatura 0045  
            __end_of_OLED_ClearLine 2352                      _OLED_SetCursor 2526  
                      _OLED_Command 2588                         ??_OLED_Init 0005  
               __end_of_control_luz 1EE8                        ?_BH1750_Init 0001  
                       I2C_Read@ack 0002                            ?___fldiv 0028  
                          ?___awdiv 0001         __end_of_BME280_ReadHumidity 209C  
                          ?___awmod 0001                            ?___flmul 000F  
                          ?___fltol 0001                     BME280_Write@reg 0005  
                       __smallconst 0800                            _I2C_Init 260C  
                         _leer_aire 25DA                            _I2C_Read 1F86  
                          _I2C_Stop 2548                      _OLED_WriteChar 17A2  
                 OLED_SetCursor@col 0006                            ?_sprintf 001A  
            __end_of_OLED_SetCursor 2548                     ?_OLED_ClearLine 0001  
                    OLED_Clear@page 0006                            _LATBbits 0F8A  
                          _LATDbits 0F8C                            _GO_nDONE 7E11  
                         _vfpfcnvrt 12B4                          _ADCON0bits 0FC2  
            __end_of_OLED_WriteChar 18C2                          ?_leer_aire 0005  
                        vfpfcnvrt@c 0015                         _INTCON2bits 0FF1  
                      _set_PWM_duty 22C0                     ?_OLED_SetCursor 0005  
                       _control_luz 1E4A                        ?_BME280_Init 0001  
                      ?_BME280_Read 0001                            __Hrparam 0000  
                  _OLED_WriteString 220A                          vfprintf@ap 0018  
                          __Lrparam 0000                          vfprintf@fp 0016  
              __end_of_BME280_Write 25C4                control_temperatura@T 000D  
                    BME280_Read@reg 0005                       I2C_Write@data 0002  
                        ?_vfpfcnvrt 000B                     ?_OLED_WriteChar 0001  
                 control_luz@led_on 0053                          sprintf@fmt 001B  
                          ___xxtofl 14A2                 OLED_WriteChar@index 0005  
                          __ptext10 209C                            __ptext11 08EC  
                          __ptext20 1E4A                            __ptext12 25DA  
                          __ptext21 19C8                            __ptext13 2352  
                          __ptext30 2588                            __ptext22 2198  
                          __ptext14 25FE                            __ptext31 260C  
                          __ptext23 18C2                            __ptext15 25C4  
                          __ptext40 24DE                            __ptext32 2016  
                          __ptext24 220A                            __ptext16 256A  
                          __ptext41 2120                            __ptext33 2394  
                          __ptext25 17A2                            __ptext17 1656  
                          __ptext42 2548                            __ptext34 23D4  
                          __ptext26 2526                            __ptext18 22C0  
                          __ptext43 24B2                            __ptext35 25A6  
                          __ptext27 1ACC                            __ptext19 1DAC  
                          __ptext36 1EE8                            __ptext28 230C  
                          __ptext37 14A2                            __ptext29 2268  
                          __ptext38 0D12                            __ptext39 1F86  
                  control_aire@aire 0001                            _leer_adc 2352  
                          _init_ADC 25C4                            _init_PWM 25FE  
                   OLED_WriteChar@c 0008                     OLED_WriteChar@i 0007  
                          isa$xinst 0000                            _vfprintf 2412  
                          main@aire 009A                            main@temp 008E  
           ??_actualizar_ventilador 0013           actualizar_ventilador@aire 000D  
                       ??_leer_aire 0007                          _OLED_Clear 2268  
                         sprintf@ap 001E              control_ventilador@aire 0016  
                       ??_vfpfcnvrt 000E                    set_PWM_duty@duty 0001  
                          sprintf@f 001F                            sprintf@s 001A  
                  ??_OLED_ClearLine 0005                      control_luz@lux 000D  
